<?xml version="1.0" encoding="US-ASCII"?>
<!-- Generated by Fujitsu Interstage XWand B0166 -->
<linkbase xmlns="http://www.xbrl.org/2003/linkbase" xmlns:xsi="http://www.w3.org/2001/XMLSchema-instance" xmlns:xlink="http://www.w3.org/1999/xlink" xmlns:xbrli="http://www.xbrl.org/2003/instance">
  <roleRef roleURI="http://www.icai.org/xbrl/taxonomy/in-ca/role/DisclosuresAuditorsReport" xlink:type="simple" xlink:href="../in-ca-roles-2012-03-31.xsd#in-ca-rol-400200"/>
  <presentationLink xlink:type="extended" xlink:role="http://www.icai.org/xbrl/taxonomy/in-ca/role/DisclosuresAuditorsReport">
    <loc xlink:type="locator" xlink:href="../in-ca-2012-03-31.xsd#in-ca_DisclosureInAuditorsReportExplanatoryTextBlock" xlink:label="DisclosureInAuditorsReportExplanatoryTextBlock"/>
    <loc xlink:type="locator" xlink:href="../in-ca-2012-03-31.xsd#in-ca_WhetherAuditorsReportHasBeenQualifiedOrHasAnyReservationsOrContainsAdverseRemarks" xlink:label="WhetherAuditorsReportHasBeenQualifiedOrHasAnyReservationsOrContainsAdverseRemarks"/>
    <presentationArc xlink:type="arc" xlink:arcrole="http://www.xbrl.org/2003/arcrole/parent-child" xlink:from="DisclosureInAuditorsReportExplanatoryTextBlock" xlink:to="WhetherAuditorsReportHasBeenQualifiedOrHasAnyReservationsOrContainsAdverseRemarks" priority="0" order="1.0"/>
    <loc xlink:type="locator" xlink:href="../in-ca-2012-03-31.xsd#in-ca_AuditorsQualificationsReservationsOrAdverseRemarksInAuditorsReport" xlink:label="AuditorsQualificationsReservationsOrAdverseRemarksInAuditorsReport"/>
    <presentationArc xlink:type="arc" xlink:arcrole="http://www.xbrl.org/2003/arcrole/parent-child" xlink:from="DisclosureInAuditorsReportExplanatoryTextBlock" xlink:to="AuditorsQualificationsReservationsOrAdverseRemarksInAuditorsReport" priority="0" order="2.0"/>
    <loc xlink:type="locator" xlink:href="../in-ca-2012-03-31.xsd#in-ca_DisclosureOfAuditorsQualificationsReservationsOrAdverseRemarksInAuditorsReportAbstract" xlink:label="DisclosureOfAuditorsQualificationsReservationsOrAdverseRemarksInAuditorsReportAbstract"/>
    <presentationArc xlink:type="arc" xlink:arcrole="http://www.xbrl.org/2003/arcrole/parent-child" xlink:from="DisclosureInAuditorsReportExplanatoryTextBlock" xlink:to="DisclosureOfAuditorsQualificationsReservationsOrAdverseRemarksInAuditorsReportAbstract" priority="0" order="3.0"/>
    <loc xlink:type="locator" xlink:href="../in-ca-2012-03-31.xsd#in-ca_DisclosureOfAuditorsQualificationsReservationsOrAdverseRemarksInAuditorsReportTable" xlink:label="DisclosureOfAuditorsQualificationsReservationsOrAdverseRemarksInAuditorsReportTable"/>
    <presentationArc xlink:type="arc" xlink:arcrole="http://www.xbrl.org/2003/arcrole/parent-child" xlink:from="DisclosureOfAuditorsQualificationsReservationsOrAdverseRemarksInAuditorsReportAbstract" xlink:to="DisclosureOfAuditorsQualificationsReservationsOrAdverseRemarksInAuditorsReportTable" priority="0" order="1.0"/>
    <loc xlink:type="locator" xlink:href="../in-ca-2012-03-31.xsd#in-ca_AuditorsQualificationsReservationsOrAdverseRemarksInAuditorsReportAxis" xlink:label="AuditorsQualificationsReservationsOrAdverseRemarksInAuditorsReportAxis"/>
    <presentationArc xlink:type="arc" xlink:arcrole="http://www.xbrl.org/2003/arcrole/parent-child" xlink:from="DisclosureOfAuditorsQualificationsReservationsOrAdverseRemarksInAuditorsReportTable" xlink:to="AuditorsQualificationsReservationsOrAdverseRemarksInAuditorsReportAxis" priority="0" order="1.0"/>
    <loc xlink:type="locator" xlink:href="../in-ca-2012-03-31.xsd#in-ca_AuditorsOpinionMember" xlink:label="AuditorsOpinionMember"/>
    <presentationArc xlink:type="arc" xlink:arcrole="http://www.xbrl.org/2003/arcrole/parent-child" xlink:from="AuditorsQualificationsReservationsOrAdverseRemarksInAuditorsReportAxis" xlink:to="AuditorsOpinionMember" priority="0" order="1.0"/>
    <loc xlink:type="locator" xlink:href="../in-ca-2012-03-31.xsd#in-ca_AuditorsUnqualifiedOpinionMember" xlink:label="AuditorsUnqualifiedOpinionMember"/>
    <presentationArc xlink:type="arc" xlink:arcrole="http://www.xbrl.org/2003/arcrole/parent-child" xlink:from="AuditorsOpinionMember" xlink:to="AuditorsUnqualifiedOpinionMember" priority="0" order="1.0"/>
    <loc xlink:type="locator" xlink:href="../in-ca-2012-03-31.xsd#in-ca_AuditorsQualificationsReservationsOrAdverseRemarksMember" xlink:label="AuditorsQualificationsReservationsOrAdverseRemarksMember"/>
    <presentationArc xlink:type="arc" xlink:arcrole="http://www.xbrl.org/2003/arcrole/parent-child" xlink:from="AuditorsOpinionMember" xlink:to="AuditorsQualificationsReservationsOrAdverseRemarksMember" priority="0" order="2.0"/>
    <loc xlink:type="locator" xlink:href="../in-ca-2012-03-31.xsd#in-ca_AuditorsQualificationsMember" xlink:label="AuditorsQualificationsMember"/>
    <presentationArc xlink:type="arc" xlink:arcrole="http://www.xbrl.org/2003/arcrole/parent-child" xlink:from="AuditorsQualificationsReservationsOrAdverseRemarksMember" xlink:to="AuditorsQualificationsMember" priority="0" order="1.0"/>
    <loc xlink:type="locator" xlink:href="../in-ca-2012-03-31.xsd#in-ca_AuditorsReservationsMember" xlink:label="AuditorsReservationsMember"/>
    <presentationArc xlink:type="arc" xlink:arcrole="http://www.xbrl.org/2003/arcrole/parent-child" xlink:from="AuditorsQualificationsReservationsOrAdverseRemarksMember" xlink:to="AuditorsReservationsMember" priority="0" order="2.0"/>
    <loc xlink:type="locator" xlink:href="../in-ca-2012-03-31.xsd#in-ca_AuditorsAdverseRemarksMember" xlink:label="AuditorsAdverseRemarksMember"/>
    <presentationArc xlink:type="arc" xlink:arcrole="http://www.xbrl.org/2003/arcrole/parent-child" xlink:from="AuditorsQualificationsReservationsOrAdverseRemarksMember" xlink:to="AuditorsAdverseRemarksMember" priority="0" order="3.0"/>
    <loc xlink:type="locator" xlink:href="../in-ca-2012-03-31.xsd#in-ca_DisclosureOfAuditorsQualificationsReservationsOrAdverseRemarksInAuditorsReportLineItems" xlink:label="DisclosureOfAuditorsQualificationsReservationsOrAdverseRemarksInAuditorsReportLineItems"/>
    <presentationArc xlink:type="arc" xlink:arcrole="http://www.xbrl.org/2003/arcrole/parent-child" xlink:from="DisclosureOfAuditorsQualificationsReservationsOrAdverseRemarksInAuditorsReportAbstract" xlink:to="DisclosureOfAuditorsQualificationsReservationsOrAdverseRemarksInAuditorsReportLineItems" priority="0" order="2.0"/>
    <loc xlink:type="locator" xlink:href="../in-ca-2012-03-31.xsd#in-ca_DisclosureInAuditorsReportRelatingToFixedAssets" xlink:label="DisclosureInAuditorsReportRelatingToFixedAssets"/>
    <presentationArc xlink:type="arc" xlink:arcrole="http://www.xbrl.org/2003/arcrole/parent-child" xlink:from="DisclosureOfAuditorsQualificationsReservationsOrAdverseRemarksInAuditorsReportLineItems" xlink:to="DisclosureInAuditorsReportRelatingToFixedAssets" priority="0" order="1.0"/>
    <loc xlink:type="locator" xlink:href="../in-ca-2012-03-31.xsd#in-ca_DisclosureRelatingToQuantitativeDetailsOfFixedAssets" xlink:label="DisclosureRelatingToQuantitativeDetailsOfFixedAssets"/>
    <presentationArc xlink:type="arc" xlink:arcrole="http://www.xbrl.org/2003/arcrole/parent-child" xlink:from="DisclosureInAuditorsReportRelatingToFixedAssets" xlink:to="DisclosureRelatingToQuantitativeDetailsOfFixedAssets" priority="0" order="1.0"/>
    <loc xlink:type="locator" xlink:href="../in-ca-2012-03-31.xsd#in-ca_DisclosureRelatingToPhysicalVerificationAndMaterialDiscrepanciesOfFixedAssets" xlink:label="DisclosureRelatingToPhysicalVerificationAndMaterialDiscrepanciesOfFixedAssets"/>
    <presentationArc xlink:type="arc" xlink:arcrole="http://www.xbrl.org/2003/arcrole/parent-child" xlink:from="DisclosureInAuditorsReportRelatingToFixedAssets" xlink:to="DisclosureRelatingToPhysicalVerificationAndMaterialDiscrepanciesOfFixedAssets" priority="0" order="2.0"/>
    <loc xlink:type="locator" xlink:href="../in-ca-2012-03-31.xsd#in-ca_DisclosureRelatingToFixedAssetsDisposedOff" xlink:label="DisclosureRelatingToFixedAssetsDisposedOff"/>
    <presentationArc xlink:type="arc" xlink:arcrole="http://www.xbrl.org/2003/arcrole/parent-child" xlink:from="DisclosureInAuditorsReportRelatingToFixedAssets" xlink:to="DisclosureRelatingToFixedAssetsDisposedOff" priority="0" order="3.0"/>
    <loc xlink:type="locator" xlink:href="../in-ca-2012-03-31.xsd#in-ca_DisclosureInAuditorsReportRelatingToInventories" xlink:label="DisclosureInAuditorsReportRelatingToInventories"/>
    <presentationArc xlink:type="arc" xlink:arcrole="http://www.xbrl.org/2003/arcrole/parent-child" xlink:from="DisclosureOfAuditorsQualificationsReservationsOrAdverseRemarksInAuditorsReportLineItems" xlink:to="DisclosureInAuditorsReportRelatingToInventories" priority="0" order="2.0"/>
    <loc xlink:type="locator" xlink:href="../in-ca-2012-03-31.xsd#in-ca_DisclosureOfPhysicalVerificationOfInventoriesAtFixedIntervals" xlink:label="DisclosureOfPhysicalVerificationOfInventoriesAtFixedIntervals"/>
    <presentationArc xlink:type="arc" xlink:arcrole="http://www.xbrl.org/2003/arcrole/parent-child" xlink:from="DisclosureInAuditorsReportRelatingToInventories" xlink:to="DisclosureOfPhysicalVerificationOfInventoriesAtFixedIntervals" priority="0" order="1.0"/>
    <loc xlink:type="locator" xlink:href="../in-ca-2012-03-31.xsd#in-ca_DisclosureOfProcedureFollowedForPhysicalVerificationOfInventories" xlink:label="DisclosureOfProcedureFollowedForPhysicalVerificationOfInventories"/>
    <presentationArc xlink:type="arc" xlink:arcrole="http://www.xbrl.org/2003/arcrole/parent-child" xlink:from="DisclosureInAuditorsReportRelatingToInventories" xlink:to="DisclosureOfProcedureFollowedForPhysicalVerificationOfInventories" priority="0" order="2.0"/>
    <loc xlink:type="locator" xlink:href="../in-ca-2012-03-31.xsd#in-ca_DisclosureAboutMaintenanceOfInventoryRecordsAndMaterialDiscrepancies" xlink:label="DisclosureAboutMaintenanceOfInventoryRecordsAndMaterialDiscrepancies"/>
    <presentationArc xlink:type="arc" xlink:arcrole="http://www.xbrl.org/2003/arcrole/parent-child" xlink:from="DisclosureInAuditorsReportRelatingToInventories" xlink:to="DisclosureAboutMaintenanceOfInventoryRecordsAndMaterialDiscrepancies" priority="0" order="3.0"/>
    <loc xlink:type="locator" xlink:href="../in-ca-2012-03-31.xsd#in-ca_DisclosureInAuditorsReportRelatingToLoans" xlink:label="DisclosureInAuditorsReportRelatingToLoans"/>
    <presentationArc xlink:type="arc" xlink:arcrole="http://www.xbrl.org/2003/arcrole/parent-child" xlink:from="DisclosureOfAuditorsQualificationsReservationsOrAdverseRemarksInAuditorsReportLineItems" xlink:to="DisclosureInAuditorsReportRelatingToLoans" priority="0" order="3.0"/>
    <loc xlink:type="locator" xlink:href="../in-ca-2012-03-31.xsd#in-ca_DisclosureAboutLoansGrantedOrTakenByPartiesCoveredUnderSection301OfCompaniesAct" xlink:label="DisclosureAboutLoansGrantedOrTakenByPartiesCoveredUnderSection301OfCompaniesAct"/>
    <presentationArc xlink:type="arc" xlink:arcrole="http://www.xbrl.org/2003/arcrole/parent-child" xlink:from="DisclosureInAuditorsReportRelatingToLoans" xlink:to="DisclosureAboutLoansGrantedOrTakenByPartiesCoveredUnderSection301OfCompaniesAct" priority="0" order="1.0"/>
    <loc xlink:type="locator" xlink:href="../in-ca-2012-03-31.xsd#in-ca_DisclosureRegardingTermsAndConditionsOfLoansGrantedOrTaken" xlink:label="DisclosureRegardingTermsAndConditionsOfLoansGrantedOrTaken"/>
    <presentationArc xlink:type="arc" xlink:arcrole="http://www.xbrl.org/2003/arcrole/parent-child" xlink:from="DisclosureInAuditorsReportRelatingToLoans" xlink:to="DisclosureRegardingTermsAndConditionsOfLoansGrantedOrTaken" priority="0" order="2.0"/>
    <loc xlink:type="locator" xlink:href="../in-ca-2012-03-31.xsd#in-ca_DisclosureRegardingTermsOfPaymentOfLoansGrantedOrTaken" xlink:label="DisclosureRegardingTermsOfPaymentOfLoansGrantedOrTaken"/>
    <presentationArc xlink:type="arc" xlink:arcrole="http://www.xbrl.org/2003/arcrole/parent-child" xlink:from="DisclosureInAuditorsReportRelatingToLoans" xlink:to="DisclosureRegardingTermsOfPaymentOfLoansGrantedOrTaken" priority="0" order="3.0"/>
    <loc xlink:type="locator" xlink:href="../in-ca-2012-03-31.xsd#in-ca_DisclosureRegardingTermsOfRecoveryOfLoansGrantedOrTaken" xlink:label="DisclosureRegardingTermsOfRecoveryOfLoansGrantedOrTaken"/>
    <presentationArc xlink:type="arc" xlink:arcrole="http://www.xbrl.org/2003/arcrole/parent-child" xlink:from="DisclosureInAuditorsReportRelatingToLoans" xlink:to="DisclosureRegardingTermsOfRecoveryOfLoansGrantedOrTaken" priority="0" order="4.0"/>
    <loc xlink:type="locator" xlink:href="../in-ca-2012-03-31.xsd#in-ca_DisclosureInAuditorsReportRelatingToInternalControlSystem" xlink:label="DisclosureInAuditorsReportRelatingToInternalControlSystem"/>
    <presentationArc xlink:type="arc" xlink:arcrole="http://www.xbrl.org/2003/arcrole/parent-child" xlink:from="DisclosureOfAuditorsQualificationsReservationsOrAdverseRemarksInAuditorsReportLineItems" xlink:to="DisclosureInAuditorsReportRelatingToInternalControlSystem" priority="0" order="4.0"/>
    <loc xlink:type="locator" xlink:href="../in-ca-2012-03-31.xsd#in-ca_DisclosureInAuditorsReportRelatingToContractsAndArrangementsUnderSection301OfCompaniesAct" xlink:label="DisclosureInAuditorsReportRelatingToContractsAndArrangementsUnderSection301OfCompaniesAct"/>
    <presentationArc xlink:type="arc" xlink:arcrole="http://www.xbrl.org/2003/arcrole/parent-child" xlink:from="DisclosureOfAuditorsQualificationsReservationsOrAdverseRemarksInAuditorsReportLineItems" xlink:to="DisclosureInAuditorsReportRelatingToContractsAndArrangementsUnderSection301OfCompaniesAct" priority="0" order="5.0"/>
    <loc xlink:type="locator" xlink:href="../in-ca-2012-03-31.xsd#in-ca_DisclosureRelatingToPresenceOfRegisterForNecessaryTransactions" xlink:label="DisclosureRelatingToPresenceOfRegisterForNecessaryTransactions"/>
    <presentationArc xlink:type="arc" xlink:arcrole="http://www.xbrl.org/2003/arcrole/parent-child" xlink:from="DisclosureOfAuditorsQualificationsReservationsOrAdverseRemarksInAuditorsReportLineItems" xlink:to="DisclosureRelatingToPresenceOfRegisterForNecessaryTransactions" priority="0" order="6.0"/>
    <loc xlink:type="locator" xlink:href="../in-ca-2012-03-31.xsd#in-ca_DisclosureRelatingToReasonabilityOfTransactions" xlink:label="DisclosureRelatingToReasonabilityOfTransactions"/>
    <presentationArc xlink:type="arc" xlink:arcrole="http://www.xbrl.org/2003/arcrole/parent-child" xlink:from="DisclosureOfAuditorsQualificationsReservationsOrAdverseRemarksInAuditorsReportLineItems" xlink:to="DisclosureRelatingToReasonabilityOfTransactions" priority="0" order="7.0"/>
    <loc xlink:type="locator" xlink:href="../in-ca-2012-03-31.xsd#in-ca_DisclosureInAuditorsReportRelatingToDepositsAcceptedFromPublic" xlink:label="DisclosureInAuditorsReportRelatingToDepositsAcceptedFromPublic"/>
    <presentationArc xlink:type="arc" xlink:arcrole="http://www.xbrl.org/2003/arcrole/parent-child" xlink:from="DisclosureOfAuditorsQualificationsReservationsOrAdverseRemarksInAuditorsReportLineItems" xlink:to="DisclosureInAuditorsReportRelatingToDepositsAcceptedFromPublic" priority="0" order="8.0"/>
    <loc xlink:type="locator" xlink:href="../in-ca-2012-03-31.xsd#in-ca_DisclosureInAuditorsReportRelatingToCompaniesInternalAuditSystem" xlink:label="DisclosureInAuditorsReportRelatingToCompaniesInternalAuditSystem"/>
    <presentationArc xlink:type="arc" xlink:arcrole="http://www.xbrl.org/2003/arcrole/parent-child" xlink:from="DisclosureOfAuditorsQualificationsReservationsOrAdverseRemarksInAuditorsReportLineItems" xlink:to="DisclosureInAuditorsReportRelatingToCompaniesInternalAuditSystem" priority="0" order="9.0"/>
    <loc xlink:type="locator" xlink:href="../in-ca-2012-03-31.xsd#in-ca_DisclosureInAuditorsReportRelatingToMaintenanceOfCostRecords" xlink:label="DisclosureInAuditorsReportRelatingToMaintenanceOfCostRecords"/>
    <presentationArc xlink:type="arc" xlink:arcrole="http://www.xbrl.org/2003/arcrole/parent-child" xlink:from="DisclosureOfAuditorsQualificationsReservationsOrAdverseRemarksInAuditorsReportLineItems" xlink:to="DisclosureInAuditorsReportRelatingToMaintenanceOfCostRecords" priority="0" order="10.0"/>
    <loc xlink:type="locator" xlink:href="../in-ca-2012-03-31.xsd#in-ca_DisclosureInAuditorsReportRelatingToStatutoryDues" xlink:label="DisclosureInAuditorsReportRelatingToStatutoryDues"/>
    <presentationArc xlink:type="arc" xlink:arcrole="http://www.xbrl.org/2003/arcrole/parent-child" xlink:from="DisclosureOfAuditorsQualificationsReservationsOrAdverseRemarksInAuditorsReportLineItems" xlink:to="DisclosureInAuditorsReportRelatingToStatutoryDues" priority="0" order="11.0"/>
    <loc xlink:type="locator" xlink:href="../in-ca-2012-03-31.xsd#in-ca_DisclosureRelatingToRegularityInPaymentOfUndisputedStatutoryDues" xlink:label="DisclosureRelatingToRegularityInPaymentOfUndisputedStatutoryDues"/>
    <presentationArc xlink:type="arc" xlink:arcrole="http://www.xbrl.org/2003/arcrole/parent-child" xlink:from="DisclosureInAuditorsReportRelatingToStatutoryDues" xlink:to="DisclosureRelatingToRegularityInPaymentOfUndisputedStatutoryDues" priority="0" order="1.0"/>
    <loc xlink:type="locator" xlink:href="../in-ca-2012-03-31.xsd#in-ca_DisclosureRelatingToDisputedStatutoryDues" xlink:label="DisclosureRelatingToDisputedStatutoryDues"/>
    <presentationArc xlink:type="arc" xlink:arcrole="http://www.xbrl.org/2003/arcrole/parent-child" xlink:from="DisclosureInAuditorsReportRelatingToStatutoryDues" xlink:to="DisclosureRelatingToDisputedStatutoryDues" priority="0" order="2.0"/>
    <loc xlink:type="locator" xlink:href="../in-ca-2012-03-31.xsd#in-ca_DisclosureInAuditorsReportRelatingToAccumulatedLosses" xlink:label="DisclosureInAuditorsReportRelatingToAccumulatedLosses"/>
    <presentationArc xlink:type="arc" xlink:arcrole="http://www.xbrl.org/2003/arcrole/parent-child" xlink:from="DisclosureOfAuditorsQualificationsReservationsOrAdverseRemarksInAuditorsReportLineItems" xlink:to="DisclosureInAuditorsReportRelatingToAccumulatedLosses" priority="0" order="12.0"/>
    <loc xlink:type="locator" xlink:href="../in-ca-2012-03-31.xsd#in-ca_DisclosureInAuditorsReportRelatingToDefaultInRepaymentOfFinancialDues" xlink:label="DisclosureInAuditorsReportRelatingToDefaultInRepaymentOfFinancialDues"/>
    <presentationArc xlink:type="arc" xlink:arcrole="http://www.xbrl.org/2003/arcrole/parent-child" xlink:from="DisclosureOfAuditorsQualificationsReservationsOrAdverseRemarksInAuditorsReportLineItems" xlink:to="DisclosureInAuditorsReportRelatingToDefaultInRepaymentOfFinancialDues" priority="0" order="13.0"/>
    <loc xlink:type="locator" xlink:href="../in-ca-2012-03-31.xsd#in-ca_DisclosureInAuditorsReportRelatingToLoansAndAdvancesGrantedByWayOfPledgeOfSharesDebenturesAndOtherSecurities" xlink:label="DisclosureInAuditorsReportRelatingToLoansAndAdvancesGrantedByWayOfPledgeOfSharesDebenturesAndOtherSecurities"/>
    <presentationArc xlink:type="arc" xlink:arcrole="http://www.xbrl.org/2003/arcrole/parent-child" xlink:from="DisclosureOfAuditorsQualificationsReservationsOrAdverseRemarksInAuditorsReportLineItems" xlink:to="DisclosureInAuditorsReportRelatingToLoansAndAdvancesGrantedByWayOfPledgeOfSharesDebenturesAndOtherSecurities" priority="0" order="14.0"/>
    <loc xlink:type="locator" xlink:href="../in-ca-2012-03-31.xsd#in-ca_DisclosureInAuditorsReportRelatingToProvisionsUnderSpecialStatute" xlink:label="DisclosureInAuditorsReportRelatingToProvisionsUnderSpecialStatute"/>
    <presentationArc xlink:type="arc" xlink:arcrole="http://www.xbrl.org/2003/arcrole/parent-child" xlink:from="DisclosureOfAuditorsQualificationsReservationsOrAdverseRemarksInAuditorsReportLineItems" xlink:to="DisclosureInAuditorsReportRelatingToProvisionsUnderSpecialStatute" priority="0" order="15.0"/>
    <loc xlink:type="locator" xlink:href="../in-ca-2012-03-31.xsd#in-ca_DisclosureRelatingToNetOwnedFundToDepositLiabilityRatio" xlink:label="DisclosureRelatingToNetOwnedFundToDepositLiabilityRatio"/>
    <presentationArc xlink:type="arc" xlink:arcrole="http://www.xbrl.org/2003/arcrole/parent-child" xlink:from="DisclosureInAuditorsReportRelatingToProvisionsUnderSpecialStatute" xlink:to="DisclosureRelatingToNetOwnedFundToDepositLiabilityRatio" priority="0" order="1.0"/>
    <loc xlink:type="locator" xlink:href="../in-ca-2012-03-31.xsd#in-ca_DisclosureRelatingToIncomeRecognitionAndProvisioningAgainstAssets" xlink:label="DisclosureRelatingToIncomeRecognitionAndProvisioningAgainstAssets"/>
    <presentationArc xlink:type="arc" xlink:arcrole="http://www.xbrl.org/2003/arcrole/parent-child" xlink:from="DisclosureInAuditorsReportRelatingToProvisionsUnderSpecialStatute" xlink:to="DisclosureRelatingToIncomeRecognitionAndProvisioningAgainstAssets" priority="0" order="2.0"/>
    <loc xlink:type="locator" xlink:href="../in-ca-2012-03-31.xsd#in-ca_DisclosureRelatingToCreditAppraisalProcedure" xlink:label="DisclosureRelatingToCreditAppraisalProcedure"/>
    <presentationArc xlink:type="arc" xlink:arcrole="http://www.xbrl.org/2003/arcrole/parent-child" xlink:from="DisclosureInAuditorsReportRelatingToProvisionsUnderSpecialStatute" xlink:to="DisclosureRelatingToCreditAppraisalProcedure" priority="0" order="3.0"/>
    <loc xlink:type="locator" xlink:href="../in-ca-2012-03-31.xsd#in-ca_DisclosureRelatingToRepaymentScheduleAndProcedureOfRecovery" xlink:label="DisclosureRelatingToRepaymentScheduleAndProcedureOfRecovery"/>
    <presentationArc xlink:type="arc" xlink:arcrole="http://www.xbrl.org/2003/arcrole/parent-child" xlink:from="DisclosureInAuditorsReportRelatingToProvisionsUnderSpecialStatute" xlink:to="DisclosureRelatingToRepaymentScheduleAndProcedureOfRecovery" priority="0" order="4.0"/>
    <loc xlink:type="locator" xlink:href="../in-ca-2012-03-31.xsd#in-ca_DisclosureInAuditorsReportRelatingToAdequacyOfRecordsMaintainedByShareTradingCompanies" xlink:label="DisclosureInAuditorsReportRelatingToAdequacyOfRecordsMaintainedByShareTradingCompanies"/>
    <presentationArc xlink:type="arc" xlink:arcrole="http://www.xbrl.org/2003/arcrole/parent-child" xlink:from="DisclosureOfAuditorsQualificationsReservationsOrAdverseRemarksInAuditorsReportLineItems" xlink:to="DisclosureInAuditorsReportRelatingToAdequacyOfRecordsMaintainedByShareTradingCompanies" priority="0" order="16.0"/>
    <loc xlink:type="locator" xlink:href="../in-ca-2012-03-31.xsd#in-ca_DisclosureInAuditorsReportRelatingToGuaranteeGiven" xlink:label="DisclosureInAuditorsReportRelatingToGuaranteeGiven"/>
    <presentationArc xlink:type="arc" xlink:arcrole="http://www.xbrl.org/2003/arcrole/parent-child" xlink:from="DisclosureOfAuditorsQualificationsReservationsOrAdverseRemarksInAuditorsReportLineItems" xlink:to="DisclosureInAuditorsReportRelatingToGuaranteeGiven" priority="0" order="17.0"/>
    <loc xlink:type="locator" xlink:href="../in-ca-2012-03-31.xsd#in-ca_DisclosureInAuditorsReportRelatingToTermLoansUsedForPurposeOtherThanForPurposeTheyWereRaised" xlink:label="DisclosureInAuditorsReportRelatingToTermLoansUsedForPurposeOtherThanForPurposeTheyWereRaised"/>
    <presentationArc xlink:type="arc" xlink:arcrole="http://www.xbrl.org/2003/arcrole/parent-child" xlink:from="DisclosureOfAuditorsQualificationsReservationsOrAdverseRemarksInAuditorsReportLineItems" xlink:to="DisclosureInAuditorsReportRelatingToTermLoansUsedForPurposeOtherThanForPurposeTheyWereRaised" priority="0" order="18.0"/>
    <loc xlink:type="locator" xlink:href="../in-ca-2012-03-31.xsd#in-ca_DisclosureInAuditorsReportRelatingToNatureAndAmountOfFundRaisedForShortTermHasBeenUsedForLongTermOrViceVersa" xlink:label="DisclosureInAuditorsReportRelatingToNatureAndAmountOfFundRaisedForShortTermHasBeenUsedForLongTermOrViceVersa"/>
    <presentationArc xlink:type="arc" xlink:arcrole="http://www.xbrl.org/2003/arcrole/parent-child" xlink:from="DisclosureOfAuditorsQualificationsReservationsOrAdverseRemarksInAuditorsReportLineItems" xlink:to="DisclosureInAuditorsReportRelatingToNatureAndAmountOfFundRaisedForShortTermHasBeenUsedForLongTermOrViceVersa" priority="0" order="19.0"/>
    <loc xlink:type="locator" xlink:href="../in-ca-2012-03-31.xsd#in-ca_DisclosureInAuditorsReportRelatingToPreferentialAllotmentOfShares" xlink:label="DisclosureInAuditorsReportRelatingToPreferentialAllotmentOfShares"/>
    <presentationArc xlink:type="arc" xlink:arcrole="http://www.xbrl.org/2003/arcrole/parent-child" xlink:from="DisclosureOfAuditorsQualificationsReservationsOrAdverseRemarksInAuditorsReportLineItems" xlink:to="DisclosureInAuditorsReportRelatingToPreferentialAllotmentOfShares" priority="0" order="20.0"/>
    <loc xlink:type="locator" xlink:href="../in-ca-2012-03-31.xsd#in-ca_DisclosureInAuditorsReportRelatingToSecuritiesCreatedAgainstDebenturesIssued" xlink:label="DisclosureInAuditorsReportRelatingToSecuritiesCreatedAgainstDebenturesIssued"/>
    <presentationArc xlink:type="arc" xlink:arcrole="http://www.xbrl.org/2003/arcrole/parent-child" xlink:from="DisclosureOfAuditorsQualificationsReservationsOrAdverseRemarksInAuditorsReportLineItems" xlink:to="DisclosureInAuditorsReportRelatingToSecuritiesCreatedAgainstDebenturesIssued" priority="0" order="21.0"/>
    <loc xlink:type="locator" xlink:href="../in-ca-2012-03-31.xsd#in-ca_DisclosureInAuditorsReportRelatingToPurposeAndEndUseOfMoneyRaisedThroughPublicIssues" xlink:label="DisclosureInAuditorsReportRelatingToPurposeAndEndUseOfMoneyRaisedThroughPublicIssues"/>
    <presentationArc xlink:type="arc" xlink:arcrole="http://www.xbrl.org/2003/arcrole/parent-child" xlink:from="DisclosureOfAuditorsQualificationsReservationsOrAdverseRemarksInAuditorsReportLineItems" xlink:to="DisclosureInAuditorsReportRelatingToPurposeAndEndUseOfMoneyRaisedThroughPublicIssues" priority="0" order="22.0"/>
    <loc xlink:type="locator" xlink:href="../in-ca-2012-03-31.xsd#in-ca_DisclosureInAuditorsReportRelatingToAnyMaterialFraudReportedDuringPeriod" xlink:label="DisclosureInAuditorsReportRelatingToAnyMaterialFraudReportedDuringPeriod"/>
    <presentationArc xlink:type="arc" xlink:arcrole="http://www.xbrl.org/2003/arcrole/parent-child" xlink:from="DisclosureOfAuditorsQualificationsReservationsOrAdverseRemarksInAuditorsReportLineItems" xlink:to="DisclosureInAuditorsReportRelatingToAnyMaterialFraudReportedDuringPeriod" priority="0" order="23.0"/>
    <loc xlink:type="locator" xlink:href="../in-ca-2012-03-31.xsd#in-ca_DetailsRegardingAuditorsAbstract" xlink:label="DetailsRegardingAuditorsAbstract"/>
    <presentationArc xlink:type="arc" xlink:arcrole="http://www.xbrl.org/2003/arcrole/parent-child" xlink:from="DisclosureInAuditorsReportExplanatoryTextBlock" xlink:to="DetailsRegardingAuditorsAbstract" priority="0" order="4.0"/>
    <loc xlink:type="locator" xlink:href="../in-ca-2012-03-31.xsd#in-ca_DetailsRegardingAuditorsTable" xlink:label="DetailsRegardingAuditorsTable"/>
    <presentationArc xlink:type="arc" xlink:arcrole="http://www.xbrl.org/2003/arcrole/parent-child" xlink:from="DetailsRegardingAuditorsAbstract" xlink:to="DetailsRegardingAuditorsTable" priority="0" order="1.0"/>
    <loc xlink:type="locator" xlink:href="../in-ca-2012-03-31.xsd#in-ca_AuditorsAxis" xlink:label="AuditorsAxis"/>
    <presentationArc xlink:type="arc" xlink:arcrole="http://www.xbrl.org/2003/arcrole/parent-child" xlink:from="DetailsRegardingAuditorsTable" xlink:to="AuditorsAxis" priority="0" order="1.0"/>
    <loc xlink:type="locator" xlink:href="../in-ca-2012-03-31.xsd#in-ca_DetailsRegardingAuditorsLineItems" xlink:label="DetailsRegardingAuditorsLineItems"/>
    <presentationArc xlink:type="arc" xlink:arcrole="http://www.xbrl.org/2003/arcrole/parent-child" xlink:from="DetailsRegardingAuditorsAbstract" xlink:to="DetailsRegardingAuditorsLineItems" priority="0" order="2.0"/>
    <loc xlink:type="locator" xlink:href="../in-ca-2012-03-31.xsd#in-ca_NameOfAuditFirm" xlink:label="NameOfAuditFirm"/>
    <presentationArc xlink:type="arc" xlink:arcrole="http://www.xbrl.org/2003/arcrole/parent-child" xlink:from="DetailsRegardingAuditorsLineItems" xlink:to="NameOfAuditFirm" priority="0" order="1.0"/>
    <loc xlink:type="locator" xlink:href="../in-ca-2012-03-31.xsd#in-ca_NameOfAuditorSigningReport" xlink:label="NameOfAuditorSigningReport"/>
    <presentationArc xlink:type="arc" xlink:arcrole="http://www.xbrl.org/2003/arcrole/parent-child" xlink:from="DetailsRegardingAuditorsLineItems" xlink:to="NameOfAuditorSigningReport" priority="0" order="2.0"/>
    <loc xlink:type="locator" xlink:href="../in-ca-2012-03-31.xsd#in-ca_MembershipNumberOfAuditor" xlink:label="MembershipNumberOfAuditor"/>
    <presentationArc xlink:type="arc" xlink:arcrole="http://www.xbrl.org/2003/arcrole/parent-child" xlink:from="DetailsRegardingAuditorsLineItems" xlink:to="MembershipNumberOfAuditor" priority="0" order="3.0"/>
    <loc xlink:type="locator" xlink:href="../in-ca-2012-03-31.xsd#in-ca_AddressOfAuditors" xlink:label="AddressOfAuditors"/>
    <presentationArc xlink:type="arc" xlink:arcrole="http://www.xbrl.org/2003/arcrole/parent-child" xlink:from="DetailsRegardingAuditorsLineItems" xlink:to="AddressOfAuditors" priority="0" order="4.0"/>
    <loc xlink:type="locator" xlink:href="../in-ca-2012-03-31.xsd#in-ca_PermanentAccountNumberOfAuditorOrAuditorsFirm" xlink:label="PermanentAccountNumberOfAuditorOrAuditorsFirm"/>
    <presentationArc xlink:type="arc" xlink:arcrole="http://www.xbrl.org/2003/arcrole/parent-child" xlink:from="DetailsRegardingAuditorsLineItems" xlink:to="PermanentAccountNumberOfAuditorOrAuditorsFirm" priority="0" order="5.0"/>
    <loc xlink:type="locator" xlink:href="../in-ca-2012-03-31.xsd#in-ca_SRNOfForm23B" xlink:label="SRNOfForm23B"/>
    <presentationArc xlink:type="arc" xlink:arcrole="http://www.xbrl.org/2003/arcrole/parent-child" xlink:from="DetailsRegardingAuditorsLineItems" xlink:to="SRNOfForm23B" priority="0" order="6.0"/>
    <loc xlink:type="locator" xlink:href="../in-ca-2012-03-31.xsd#in-ca_DateOfSigningAuditReportByAuditors" xlink:label="DateOfSigningAuditReportByAuditors"/>
    <presentationArc xlink:type="arc" xlink:arcrole="http://www.xbrl.org/2003/arcrole/parent-child" xlink:from="DetailsRegardingAuditorsLineItems" xlink:to="DateOfSigningAuditReportByAuditors" priority="0" order="7.0"/>
    <loc xlink:type="locator" xlink:href="../in-ca-2012-03-31.xsd#in-ca_DateOfSigningOfBalanceSheetByAuditors" xlink:label="DateOfSigningOfBalanceSheetByAuditors"/>
    <presentationArc xlink:type="arc" xlink:arcrole="http://www.xbrl.org/2003/arcrole/parent-child" xlink:from="DetailsRegardingAuditorsLineItems" xlink:to="DateOfSigningOfBalanceSheetByAuditors" priority="0" order="8.0"/>
  </presentationLink>
</linkbase>
