<?xml version="1.0" encoding="US-ASCII"?>
<!-- Generated by Fujitsu Interstage XWand B0166 -->
<linkbase xmlns="http://www.xbrl.org/2003/linkbase" xmlns:xsi="http://www.w3.org/2001/XMLSchema-instance" xmlns:xbrldt="http://xbrl.org/2005/xbrldt" xmlns:xlink="http://www.w3.org/1999/xlink" xmlns:xbrli="http://www.xbrl.org/2003/instance">
  <roleRef roleURI="http://www.icai.org/xbrl/taxonomy/role/in-gaap/NotesDiscontinuingOperations" xlink:type="simple" xlink:href="../in-gaap-roles-2012-03-31.xsd#in-gaap-rol-202000"/>
  <arcroleRef arcroleURI="http://xbrl.org/int/dim/arcrole/all" xlink:type="simple" xlink:href="http://www.xbrl.org/2005/xbrldt-2005.xsd#all"/>
  <arcroleRef arcroleURI="http://xbrl.org/int/dim/arcrole/domain-member" xlink:type="simple" xlink:href="http://www.xbrl.org/2005/xbrldt-2005.xsd#domain-member"/>
  <arcroleRef arcroleURI="http://xbrl.org/int/dim/arcrole/hypercube-dimension" xlink:type="simple" xlink:href="http://www.xbrl.org/2005/xbrldt-2005.xsd#hypercube-dimension"/>
  <definitionLink xlink:type="extended" xlink:role="http://www.icai.org/xbrl/taxonomy/role/in-gaap/NotesDiscontinuingOperations">
    <loc xlink:type="locator" xlink:href="../in-gaap-2012-03-31.xsd#in-gaap_DisclosureOfDiscontinuedOperationsAbstract" xlink:label="DisclosureOfDiscontinuedOperationsAbstract"/>
    <loc xlink:type="locator" xlink:href="../in-gaap-2012-03-31.xsd#in-gaap_DisclosureOfDiscontinuedOperationsTable" xlink:label="DisclosureOfDiscontinuedOperationsTable"/>
    <definitionArc xlink:type="arc" xlink:arcrole="http://xbrl.org/int/dim/arcrole/all" xlink:from="DisclosureOfDiscontinuedOperationsAbstract" xlink:to="DisclosureOfDiscontinuedOperationsTable" priority="0" order="1.0" xbrldt:contextElement="scenario" xbrldt:closed="true"/>
    <loc xlink:type="locator" xlink:href="../in-gaap-2012-03-31.xsd#in-gaap_DisclosureOfDiscontinuedOperationsAxis" xlink:label="DisclosureOfDiscontinuedOperationsAxis"/>
    <definitionArc xlink:type="arc" xlink:arcrole="http://xbrl.org/int/dim/arcrole/hypercube-dimension" xlink:from="DisclosureOfDiscontinuedOperationsTable" xlink:to="DisclosureOfDiscontinuedOperationsAxis" priority="0" order="1.0"/>
    <loc xlink:type="locator" xlink:href="../in-gaap-2012-03-31.xsd#in-gaap_DisclosureOfDiscontinuedOperationsLineItems" xlink:label="DisclosureOfDiscontinuedOperationsLineItems"/>
    <definitionArc xlink:type="arc" xlink:arcrole="http://xbrl.org/int/dim/arcrole/domain-member" xlink:from="DisclosureOfDiscontinuedOperationsAbstract" xlink:to="DisclosureOfDiscontinuedOperationsLineItems" priority="0" order="2.0"/>
    <loc xlink:type="locator" xlink:href="../in-gaap-2012-03-31.xsd#in-gaap_DescriptionOfDiscontinuedOperations" xlink:label="DescriptionOfDiscontinuedOperations"/>
    <definitionArc xlink:type="arc" xlink:arcrole="http://xbrl.org/int/dim/arcrole/domain-member" xlink:from="DisclosureOfDiscontinuedOperationsLineItems" xlink:to="DescriptionOfDiscontinuedOperations" priority="0" order="1.0"/>
    <loc xlink:type="locator" xlink:href="../in-gaap-2012-03-31.xsd#in-gaap_DescriptionOfSegmentInWhichDiscontinuedOperationIsReported" xlink:label="DescriptionOfSegmentInWhichDiscontinuedOperationIsReported"/>
    <definitionArc xlink:type="arc" xlink:arcrole="http://xbrl.org/int/dim/arcrole/domain-member" xlink:from="DisclosureOfDiscontinuedOperationsLineItems" xlink:to="DescriptionOfSegmentInWhichDiscontinuedOperationIsReported" priority="0" order="2.0"/>
    <loc xlink:type="locator" xlink:href="../in-gaap-2012-03-31.xsd#in-gaap_DateOfInitialDisclosureEventInCaseOfDiscontinuedOperations" xlink:label="DateOfInitialDisclosureEventInCaseOfDiscontinuedOperations"/>
    <definitionArc xlink:type="arc" xlink:arcrole="http://xbrl.org/int/dim/arcrole/domain-member" xlink:from="DisclosureOfDiscontinuedOperationsLineItems" xlink:to="DateOfInitialDisclosureEventInCaseOfDiscontinuedOperations" priority="0" order="3.0"/>
    <loc xlink:type="locator" xlink:href="../in-gaap-2012-03-31.xsd#in-gaap_NatureOfInitialDisclosureEventInCaseOfDiscontinuedOperations" xlink:label="NatureOfInitialDisclosureEventInCaseOfDiscontinuedOperations"/>
    <definitionArc xlink:type="arc" xlink:arcrole="http://xbrl.org/int/dim/arcrole/domain-member" xlink:from="DisclosureOfDiscontinuedOperationsLineItems" xlink:to="NatureOfInitialDisclosureEventInCaseOfDiscontinuedOperations" priority="0" order="4.0"/>
    <loc xlink:type="locator" xlink:href="../in-gaap-2012-03-31.xsd#in-gaap_DescriptionOfSignificantChangeSubsequentToInitialDisclosureInAmountOrTimingOfCashFlowsRelatingToAssetsToBeDisposedOrLiabilitiesToBeSettledAndEventsCausingSuchChange" xlink:label="DescriptionOfSignificantChangeSubsequentToInitialDisclosureInAmountOrTimingOfCashFlowsRelatingToAssetsToBeDisposedOrLiabilitiesToBeSettledAndEventsCausingSuchChange"/>
    <definitionArc xlink:type="arc" xlink:arcrole="http://xbrl.org/int/dim/arcrole/domain-member" xlink:from="DisclosureOfDiscontinuedOperationsLineItems" xlink:to="DescriptionOfSignificantChangeSubsequentToInitialDisclosureInAmountOrTimingOfCashFlowsRelatingToAssetsToBeDisposedOrLiabilitiesToBeSettledAndEventsCausingSuchChange" priority="0" order="5.0"/>
    <loc xlink:type="locator" xlink:href="../in-gaap-2012-03-31.xsd#in-gaap_DescriptionOfDateOrPeriodInWhichDiscontinuanceIsExpectedToBeCompletedIfKnownOrDeterminable" xlink:label="DescriptionOfDateOrPeriodInWhichDiscontinuanceIsExpectedToBeCompletedIfKnownOrDeterminable"/>
    <definitionArc xlink:type="arc" xlink:arcrole="http://xbrl.org/int/dim/arcrole/domain-member" xlink:from="DisclosureOfDiscontinuedOperationsLineItems" xlink:to="DescriptionOfDateOrPeriodInWhichDiscontinuanceIsExpectedToBeCompletedIfKnownOrDeterminable" priority="0" order="6.0"/>
    <loc xlink:type="locator" xlink:href="../in-gaap-2012-03-31.xsd#in-gaap_DescriptionOfFactOfAbandonmentOrWithdrawalFromPlanOfDiscontinuanceAndReasonThereFor" xlink:label="DescriptionOfFactOfAbandonmentOrWithdrawalFromPlanOfDiscontinuanceAndReasonThereFor"/>
    <definitionArc xlink:type="arc" xlink:arcrole="http://xbrl.org/int/dim/arcrole/domain-member" xlink:from="DisclosureOfDiscontinuedOperationsLineItems" xlink:to="DescriptionOfFactOfAbandonmentOrWithdrawalFromPlanOfDiscontinuanceAndReasonThereFor" priority="0" order="7.0"/>
    <loc xlink:type="locator" xlink:href="../in-gaap-2012-03-31.xsd#in-gaap_EffectOfAbandonmentOrWithdrawalFromPlanOfDiscontinuance" xlink:label="EffectOfAbandonmentOrWithdrawalFromPlanOfDiscontinuance"/>
    <definitionArc xlink:type="arc" xlink:arcrole="http://xbrl.org/int/dim/arcrole/domain-member" xlink:from="DisclosureOfDiscontinuedOperationsLineItems" xlink:to="EffectOfAbandonmentOrWithdrawalFromPlanOfDiscontinuance" priority="0" order="8.0"/>
    <loc xlink:type="locator" xlink:href="../in-gaap-2012-03-31.xsd#in-gaap_CarryingAmountOfDiscontinuedOperationsAbstract" xlink:label="CarryingAmountOfDiscontinuedOperationsAbstract"/>
    <definitionArc xlink:type="arc" xlink:arcrole="http://xbrl.org/int/dim/arcrole/domain-member" xlink:from="DisclosureOfDiscontinuedOperationsLineItems" xlink:to="CarryingAmountOfDiscontinuedOperationsAbstract" priority="0" order="9.0"/>
    <loc xlink:type="locator" xlink:href="../in-gaap-2012-03-31.xsd#in-gaap_CarryingAmountOfDiscontinuedOperationsAssetsToBeDisposed" xlink:label="CarryingAmountOfDiscontinuedOperationsAssetsToBeDisposed"/>
    <definitionArc xlink:type="arc" xlink:arcrole="http://xbrl.org/int/dim/arcrole/domain-member" xlink:from="CarryingAmountOfDiscontinuedOperationsAbstract" xlink:to="CarryingAmountOfDiscontinuedOperationsAssetsToBeDisposed" priority="0" order="1.0"/>
    <loc xlink:type="locator" xlink:href="../in-gaap-2012-03-31.xsd#in-gaap_CarryingAmountOfDiscontinuedOperationsLiabilitiesToBeSettled" xlink:label="CarryingAmountOfDiscontinuedOperationsLiabilitiesToBeSettled"/>
    <definitionArc xlink:type="arc" xlink:arcrole="http://xbrl.org/int/dim/arcrole/domain-member" xlink:from="CarryingAmountOfDiscontinuedOperationsAbstract" xlink:to="CarryingAmountOfDiscontinuedOperationsLiabilitiesToBeSettled" priority="0" order="2.0"/>
    <loc xlink:type="locator" xlink:href="../in-gaap-2012-03-31.xsd#in-gaap_RevenueDiscontinuedOperations" xlink:label="RevenueDiscontinuedOperations"/>
    <definitionArc xlink:type="arc" xlink:arcrole="http://xbrl.org/int/dim/arcrole/domain-member" xlink:from="DisclosureOfDiscontinuedOperationsLineItems" xlink:to="RevenueDiscontinuedOperations" priority="0" order="10.0"/>
    <loc xlink:type="locator" xlink:href="../in-gaap-2012-03-31.xsd#in-gaap_ExpensesDiscontinuedOperations" xlink:label="ExpensesDiscontinuedOperations"/>
    <definitionArc xlink:type="arc" xlink:arcrole="http://xbrl.org/int/dim/arcrole/domain-member" xlink:from="DisclosureOfDiscontinuedOperationsLineItems" xlink:to="ExpensesDiscontinuedOperations" priority="0" order="11.0"/>
    <loc xlink:type="locator" xlink:href="../in-gaap-2012-03-31.xsd#in-gaap_CashFlowsFromContinuingAndDiscontinuedOperationsAbstract" xlink:label="CashFlowsFromContinuingAndDiscontinuedOperationsAbstract"/>
    <definitionArc xlink:type="arc" xlink:arcrole="http://xbrl.org/int/dim/arcrole/domain-member" xlink:from="DisclosureOfDiscontinuedOperationsLineItems" xlink:to="CashFlowsFromContinuingAndDiscontinuedOperationsAbstract" priority="0" order="12.0"/>
    <loc xlink:type="locator" xlink:href="../in-gaap-2012-03-31.xsd#in-gaap_CashFlowsFromUsedInOperatingActivitiesAbstract" xlink:label="CashFlowsFromUsedInOperatingActivitiesAbstract"/>
    <definitionArc xlink:type="arc" xlink:arcrole="http://xbrl.org/int/dim/arcrole/domain-member" xlink:from="CashFlowsFromContinuingAndDiscontinuedOperationsAbstract" xlink:to="CashFlowsFromUsedInOperatingActivitiesAbstract" priority="0" order="1.0"/>
    <loc xlink:type="locator" xlink:href="../in-gaap-2012-03-31.xsd#in-gaap_CashFlowsFromUsedInOperatingActivitiesContinuingOperations" xlink:label="CashFlowsFromUsedInOperatingActivitiesContinuingOperations"/>
    <definitionArc xlink:type="arc" xlink:arcrole="http://xbrl.org/int/dim/arcrole/domain-member" xlink:from="CashFlowsFromUsedInOperatingActivitiesAbstract" xlink:to="CashFlowsFromUsedInOperatingActivitiesContinuingOperations" priority="0" order="1.0"/>
    <loc xlink:type="locator" xlink:href="../in-gaap-2012-03-31.xsd#in-gaap_CashFlowsFromUsedInOperatingActivitiesDiscontinuedOperations" xlink:label="CashFlowsFromUsedInOperatingActivitiesDiscontinuedOperations"/>
    <definitionArc xlink:type="arc" xlink:arcrole="http://xbrl.org/int/dim/arcrole/domain-member" xlink:from="CashFlowsFromUsedInOperatingActivitiesAbstract" xlink:to="CashFlowsFromUsedInOperatingActivitiesDiscontinuedOperations" priority="0" order="2.0"/>
    <loc xlink:type="locator" xlink:href="../in-gaap-2012-03-31.xsd#in-gaap_CashFlowsFromUsedInOperatingActivities" xlink:label="CashFlowsFromUsedInOperatingActivities"/>
    <definitionArc xlink:type="arc" xlink:arcrole="http://xbrl.org/int/dim/arcrole/domain-member" xlink:from="CashFlowsFromUsedInOperatingActivitiesAbstract" xlink:to="CashFlowsFromUsedInOperatingActivities" priority="0" order="3.0"/>
    <loc xlink:type="locator" xlink:href="../in-gaap-2012-03-31.xsd#in-gaap_CashFlowsFromUsedInInvestingActivitiesAbstract" xlink:label="CashFlowsFromUsedInInvestingActivitiesAbstract"/>
    <definitionArc xlink:type="arc" xlink:arcrole="http://xbrl.org/int/dim/arcrole/domain-member" xlink:from="CashFlowsFromContinuingAndDiscontinuedOperationsAbstract" xlink:to="CashFlowsFromUsedInInvestingActivitiesAbstract" priority="0" order="2.0"/>
    <loc xlink:type="locator" xlink:href="../in-gaap-2012-03-31.xsd#in-gaap_CashFlowsFromUsedInInvestingActivitiesContinuingOperations" xlink:label="CashFlowsFromUsedInInvestingActivitiesContinuingOperations"/>
    <definitionArc xlink:type="arc" xlink:arcrole="http://xbrl.org/int/dim/arcrole/domain-member" xlink:from="CashFlowsFromUsedInInvestingActivitiesAbstract" xlink:to="CashFlowsFromUsedInInvestingActivitiesContinuingOperations" priority="0" order="1.0"/>
    <loc xlink:type="locator" xlink:href="../in-gaap-2012-03-31.xsd#in-gaap_CashFlowsFromUsedInInvestingActivitiesDiscontinuedOperations" xlink:label="CashFlowsFromUsedInInvestingActivitiesDiscontinuedOperations"/>
    <definitionArc xlink:type="arc" xlink:arcrole="http://xbrl.org/int/dim/arcrole/domain-member" xlink:from="CashFlowsFromUsedInInvestingActivitiesAbstract" xlink:to="CashFlowsFromUsedInInvestingActivitiesDiscontinuedOperations" priority="0" order="2.0"/>
    <loc xlink:type="locator" xlink:href="../in-gaap-2012-03-31.xsd#in-gaap_CashFlowsFromUsedInInvestingActivities" xlink:label="CashFlowsFromUsedInInvestingActivities"/>
    <definitionArc xlink:type="arc" xlink:arcrole="http://xbrl.org/int/dim/arcrole/domain-member" xlink:from="CashFlowsFromUsedInInvestingActivitiesAbstract" xlink:to="CashFlowsFromUsedInInvestingActivities" priority="0" order="3.0"/>
    <loc xlink:type="locator" xlink:href="../in-gaap-2012-03-31.xsd#in-gaap_CashFlowsFromUsedInFinancingActivitiesAbstract" xlink:label="CashFlowsFromUsedInFinancingActivitiesAbstract"/>
    <definitionArc xlink:type="arc" xlink:arcrole="http://xbrl.org/int/dim/arcrole/domain-member" xlink:from="CashFlowsFromContinuingAndDiscontinuedOperationsAbstract" xlink:to="CashFlowsFromUsedInFinancingActivitiesAbstract" priority="0" order="3.0"/>
    <loc xlink:type="locator" xlink:href="../in-gaap-2012-03-31.xsd#in-gaap_CashFlowsFromUsedInFinancingActivitiesContinuingOperations" xlink:label="CashFlowsFromUsedInFinancingActivitiesContinuingOperations"/>
    <definitionArc xlink:type="arc" xlink:arcrole="http://xbrl.org/int/dim/arcrole/domain-member" xlink:from="CashFlowsFromUsedInFinancingActivitiesAbstract" xlink:to="CashFlowsFromUsedInFinancingActivitiesContinuingOperations" priority="0" order="1.0"/>
    <loc xlink:type="locator" xlink:href="../in-gaap-2012-03-31.xsd#in-gaap_CashFlowsFromUsedInFinancingActivitiesDiscontinuedOperations" xlink:label="CashFlowsFromUsedInFinancingActivitiesDiscontinuedOperations"/>
    <definitionArc xlink:type="arc" xlink:arcrole="http://xbrl.org/int/dim/arcrole/domain-member" xlink:from="CashFlowsFromUsedInFinancingActivitiesAbstract" xlink:to="CashFlowsFromUsedInFinancingActivitiesDiscontinuedOperations" priority="0" order="2.0"/>
    <loc xlink:type="locator" xlink:href="../in-gaap-2012-03-31.xsd#in-gaap_CashFlowsFromUsedInFinancingActivities" xlink:label="CashFlowsFromUsedInFinancingActivities"/>
    <definitionArc xlink:type="arc" xlink:arcrole="http://xbrl.org/int/dim/arcrole/domain-member" xlink:from="CashFlowsFromUsedInFinancingActivitiesAbstract" xlink:to="CashFlowsFromUsedInFinancingActivities" priority="0" order="3.0"/>
    <loc xlink:type="locator" xlink:href="../in-gaap-2012-03-31.xsd#in-gaap_DetailsOfPreTaxGainOrLossRecognisedOnDisposalOfAssetsOrSettlementOfLiabilitiesAttributableToDiscontinuedOperationsAndTaxThereonAbstract" xlink:label="DetailsOfPreTaxGainOrLossRecognisedOnDisposalOfAssetsOrSettlementOfLiabilitiesAttributableToDiscontinuedOperationsAndTaxThereonAbstract"/>
    <definitionArc xlink:type="arc" xlink:arcrole="http://xbrl.org/int/dim/arcrole/domain-member" xlink:from="DisclosureOfDiscontinuedOperationsLineItems" xlink:to="DetailsOfPreTaxGainOrLossRecognisedOnDisposalOfAssetsOrSettlementOfLiabilitiesAttributableToDiscontinuedOperationsAndTaxThereonAbstract" priority="0" order="13.0"/>
    <loc xlink:type="locator" xlink:href="../in-gaap-2012-03-31.xsd#in-gaap_PreTaxGainOrLossRecognisedOnDisposalOfAssetsOrSettlementOfLiabilitiesAttributableToDiscontinuedOperations" xlink:label="PreTaxGainOrLossRecognisedOnDisposalOfAssetsOrSettlementOfLiabilitiesAttributableToDiscontinuedOperations"/>
    <definitionArc xlink:type="arc" xlink:arcrole="http://xbrl.org/int/dim/arcrole/domain-member" xlink:from="DetailsOfPreTaxGainOrLossRecognisedOnDisposalOfAssetsOrSettlementOfLiabilitiesAttributableToDiscontinuedOperationsAndTaxThereonAbstract" xlink:to="PreTaxGainOrLossRecognisedOnDisposalOfAssetsOrSettlementOfLiabilitiesAttributableToDiscontinuedOperations" priority="0" order="1.0"/>
    <loc xlink:type="locator" xlink:href="../in-gaap-2012-03-31.xsd#in-gaap_TaxOnDisposalOfAssetsOrSettlementOfLiabilitiesAttributableToDiscontinuedOperations" xlink:label="TaxOnDisposalOfAssetsOrSettlementOfLiabilitiesAttributableToDiscontinuedOperations"/>
    <definitionArc xlink:type="arc" xlink:arcrole="http://xbrl.org/int/dim/arcrole/domain-member" xlink:from="DetailsOfPreTaxGainOrLossRecognisedOnDisposalOfAssetsOrSettlementOfLiabilitiesAttributableToDiscontinuedOperationsAndTaxThereonAbstract" xlink:to="TaxOnDisposalOfAssetsOrSettlementOfLiabilitiesAttributableToDiscontinuedOperations" priority="0" order="2.0"/>
    <loc xlink:type="locator" xlink:href="../in-gaap-2012-03-31.xsd#in-gaap_DetailsInCaseEntityHasEnteredInBindingSaleAgreementsAbstract" xlink:label="DetailsInCaseEntityHasEnteredInBindingSaleAgreementsAbstract"/>
    <definitionArc xlink:type="arc" xlink:arcrole="http://xbrl.org/int/dim/arcrole/domain-member" xlink:from="DisclosureOfDiscontinuedOperationsLineItems" xlink:to="DetailsInCaseEntityHasEnteredInBindingSaleAgreementsAbstract" priority="0" order="14.0"/>
    <loc xlink:type="locator" xlink:href="../in-gaap-2012-03-31.xsd#in-gaap_DetailsOfNetSellingPriceOrRangeOfPrices" xlink:label="DetailsOfNetSellingPriceOrRangeOfPrices"/>
    <definitionArc xlink:type="arc" xlink:arcrole="http://xbrl.org/int/dim/arcrole/domain-member" xlink:from="DetailsInCaseEntityHasEnteredInBindingSaleAgreementsAbstract" xlink:to="DetailsOfNetSellingPriceOrRangeOfPrices" priority="0" order="1.0"/>
    <loc xlink:type="locator" xlink:href="../in-gaap-2012-03-31.xsd#in-gaap_ExpectedTimingOfReceiptOfCashFlow" xlink:label="ExpectedTimingOfReceiptOfCashFlow"/>
    <definitionArc xlink:type="arc" xlink:arcrole="http://xbrl.org/int/dim/arcrole/domain-member" xlink:from="DetailsInCaseEntityHasEnteredInBindingSaleAgreementsAbstract" xlink:to="ExpectedTimingOfReceiptOfCashFlow" priority="0" order="2.0"/>
    <loc xlink:type="locator" xlink:href="../in-gaap-2012-03-31.xsd#in-gaap_CarryingAmountOfNetAssetsForWhichEntityHasEnteredIntoBindingSaleAgreementAsOnBalanceSheetDate" xlink:label="CarryingAmountOfNetAssetsForWhichEntityHasEnteredIntoBindingSaleAgreementAsOnBalanceSheetDate"/>
    <definitionArc xlink:type="arc" xlink:arcrole="http://xbrl.org/int/dim/arcrole/domain-member" xlink:from="DetailsInCaseEntityHasEnteredInBindingSaleAgreementsAbstract" xlink:to="CarryingAmountOfNetAssetsForWhichEntityHasEnteredIntoBindingSaleAgreementAsOnBalanceSheetDate" priority="0" order="3.0"/>
  </definitionLink>
</linkbase>
