<?xml version="1.0" encoding="US-ASCII"?>
<!-- Generated by Fujitsu Interstage XWand B0166 -->
<linkbase xmlns="http://www.xbrl.org/2003/linkbase" xmlns:xsi="http://www.w3.org/2001/XMLSchema-instance" xmlns:xbrldt="http://xbrl.org/2005/xbrldt" xmlns:xlink="http://www.w3.org/1999/xlink" xmlns:xbrli="http://www.xbrl.org/2003/instance">
  <roleRef roleURI="http://www.icai.org/xbrl/taxonomy/role/in-gaap/NotesEmployeeSharebasedPayments" xlink:type="simple" xlink:href="../in-gaap-roles-2012-03-31.xsd#in-gaap-rol-300400"/>
  <roleRef roleURI="http://www.icai.org/xbrl/taxonomy/role/in-gaap/NotesEmployeeSharebasedPayments1" xlink:type="simple" xlink:href="../in-gaap-roles-2012-03-31.xsd#in-gaap-rol-300400a"/>
  <roleRef roleURI="http://www.icai.org/xbrl/taxonomy/role/in-gaap/NotesEmployeeSharebasedPayments2" xlink:type="simple" xlink:href="../in-gaap-roles-2012-03-31.xsd#in-gaap-rol-300400b"/>
  <arcroleRef arcroleURI="http://xbrl.org/int/dim/arcrole/all" xlink:type="simple" xlink:href="http://www.xbrl.org/2005/xbrldt-2005.xsd#all"/>
  <arcroleRef arcroleURI="http://xbrl.org/int/dim/arcrole/dimension-domain" xlink:type="simple" xlink:href="http://www.xbrl.org/2005/xbrldt-2005.xsd#dimension-domain"/>
  <arcroleRef arcroleURI="http://xbrl.org/int/dim/arcrole/domain-member" xlink:type="simple" xlink:href="http://www.xbrl.org/2005/xbrldt-2005.xsd#domain-member"/>
  <arcroleRef arcroleURI="http://xbrl.org/int/dim/arcrole/hypercube-dimension" xlink:type="simple" xlink:href="http://www.xbrl.org/2005/xbrldt-2005.xsd#hypercube-dimension"/>
  <definitionLink xlink:type="extended" xlink:role="http://www.icai.org/xbrl/taxonomy/role/in-gaap/NotesEmployeeSharebasedPayments">
    <loc xlink:type="locator" xlink:href="../in-gaap-2012-03-31.xsd#in-gaap_DisclosureOfTermsAndConditionsOfEmployeeSharebasedPaymentArrangementAbstract" xlink:label="DisclosureOfTermsAndConditionsOfEmployeeSharebasedPaymentArrangementAbstract"/>
    <loc xlink:type="locator" xlink:href="../in-gaap-2012-03-31.xsd#in-gaap_DisclosureOfTermsAndConditionsOfEmployeeSharebasedPaymentArrangementTable" xlink:label="DisclosureOfTermsAndConditionsOfEmployeeSharebasedPaymentArrangementTable"/>
    <definitionArc xlink:type="arc" xlink:arcrole="http://xbrl.org/int/dim/arcrole/all" xlink:from="DisclosureOfTermsAndConditionsOfEmployeeSharebasedPaymentArrangementAbstract" xlink:to="DisclosureOfTermsAndConditionsOfEmployeeSharebasedPaymentArrangementTable" priority="0" order="1.0" xbrldt:contextElement="scenario" xbrldt:closed="true"/>
    <loc xlink:type="locator" xlink:href="../in-gaap-2012-03-31.xsd#in-gaap_TypesOfEmployeeSharebasedPaymentArrangementsAxis" xlink:label="TypesOfEmployeeSharebasedPaymentArrangementsAxis"/>
    <definitionArc xlink:type="arc" xlink:arcrole="http://xbrl.org/int/dim/arcrole/hypercube-dimension" xlink:from="DisclosureOfTermsAndConditionsOfEmployeeSharebasedPaymentArrangementTable" xlink:to="TypesOfEmployeeSharebasedPaymentArrangementsAxis" priority="0" order="1.0"/>
    <loc xlink:type="locator" xlink:href="../in-gaap-2012-03-31.xsd#in-gaap_EmployeeSharebasedPaymentArrangementsMember" xlink:label="EmployeeSharebasedPaymentArrangementsMember"/>
    <definitionArc xlink:type="arc" xlink:arcrole="http://xbrl.org/int/dim/arcrole/dimension-domain" xlink:from="TypesOfEmployeeSharebasedPaymentArrangementsAxis" xlink:to="EmployeeSharebasedPaymentArrangementsMember" priority="0" order="1.0"/>
    <loc xlink:type="locator" xlink:href="../in-gaap-2012-03-31.xsd#in-gaap_DisclosureOfTermsAndConditionsOfEmployeeSharebasedPaymentArrangementLineItems" xlink:label="DisclosureOfTermsAndConditionsOfEmployeeSharebasedPaymentArrangementLineItems"/>
    <definitionArc xlink:type="arc" xlink:arcrole="http://xbrl.org/int/dim/arcrole/domain-member" xlink:from="DisclosureOfTermsAndConditionsOfEmployeeSharebasedPaymentArrangementAbstract" xlink:to="DisclosureOfTermsAndConditionsOfEmployeeSharebasedPaymentArrangementLineItems" priority="0" order="2.0"/>
    <loc xlink:type="locator" xlink:href="../in-gaap-2012-03-31.xsd#in-gaap_DescriptionOfMethodUsedToAccountForEmployeeSharebasedPaymentArrangement" xlink:label="DescriptionOfMethodUsedToAccountForEmployeeSharebasedPaymentArrangement"/>
    <definitionArc xlink:type="arc" xlink:arcrole="http://xbrl.org/int/dim/arcrole/domain-member" xlink:from="DisclosureOfTermsAndConditionsOfEmployeeSharebasedPaymentArrangementLineItems" xlink:to="DescriptionOfMethodUsedToAccountForEmployeeSharebasedPaymentArrangement" priority="0" order="1.0"/>
    <loc xlink:type="locator" xlink:href="../in-gaap-2012-03-31.xsd#in-gaap_DescriptionOfEmployeeSharebasedPaymentArrangement" xlink:label="DescriptionOfEmployeeSharebasedPaymentArrangement"/>
    <definitionArc xlink:type="arc" xlink:arcrole="http://xbrl.org/int/dim/arcrole/domain-member" xlink:from="DisclosureOfTermsAndConditionsOfEmployeeSharebasedPaymentArrangementLineItems" xlink:to="DescriptionOfEmployeeSharebasedPaymentArrangement" priority="0" order="2.0"/>
    <loc xlink:type="locator" xlink:href="../in-gaap-2012-03-31.xsd#in-gaap_DescriptionOfVestingRequirementsForEmployeeSharebasedPaymentArrangement" xlink:label="DescriptionOfVestingRequirementsForEmployeeSharebasedPaymentArrangement"/>
    <definitionArc xlink:type="arc" xlink:arcrole="http://xbrl.org/int/dim/arcrole/domain-member" xlink:from="DisclosureOfTermsAndConditionsOfEmployeeSharebasedPaymentArrangementLineItems" xlink:to="DescriptionOfVestingRequirementsForEmployeeSharebasedPaymentArrangement" priority="0" order="3.0"/>
    <loc xlink:type="locator" xlink:href="../in-gaap-2012-03-31.xsd#in-gaap_DescriptionOfMaximumTermOfOptionsGrantedForEmployeeSharebasedPaymentArrangement" xlink:label="DescriptionOfMaximumTermOfOptionsGrantedForEmployeeSharebasedPaymentArrangement"/>
    <definitionArc xlink:type="arc" xlink:arcrole="http://xbrl.org/int/dim/arcrole/domain-member" xlink:from="DisclosureOfTermsAndConditionsOfEmployeeSharebasedPaymentArrangementLineItems" xlink:to="DescriptionOfMaximumTermOfOptionsGrantedForEmployeeSharebasedPaymentArrangement" priority="0" order="4.0"/>
    <loc xlink:type="locator" xlink:href="../in-gaap-2012-03-31.xsd#in-gaap_DescriptionOfMethodOfSettlementForEmployeeSharebasedPaymentArrangement" xlink:label="DescriptionOfMethodOfSettlementForEmployeeSharebasedPaymentArrangement"/>
    <definitionArc xlink:type="arc" xlink:arcrole="http://xbrl.org/int/dim/arcrole/domain-member" xlink:from="DisclosureOfTermsAndConditionsOfEmployeeSharebasedPaymentArrangementLineItems" xlink:to="DescriptionOfMethodOfSettlementForEmployeeSharebasedPaymentArrangement" priority="0" order="5.0"/>
    <loc xlink:type="locator" xlink:href="../in-gaap-2012-03-31.xsd#in-gaap_DisclosureOfImpactOnNetResultsAndEarningsPerShareIfIntrinsicValueMethodIsUsedAbstract" xlink:label="DisclosureOfImpactOnNetResultsAndEarningsPerShareIfIntrinsicValueMethodIsUsedAbstract"/>
    <definitionArc xlink:type="arc" xlink:arcrole="http://xbrl.org/int/dim/arcrole/domain-member" xlink:from="DisclosureOfTermsAndConditionsOfEmployeeSharebasedPaymentArrangementLineItems" xlink:to="DisclosureOfImpactOnNetResultsAndEarningsPerShareIfIntrinsicValueMethodIsUsedAbstract" priority="0" order="6.0"/>
    <loc xlink:type="locator" xlink:href="../in-gaap-2012-03-31.xsd#in-gaap_ImpactOfUsingIntrinsicValueMethodOnNetProfitOrLossHadFairValueMethodBeenUsed" xlink:label="ImpactOfUsingIntrinsicValueMethodOnNetProfitOrLossHadFairValueMethodBeenUsed"/>
    <definitionArc xlink:type="arc" xlink:arcrole="http://xbrl.org/int/dim/arcrole/domain-member" xlink:from="DisclosureOfImpactOnNetResultsAndEarningsPerShareIfIntrinsicValueMethodIsUsedAbstract" xlink:to="ImpactOfUsingIntrinsicValueMethodOnNetProfitOrLossHadFairValueMethodBeenUsed" priority="0" order="1.0"/>
    <loc xlink:type="locator" xlink:href="../in-gaap-2012-03-31.xsd#in-gaap_ImpactOfUsingIntrinsicValueMethodOnBasicEarningsPerEquityShareHadFairValueMethodBeenUsed" xlink:label="ImpactOfUsingIntrinsicValueMethodOnBasicEarningsPerEquityShareHadFairValueMethodBeenUsed"/>
    <definitionArc xlink:type="arc" xlink:arcrole="http://xbrl.org/int/dim/arcrole/domain-member" xlink:from="DisclosureOfImpactOnNetResultsAndEarningsPerShareIfIntrinsicValueMethodIsUsedAbstract" xlink:to="ImpactOfUsingIntrinsicValueMethodOnBasicEarningsPerEquityShareHadFairValueMethodBeenUsed" priority="0" order="2.0"/>
    <loc xlink:type="locator" xlink:href="../in-gaap-2012-03-31.xsd#in-gaap_ImpactOfUsingIntrinsicValueMethodOnDilutedEarningsPerEquityShareHadFairValueMethodBeenUsed" xlink:label="ImpactOfUsingIntrinsicValueMethodOnDilutedEarningsPerEquityShareHadFairValueMethodBeenUsed"/>
    <definitionArc xlink:type="arc" xlink:arcrole="http://xbrl.org/int/dim/arcrole/domain-member" xlink:from="DisclosureOfImpactOnNetResultsAndEarningsPerShareIfIntrinsicValueMethodIsUsedAbstract" xlink:to="ImpactOfUsingIntrinsicValueMethodOnDilutedEarningsPerEquityShareHadFairValueMethodBeenUsed" priority="0" order="3.0"/>
  </definitionLink>
  <definitionLink xlink:type="extended" xlink:role="http://www.icai.org/xbrl/taxonomy/role/in-gaap/NotesEmployeeSharebasedPayments1">
    <loc xlink:type="locator" xlink:href="../in-gaap-2012-03-31.xsd#in-gaap_DisclosureOfNumberAndWeightedAverageExercisePricesOfStockOptionsAbstract" xlink:label="DisclosureOfNumberAndWeightedAverageExercisePricesOfStockOptionsAbstract"/>
    <loc xlink:type="locator" xlink:href="../in-gaap-2012-03-31.xsd#in-gaap_DisclosureOfNumberAndWeightedAverageExercisePricesOfStockOptionsTable" xlink:label="DisclosureOfNumberAndWeightedAverageExercisePricesOfStockOptionsTable"/>
    <definitionArc xlink:type="arc" xlink:arcrole="http://xbrl.org/int/dim/arcrole/all" xlink:from="DisclosureOfNumberAndWeightedAverageExercisePricesOfStockOptionsAbstract" xlink:to="DisclosureOfNumberAndWeightedAverageExercisePricesOfStockOptionsTable" priority="0" order="1.0" xbrldt:contextElement="scenario" xbrldt:closed="true"/>
    <loc xlink:type="locator" xlink:href="../in-gaap-2012-03-31.xsd#in-gaap_GroupsOfStockOptionsAxis" xlink:label="GroupsOfStockOptionsAxis"/>
    <definitionArc xlink:type="arc" xlink:arcrole="http://xbrl.org/int/dim/arcrole/hypercube-dimension" xlink:from="DisclosureOfNumberAndWeightedAverageExercisePricesOfStockOptionsTable" xlink:to="GroupsOfStockOptionsAxis" priority="0" order="1.0"/>
    <loc xlink:type="locator" xlink:href="../in-gaap-2012-03-31.xsd#in-gaap_StockOptionsMember" xlink:label="StockOptionsMember"/>
    <definitionArc xlink:type="arc" xlink:arcrole="http://xbrl.org/int/dim/arcrole/dimension-domain" xlink:from="GroupsOfStockOptionsAxis" xlink:to="StockOptionsMember" priority="0" order="1.0"/>
    <loc xlink:type="locator" xlink:href="../in-gaap-2012-03-31.xsd#in-gaap_StockOptionsOutstandingMember" xlink:label="StockOptionsOutstandingMember"/>
    <definitionArc xlink:type="arc" xlink:arcrole="http://xbrl.org/int/dim/arcrole/domain-member" xlink:from="StockOptionsMember" xlink:to="StockOptionsOutstandingMember" priority="0" order="1.0"/>
    <loc xlink:type="locator" xlink:href="../in-gaap-2012-03-31.xsd#in-gaap_StockOptionsGrantedMember" xlink:label="StockOptionsGrantedMember"/>
    <definitionArc xlink:type="arc" xlink:arcrole="http://xbrl.org/int/dim/arcrole/domain-member" xlink:from="StockOptionsMember" xlink:to="StockOptionsGrantedMember" priority="0" order="2.0"/>
    <loc xlink:type="locator" xlink:href="../in-gaap-2012-03-31.xsd#in-gaap_StockOptionsForfeitedMember" xlink:label="StockOptionsForfeitedMember"/>
    <definitionArc xlink:type="arc" xlink:arcrole="http://xbrl.org/int/dim/arcrole/domain-member" xlink:from="StockOptionsMember" xlink:to="StockOptionsForfeitedMember" priority="0" order="3.0"/>
    <loc xlink:type="locator" xlink:href="../in-gaap-2012-03-31.xsd#in-gaap_StockOptionsExercisedMember" xlink:label="StockOptionsExercisedMember"/>
    <definitionArc xlink:type="arc" xlink:arcrole="http://xbrl.org/int/dim/arcrole/domain-member" xlink:from="StockOptionsMember" xlink:to="StockOptionsExercisedMember" priority="0" order="4.0"/>
    <loc xlink:type="locator" xlink:href="../in-gaap-2012-03-31.xsd#in-gaap_StockOptionsExpiredMember" xlink:label="StockOptionsExpiredMember"/>
    <definitionArc xlink:type="arc" xlink:arcrole="http://xbrl.org/int/dim/arcrole/domain-member" xlink:from="StockOptionsMember" xlink:to="StockOptionsExpiredMember" priority="0" order="5.0"/>
    <loc xlink:type="locator" xlink:href="../in-gaap-2012-03-31.xsd#in-gaap_StockOptionsExercisableMember" xlink:label="StockOptionsExercisableMember"/>
    <definitionArc xlink:type="arc" xlink:arcrole="http://xbrl.org/int/dim/arcrole/domain-member" xlink:from="StockOptionsMember" xlink:to="StockOptionsExercisableMember" priority="0" order="6.0"/>
    <loc xlink:type="locator" xlink:href="../in-gaap-2012-03-31.xsd#in-gaap_DisclosureOfNumberAndWeightedAverageExercisePricesOfStockOptionsLineItems" xlink:label="DisclosureOfNumberAndWeightedAverageExercisePricesOfStockOptionsLineItems"/>
    <definitionArc xlink:type="arc" xlink:arcrole="http://xbrl.org/int/dim/arcrole/domain-member" xlink:from="DisclosureOfNumberAndWeightedAverageExercisePricesOfStockOptionsAbstract" xlink:to="DisclosureOfNumberAndWeightedAverageExercisePricesOfStockOptionsLineItems" priority="0" order="2.0"/>
    <loc xlink:type="locator" xlink:href="../in-gaap-2012-03-31.xsd#in-gaap_NumberOfStockOptionsInEmployeeSharebasedPaymentArrangement" xlink:label="NumberOfStockOptionsInEmployeeSharebasedPaymentArrangement"/>
    <definitionArc xlink:type="arc" xlink:arcrole="http://xbrl.org/int/dim/arcrole/domain-member" xlink:from="DisclosureOfNumberAndWeightedAverageExercisePricesOfStockOptionsLineItems" xlink:to="NumberOfStockOptionsInEmployeeSharebasedPaymentArrangement" priority="0" order="1.0"/>
    <loc xlink:type="locator" xlink:href="../in-gaap-2012-03-31.xsd#in-gaap_WeightedAverageExercisePriceOfStockOptionsInEmployeeSharebasedPaymentArrangement" xlink:label="WeightedAverageExercisePriceOfStockOptionsInEmployeeSharebasedPaymentArrangement"/>
    <definitionArc xlink:type="arc" xlink:arcrole="http://xbrl.org/int/dim/arcrole/domain-member" xlink:from="DisclosureOfNumberAndWeightedAverageExercisePricesOfStockOptionsLineItems" xlink:to="WeightedAverageExercisePriceOfStockOptionsInEmployeeSharebasedPaymentArrangement" priority="0" order="2.0"/>
  </definitionLink>
  <definitionLink xlink:type="extended" xlink:role="http://www.icai.org/xbrl/taxonomy/role/in-gaap/NotesEmployeeSharebasedPayments2">
    <loc xlink:type="locator" xlink:href="../in-gaap-2012-03-31.xsd#in-gaap_DisclosureOfNumberAndWeightedAverageRemainingContractualLifeOfOutstandingStockOptionsAbstract" xlink:label="DisclosureOfNumberAndWeightedAverageRemainingContractualLifeOfOutstandingStockOptionsAbstract"/>
    <loc xlink:type="locator" xlink:href="../in-gaap-2012-03-31.xsd#in-gaap_DisclosureOfNumberAndWeightedAverageRemainingContractualLifeOfOutstandingStockOptionsTable" xlink:label="DisclosureOfNumberAndWeightedAverageRemainingContractualLifeOfOutstandingStockOptionsTable"/>
    <definitionArc xlink:type="arc" xlink:arcrole="http://xbrl.org/int/dim/arcrole/all" xlink:from="DisclosureOfNumberAndWeightedAverageRemainingContractualLifeOfOutstandingStockOptionsAbstract" xlink:to="DisclosureOfNumberAndWeightedAverageRemainingContractualLifeOfOutstandingStockOptionsTable" priority="0" order="1.0" xbrldt:contextElement="scenario" xbrldt:closed="true"/>
    <loc xlink:type="locator" xlink:href="../in-gaap-2012-03-31.xsd#in-gaap_RangesOfExercisePricesForOutstandingStockOptionsAxis" xlink:label="RangesOfExercisePricesForOutstandingStockOptionsAxis"/>
    <definitionArc xlink:type="arc" xlink:arcrole="http://xbrl.org/int/dim/arcrole/hypercube-dimension" xlink:from="DisclosureOfNumberAndWeightedAverageRemainingContractualLifeOfOutstandingStockOptionsTable" xlink:to="RangesOfExercisePricesForOutstandingStockOptionsAxis" priority="0" order="1.0"/>
    <loc xlink:type="locator" xlink:href="../in-gaap-2012-03-31.xsd#in-gaap_RangesOfExercisePricesForOutstandingStockOptionsMember" xlink:label="RangesOfExercisePricesForOutstandingStockOptionsMember"/>
    <definitionArc xlink:type="arc" xlink:arcrole="http://xbrl.org/int/dim/arcrole/dimension-domain" xlink:from="RangesOfExercisePricesForOutstandingStockOptionsAxis" xlink:to="RangesOfExercisePricesForOutstandingStockOptionsMember" priority="0" order="1.0"/>
    <loc xlink:type="locator" xlink:href="../in-gaap-2012-03-31.xsd#in-gaap_DisclosureOfNumberAndWeightedAverageRemainingContractualLifeOfOutstandingStockOptionsLineItems" xlink:label="DisclosureOfNumberAndWeightedAverageRemainingContractualLifeOfOutstandingStockOptionsLineItems"/>
    <definitionArc xlink:type="arc" xlink:arcrole="http://xbrl.org/int/dim/arcrole/domain-member" xlink:from="DisclosureOfNumberAndWeightedAverageRemainingContractualLifeOfOutstandingStockOptionsAbstract" xlink:to="DisclosureOfNumberAndWeightedAverageRemainingContractualLifeOfOutstandingStockOptionsLineItems" priority="0" order="2.0"/>
    <loc xlink:type="locator" xlink:href="../in-gaap-2012-03-31.xsd#in-gaap_NumberOfOutstandingStockOptions" xlink:label="NumberOfOutstandingStockOptions"/>
    <definitionArc xlink:type="arc" xlink:arcrole="http://xbrl.org/int/dim/arcrole/domain-member" xlink:from="DisclosureOfNumberAndWeightedAverageRemainingContractualLifeOfOutstandingStockOptionsLineItems" xlink:to="NumberOfOutstandingStockOptions" priority="0" order="1.0"/>
    <loc xlink:type="locator" xlink:href="../in-gaap-2012-03-31.xsd#in-gaap_WeightedAverageRemainingContractualLifeOfOutstandingStockOptions" xlink:label="WeightedAverageRemainingContractualLifeOfOutstandingStockOptions"/>
    <definitionArc xlink:type="arc" xlink:arcrole="http://xbrl.org/int/dim/arcrole/domain-member" xlink:from="DisclosureOfNumberAndWeightedAverageRemainingContractualLifeOfOutstandingStockOptionsLineItems" xlink:to="WeightedAverageRemainingContractualLifeOfOutstandingStockOptions" priority="0" order="2.0"/>
  </definitionLink>
</linkbase>
