<?xml version="1.0" encoding="US-ASCII"?>
<!-- Generated by Fujitsu Interstage XWand B0166 -->
<linkbase xmlns="http://www.xbrl.org/2003/linkbase" xmlns:xsi="http://www.w3.org/2001/XMLSchema-instance" xmlns:xbrldt="http://xbrl.org/2005/xbrldt" xmlns:xlink="http://www.w3.org/1999/xlink" xmlns:xbrli="http://www.xbrl.org/2003/instance">
  <roleRef roleURI="http://www.icai.org/xbrl/taxonomy/role/in-gaap/NotesShareCapital" xlink:type="simple" xlink:href="../in-gaap-roles-2012-03-31.xsd#in-gaap-rol-200100"/>
  <roleRef roleURI="http://www.icai.org/xbrl/taxonomy/role/in-gaap/NotesShareCapital1" xlink:type="simple" xlink:href="../in-gaap-roles-2012-03-31.xsd#in-gaap-rol-200100a"/>
  <arcroleRef arcroleURI="http://xbrl.org/int/dim/arcrole/all" xlink:type="simple" xlink:href="http://www.xbrl.org/2005/xbrldt-2005.xsd#all"/>
  <arcroleRef arcroleURI="http://xbrl.org/int/dim/arcrole/dimension-domain" xlink:type="simple" xlink:href="http://www.xbrl.org/2005/xbrldt-2005.xsd#dimension-domain"/>
  <arcroleRef arcroleURI="http://xbrl.org/int/dim/arcrole/domain-member" xlink:type="simple" xlink:href="http://www.xbrl.org/2005/xbrldt-2005.xsd#domain-member"/>
  <arcroleRef arcroleURI="http://xbrl.org/int/dim/arcrole/hypercube-dimension" xlink:type="simple" xlink:href="http://www.xbrl.org/2005/xbrldt-2005.xsd#hypercube-dimension"/>
  <definitionLink xlink:type="extended" xlink:role="http://www.icai.org/xbrl/taxonomy/role/in-gaap/NotesShareCapital">
    <loc xlink:type="locator" xlink:href="../in-gaap-2012-03-31.xsd#in-gaap_DisclosureOfClassesOfShareCapitalAbstract" xlink:label="DisclosureOfClassesOfShareCapitalAbstract"/>
    <loc xlink:type="locator" xlink:href="../in-gaap-2012-03-31.xsd#in-gaap_DisclosureOfClassesOfShareCapitalTable" xlink:label="DisclosureOfClassesOfShareCapitalTable"/>
    <definitionArc xlink:type="arc" xlink:arcrole="http://xbrl.org/int/dim/arcrole/all" xlink:from="DisclosureOfClassesOfShareCapitalAbstract" xlink:to="DisclosureOfClassesOfShareCapitalTable" priority="0" order="1.0" xbrldt:contextElement="scenario" xbrldt:closed="true"/>
    <loc xlink:type="locator" xlink:href="../in-gaap-2012-03-31.xsd#in-gaap_ClassesOfShareCapitalAxis" xlink:label="ClassesOfShareCapitalAxis"/>
    <definitionArc xlink:type="arc" xlink:arcrole="http://xbrl.org/int/dim/arcrole/hypercube-dimension" xlink:from="DisclosureOfClassesOfShareCapitalTable" xlink:to="ClassesOfShareCapitalAxis" priority="0" order="1.0"/>
    <loc xlink:type="locator" xlink:href="../in-gaap-2012-03-31.xsd#in-gaap_ClassesOfShareCapitalMember" xlink:label="ClassesOfShareCapitalMember"/>
    <definitionArc xlink:type="arc" xlink:arcrole="http://xbrl.org/int/dim/arcrole/dimension-domain" xlink:from="ClassesOfShareCapitalAxis" xlink:to="ClassesOfShareCapitalMember" priority="0" order="1.0"/>
    <loc xlink:type="locator" xlink:href="../in-gaap-2012-03-31.xsd#in-gaap_EquitySharesMember" xlink:label="EquitySharesMember"/>
    <definitionArc xlink:type="arc" xlink:arcrole="http://xbrl.org/int/dim/arcrole/domain-member" xlink:from="ClassesOfShareCapitalMember" xlink:to="EquitySharesMember" priority="0" order="1.0"/>
    <loc xlink:type="locator" xlink:href="../in-gaap-2012-03-31.xsd#in-gaap_PreferenceSharesMember" xlink:label="PreferenceSharesMember"/>
    <definitionArc xlink:type="arc" xlink:arcrole="http://xbrl.org/int/dim/arcrole/domain-member" xlink:from="ClassesOfShareCapitalMember" xlink:to="PreferenceSharesMember" priority="0" order="2.0"/>
    <loc xlink:type="locator" xlink:href="../in-gaap-2012-03-31.xsd#in-gaap_GlobalDepositaryReceiptMember" xlink:label="GlobalDepositaryReceiptMember"/>
    <definitionArc xlink:type="arc" xlink:arcrole="http://xbrl.org/int/dim/arcrole/domain-member" xlink:from="ClassesOfShareCapitalMember" xlink:to="GlobalDepositaryReceiptMember" priority="0" order="3.0"/>
    <loc xlink:type="locator" xlink:href="../in-gaap-2012-03-31.xsd#in-gaap_AmericanDepositaryReceiptMember" xlink:label="AmericanDepositaryReceiptMember"/>
    <definitionArc xlink:type="arc" xlink:arcrole="http://xbrl.org/int/dim/arcrole/domain-member" xlink:from="ClassesOfShareCapitalMember" xlink:to="AmericanDepositaryReceiptMember" priority="0" order="4.0"/>
    <loc xlink:type="locator" xlink:href="../in-gaap-2012-03-31.xsd#in-gaap_DisclosureOfClassesOfShareCapitalLineItems" xlink:label="DisclosureOfClassesOfShareCapitalLineItems"/>
    <definitionArc xlink:type="arc" xlink:arcrole="http://xbrl.org/int/dim/arcrole/domain-member" xlink:from="DisclosureOfClassesOfShareCapitalAbstract" xlink:to="DisclosureOfClassesOfShareCapitalLineItems" priority="0" order="2.0"/>
    <loc xlink:type="locator" xlink:href="../in-gaap-2012-03-31.xsd#in-gaap_NumberOfSharesAuthorised" xlink:label="NumberOfSharesAuthorised"/>
    <definitionArc xlink:type="arc" xlink:arcrole="http://xbrl.org/int/dim/arcrole/domain-member" xlink:from="DisclosureOfClassesOfShareCapitalLineItems" xlink:to="NumberOfSharesAuthorised" priority="0" order="1.0"/>
    <loc xlink:type="locator" xlink:href="../in-gaap-2012-03-31.xsd#in-gaap_ValueOfSharesAuthorised" xlink:label="ValueOfSharesAuthorised"/>
    <definitionArc xlink:type="arc" xlink:arcrole="http://xbrl.org/int/dim/arcrole/domain-member" xlink:from="DisclosureOfClassesOfShareCapitalLineItems" xlink:to="ValueOfSharesAuthorised" priority="0" order="2.0"/>
    <loc xlink:type="locator" xlink:href="../in-gaap-2012-03-31.xsd#in-gaap_NumberOfSharesIssued" xlink:label="NumberOfSharesIssued"/>
    <definitionArc xlink:type="arc" xlink:arcrole="http://xbrl.org/int/dim/arcrole/domain-member" xlink:from="DisclosureOfClassesOfShareCapitalLineItems" xlink:to="NumberOfSharesIssued" priority="0" order="3.0"/>
    <loc xlink:type="locator" xlink:href="../in-gaap-2012-03-31.xsd#in-gaap_ValueOfSharesIssued" xlink:label="ValueOfSharesIssued"/>
    <definitionArc xlink:type="arc" xlink:arcrole="http://xbrl.org/int/dim/arcrole/domain-member" xlink:from="DisclosureOfClassesOfShareCapitalLineItems" xlink:to="ValueOfSharesIssued" priority="0" order="4.0"/>
    <loc xlink:type="locator" xlink:href="../in-gaap-2012-03-31.xsd#in-gaap_NumberOfSharesSubscribedAndFullyPaid" xlink:label="NumberOfSharesSubscribedAndFullyPaid"/>
    <definitionArc xlink:type="arc" xlink:arcrole="http://xbrl.org/int/dim/arcrole/domain-member" xlink:from="DisclosureOfClassesOfShareCapitalLineItems" xlink:to="NumberOfSharesSubscribedAndFullyPaid" priority="0" order="5.0"/>
    <loc xlink:type="locator" xlink:href="../in-gaap-2012-03-31.xsd#in-gaap_ValueOfSharesSubscribedAndFullyPaid" xlink:label="ValueOfSharesSubscribedAndFullyPaid"/>
    <definitionArc xlink:type="arc" xlink:arcrole="http://xbrl.org/int/dim/arcrole/domain-member" xlink:from="DisclosureOfClassesOfShareCapitalLineItems" xlink:to="ValueOfSharesSubscribedAndFullyPaid" priority="0" order="6.0"/>
    <loc xlink:type="locator" xlink:href="../in-gaap-2012-03-31.xsd#in-gaap_NumberOfSharesSubscribedButNotFullyPaid" xlink:label="NumberOfSharesSubscribedButNotFullyPaid"/>
    <definitionArc xlink:type="arc" xlink:arcrole="http://xbrl.org/int/dim/arcrole/domain-member" xlink:from="DisclosureOfClassesOfShareCapitalLineItems" xlink:to="NumberOfSharesSubscribedButNotFullyPaid" priority="0" order="7.0"/>
    <loc xlink:type="locator" xlink:href="../in-gaap-2012-03-31.xsd#in-gaap_ValueOfSharesSubscribedButNotFullyPaid" xlink:label="ValueOfSharesSubscribedButNotFullyPaid"/>
    <definitionArc xlink:type="arc" xlink:arcrole="http://xbrl.org/int/dim/arcrole/domain-member" xlink:from="DisclosureOfClassesOfShareCapitalLineItems" xlink:to="ValueOfSharesSubscribedButNotFullyPaid" priority="0" order="8.0"/>
    <loc xlink:type="locator" xlink:href="../in-gaap-2012-03-31.xsd#in-gaap_NumberOfSharesSubscribed" xlink:label="NumberOfSharesSubscribed"/>
    <definitionArc xlink:type="arc" xlink:arcrole="http://xbrl.org/int/dim/arcrole/domain-member" xlink:from="DisclosureOfClassesOfShareCapitalLineItems" xlink:to="NumberOfSharesSubscribed" priority="0" order="9.0"/>
    <loc xlink:type="locator" xlink:href="../in-gaap-2012-03-31.xsd#in-gaap_ValueOfSharesSubscribed" xlink:label="ValueOfSharesSubscribed"/>
    <definitionArc xlink:type="arc" xlink:arcrole="http://xbrl.org/int/dim/arcrole/domain-member" xlink:from="DisclosureOfClassesOfShareCapitalLineItems" xlink:to="ValueOfSharesSubscribed" priority="0" order="10.0"/>
    <loc xlink:type="locator" xlink:href="../in-gaap-2012-03-31.xsd#in-gaap_ValueOfSharesPaidUpAbstract" xlink:label="ValueOfSharesPaidUpAbstract"/>
    <definitionArc xlink:type="arc" xlink:arcrole="http://xbrl.org/int/dim/arcrole/domain-member" xlink:from="DisclosureOfClassesOfShareCapitalLineItems" xlink:to="ValueOfSharesPaidUpAbstract" priority="0" order="11.0"/>
    <loc xlink:type="locator" xlink:href="../in-gaap-2012-03-31.xsd#in-gaap_NumberOfSharesPaidUp" xlink:label="NumberOfSharesPaidUp"/>
    <definitionArc xlink:type="arc" xlink:arcrole="http://xbrl.org/int/dim/arcrole/domain-member" xlink:from="ValueOfSharesPaidUpAbstract" xlink:to="NumberOfSharesPaidUp" priority="0" order="1.0"/>
    <loc xlink:type="locator" xlink:href="../in-gaap-2012-03-31.xsd#in-gaap_ValueOfSharesCalled" xlink:label="ValueOfSharesCalled"/>
    <definitionArc xlink:type="arc" xlink:arcrole="http://xbrl.org/int/dim/arcrole/domain-member" xlink:from="ValueOfSharesPaidUpAbstract" xlink:to="ValueOfSharesCalled" priority="0" order="2.0"/>
    <loc xlink:type="locator" xlink:href="../in-gaap-2012-03-31.xsd#in-gaap_CallsUnpaidAbstract" xlink:label="CallsUnpaidAbstract"/>
    <definitionArc xlink:type="arc" xlink:arcrole="http://xbrl.org/int/dim/arcrole/domain-member" xlink:from="ValueOfSharesPaidUpAbstract" xlink:to="CallsUnpaidAbstract" priority="0" order="3.0"/>
    <loc xlink:type="locator" xlink:href="../in-gaap-2012-03-31.xsd#in-gaap_CallsUnpaidByDirectors" xlink:label="CallsUnpaidByDirectors"/>
    <definitionArc xlink:type="arc" xlink:arcrole="http://xbrl.org/int/dim/arcrole/domain-member" xlink:from="CallsUnpaidAbstract" xlink:to="CallsUnpaidByDirectors" priority="0" order="1.0"/>
    <loc xlink:type="locator" xlink:href="../in-gaap-2012-03-31.xsd#in-gaap_CallsUnpaidByOthers" xlink:label="CallsUnpaidByOthers"/>
    <definitionArc xlink:type="arc" xlink:arcrole="http://xbrl.org/int/dim/arcrole/domain-member" xlink:from="CallsUnpaidAbstract" xlink:to="CallsUnpaidByOthers" priority="0" order="2.0"/>
    <loc xlink:type="locator" xlink:href="../in-gaap-2012-03-31.xsd#in-gaap_CallsUnpaid" xlink:label="CallsUnpaid"/>
    <definitionArc xlink:type="arc" xlink:arcrole="http://xbrl.org/int/dim/arcrole/domain-member" xlink:from="CallsUnpaidAbstract" xlink:to="CallsUnpaid" priority="0" order="3.0"/>
    <loc xlink:type="locator" xlink:href="../in-gaap-2012-03-31.xsd#in-gaap_ForfeitedShares" xlink:label="ForfeitedShares"/>
    <definitionArc xlink:type="arc" xlink:arcrole="http://xbrl.org/int/dim/arcrole/domain-member" xlink:from="ValueOfSharesPaidUpAbstract" xlink:to="ForfeitedShares" priority="0" order="4.0"/>
    <loc xlink:type="locator" xlink:href="../in-gaap-2012-03-31.xsd#in-gaap_ForfeitedSharesReissued" xlink:label="ForfeitedSharesReissued"/>
    <definitionArc xlink:type="arc" xlink:arcrole="http://xbrl.org/int/dim/arcrole/domain-member" xlink:from="ValueOfSharesPaidUpAbstract" xlink:to="ForfeitedSharesReissued" priority="0" order="5.0"/>
    <loc xlink:type="locator" xlink:href="../in-gaap-2012-03-31.xsd#in-gaap_ValueOfSharesPaidUp" xlink:label="ValueOfSharesPaidUp"/>
    <definitionArc xlink:type="arc" xlink:arcrole="http://xbrl.org/int/dim/arcrole/domain-member" xlink:from="ValueOfSharesPaidUpAbstract" xlink:to="ValueOfSharesPaidUp" priority="0" order="6.0"/>
    <loc xlink:type="locator" xlink:href="../in-gaap-2012-03-31.xsd#in-gaap_ParValuePerShare" xlink:label="ParValuePerShare"/>
    <definitionArc xlink:type="arc" xlink:arcrole="http://xbrl.org/int/dim/arcrole/domain-member" xlink:from="DisclosureOfClassesOfShareCapitalLineItems" xlink:to="ParValuePerShare" priority="0" order="12.0"/>
    <loc xlink:type="locator" xlink:href="../in-gaap-2012-03-31.xsd#in-gaap_DetailsOfSharesNotFullyCalledAbstract" xlink:label="DetailsOfSharesNotFullyCalledAbstract"/>
    <definitionArc xlink:type="arc" xlink:arcrole="http://xbrl.org/int/dim/arcrole/domain-member" xlink:from="DisclosureOfClassesOfShareCapitalLineItems" xlink:to="DetailsOfSharesNotFullyCalledAbstract" priority="0" order="13.0"/>
    <loc xlink:type="locator" xlink:href="../in-gaap-2012-03-31.xsd#in-gaap_AmountPerShareCalled" xlink:label="AmountPerShareCalled"/>
    <definitionArc xlink:type="arc" xlink:arcrole="http://xbrl.org/int/dim/arcrole/domain-member" xlink:from="DetailsOfSharesNotFullyCalledAbstract" xlink:to="AmountPerShareCalled" priority="0" order="1.0"/>
    <loc xlink:type="locator" xlink:href="../in-gaap-2012-03-31.xsd#in-gaap_ReconciliationOfNumberOfSharesOutstandingAbstract" xlink:label="ReconciliationOfNumberOfSharesOutstandingAbstract"/>
    <definitionArc xlink:type="arc" xlink:arcrole="http://xbrl.org/int/dim/arcrole/domain-member" xlink:from="DisclosureOfClassesOfShareCapitalLineItems" xlink:to="ReconciliationOfNumberOfSharesOutstandingAbstract" priority="0" order="14.0"/>
    <loc xlink:type="locator" xlink:href="../in-gaap-2012-03-31.xsd#in-gaap_ChangesInNumberOfSharesOutstandingAbstract" xlink:label="ChangesInNumberOfSharesOutstandingAbstract"/>
    <definitionArc xlink:type="arc" xlink:arcrole="http://xbrl.org/int/dim/arcrole/domain-member" xlink:from="ReconciliationOfNumberOfSharesOutstandingAbstract" xlink:to="ChangesInNumberOfSharesOutstandingAbstract" priority="0" order="2.0"/>
    <loc xlink:type="locator" xlink:href="../in-gaap-2012-03-31.xsd#in-gaap_IncreaseInNumberOfSharesOutstandingAbstract" xlink:label="IncreaseInNumberOfSharesOutstandingAbstract"/>
    <definitionArc xlink:type="arc" xlink:arcrole="http://xbrl.org/int/dim/arcrole/domain-member" xlink:from="ChangesInNumberOfSharesOutstandingAbstract" xlink:to="IncreaseInNumberOfSharesOutstandingAbstract" priority="0" order="1.0"/>
    <loc xlink:type="locator" xlink:href="../../IN-CA/in-ca-2012-03-31.xsd#in-ca_NumberOfSharesIssuedInPublicOffering" xlink:label="NumberOfSharesIssuedInPublicOffering"/>
    <definitionArc xlink:type="arc" xlink:arcrole="http://xbrl.org/int/dim/arcrole/domain-member" xlink:from="IncreaseInNumberOfSharesOutstandingAbstract" xlink:to="NumberOfSharesIssuedInPublicOffering" priority="0" order="1.0"/>
    <loc xlink:type="locator" xlink:href="../../IN-CA/in-ca-2012-03-31.xsd#in-ca_NumberOfSharesIssuedAsBonusShares" xlink:label="NumberOfSharesIssuedAsBonusShares"/>
    <definitionArc xlink:type="arc" xlink:arcrole="http://xbrl.org/int/dim/arcrole/domain-member" xlink:from="IncreaseInNumberOfSharesOutstandingAbstract" xlink:to="NumberOfSharesIssuedAsBonusShares" priority="0" order="2.0"/>
    <loc xlink:type="locator" xlink:href="../../IN-CA/in-ca-2012-03-31.xsd#in-ca_NumberOfSharesIssuedAsRights" xlink:label="NumberOfSharesIssuedAsRights"/>
    <definitionArc xlink:type="arc" xlink:arcrole="http://xbrl.org/int/dim/arcrole/domain-member" xlink:from="IncreaseInNumberOfSharesOutstandingAbstract" xlink:to="NumberOfSharesIssuedAsRights" priority="0" order="3.0"/>
    <loc xlink:type="locator" xlink:href="../../IN-CA/in-ca-2012-03-31.xsd#in-ca_NumberOfSharesIssuedInPrivatePlacement" xlink:label="NumberOfSharesIssuedInPrivatePlacement"/>
    <definitionArc xlink:type="arc" xlink:arcrole="http://xbrl.org/int/dim/arcrole/domain-member" xlink:from="IncreaseInNumberOfSharesOutstandingAbstract" xlink:to="NumberOfSharesIssuedInPrivatePlacement" priority="0" order="4.0"/>
    <loc xlink:type="locator" xlink:href="../../IN-CA/in-ca-2012-03-31.xsd#in-ca_NumberOfSharesIssuedAsPreferentialAllotment" xlink:label="NumberOfSharesIssuedAsPreferentialAllotment"/>
    <definitionArc xlink:type="arc" xlink:arcrole="http://xbrl.org/int/dim/arcrole/domain-member" xlink:from="IncreaseInNumberOfSharesOutstandingAbstract" xlink:to="NumberOfSharesIssuedAsPreferentialAllotment" priority="0" order="5.0"/>
    <loc xlink:type="locator" xlink:href="../../IN-CA/in-ca-2012-03-31.xsd#in-ca_NumberOfSharesAllottedForContractsWithoutPaymentReceivedInCash" xlink:label="NumberOfSharesAllottedForContractsWithoutPaymentReceivedInCash"/>
    <definitionArc xlink:type="arc" xlink:arcrole="http://xbrl.org/int/dim/arcrole/domain-member" xlink:from="IncreaseInNumberOfSharesOutstandingAbstract" xlink:to="NumberOfSharesAllottedForContractsWithoutPaymentReceivedInCash" priority="0" order="6.0"/>
    <loc xlink:type="locator" xlink:href="../../IN-CA/in-ca-2012-03-31.xsd#in-ca_NumberOfSharesIssuedUnderSchemeOfAmalgamation" xlink:label="NumberOfSharesIssuedUnderSchemeOfAmalgamation"/>
    <definitionArc xlink:type="arc" xlink:arcrole="http://xbrl.org/int/dim/arcrole/domain-member" xlink:from="IncreaseInNumberOfSharesOutstandingAbstract" xlink:to="NumberOfSharesIssuedUnderSchemeOfAmalgamation" priority="0" order="7.0"/>
    <loc xlink:type="locator" xlink:href="../../IN-CA/in-ca-2012-03-31.xsd#in-ca_NumberOfGlobalDepositorySharesIssuedDuringPeriod" xlink:label="NumberOfGlobalDepositorySharesIssuedDuringPeriod"/>
    <definitionArc xlink:type="arc" xlink:arcrole="http://xbrl.org/int/dim/arcrole/domain-member" xlink:from="IncreaseInNumberOfSharesOutstandingAbstract" xlink:to="NumberOfGlobalDepositorySharesIssuedDuringPeriod" priority="0" order="8.0"/>
    <loc xlink:type="locator" xlink:href="../../IN-CA/in-ca-2012-03-31.xsd#in-ca_NumberOfAmericanDepositorySharesIssuedDuringPeriod" xlink:label="NumberOfAmericanDepositorySharesIssuedDuringPeriod"/>
    <definitionArc xlink:type="arc" xlink:arcrole="http://xbrl.org/int/dim/arcrole/domain-member" xlink:from="IncreaseInNumberOfSharesOutstandingAbstract" xlink:to="NumberOfAmericanDepositorySharesIssuedDuringPeriod" priority="0" order="9.0"/>
    <loc xlink:type="locator" xlink:href="../../IN-CA/in-ca-2012-03-31.xsd#in-ca_NumberOfOtherIssuesOfShares" xlink:label="NumberOfOtherIssuesOfShares"/>
    <definitionArc xlink:type="arc" xlink:arcrole="http://xbrl.org/int/dim/arcrole/domain-member" xlink:from="IncreaseInNumberOfSharesOutstandingAbstract" xlink:to="NumberOfOtherIssuesOfShares" priority="0" order="10.0"/>
    <loc xlink:type="locator" xlink:href="../../IN-CA/in-ca-2012-03-31.xsd#in-ca_NumberOfSharesArisingOutOfConversionOfSecurities" xlink:label="NumberOfSharesArisingOutOfConversionOfSecurities"/>
    <definitionArc xlink:type="arc" xlink:arcrole="http://xbrl.org/int/dim/arcrole/domain-member" xlink:from="IncreaseInNumberOfSharesOutstandingAbstract" xlink:to="NumberOfSharesArisingOutOfConversionOfSecurities" priority="0" order="11.0"/>
    <loc xlink:type="locator" xlink:href="../in-gaap-2012-03-31.xsd#in-gaap_AggregateNumberOfSharesIssuedDuringPeriod" xlink:label="AggregateNumberOfSharesIssuedDuringPeriod"/>
    <definitionArc xlink:type="arc" xlink:arcrole="http://xbrl.org/int/dim/arcrole/domain-member" xlink:from="IncreaseInNumberOfSharesOutstandingAbstract" xlink:to="AggregateNumberOfSharesIssuedDuringPeriod" priority="0" order="12.0"/>
    <loc xlink:type="locator" xlink:href="../in-gaap-2012-03-31.xsd#in-gaap_DecreaseInNumberOfSharesDuringPeriodAbstract" xlink:label="DecreaseInNumberOfSharesDuringPeriodAbstract"/>
    <definitionArc xlink:type="arc" xlink:arcrole="http://xbrl.org/int/dim/arcrole/domain-member" xlink:from="ChangesInNumberOfSharesOutstandingAbstract" xlink:to="DecreaseInNumberOfSharesDuringPeriodAbstract" priority="0" order="2.0"/>
    <loc xlink:type="locator" xlink:href="../../IN-CA/in-ca-2012-03-31.xsd#in-ca_NumberOfSharesRedeemed" xlink:label="NumberOfSharesRedeemed"/>
    <definitionArc xlink:type="arc" xlink:arcrole="http://xbrl.org/int/dim/arcrole/domain-member" xlink:from="DecreaseInNumberOfSharesDuringPeriodAbstract" xlink:to="NumberOfSharesRedeemed" priority="0" order="1.0"/>
    <loc xlink:type="locator" xlink:href="../../IN-CA/in-ca-2012-03-31.xsd#in-ca_NumberOfSharesBoughtBack" xlink:label="NumberOfSharesBoughtBack"/>
    <definitionArc xlink:type="arc" xlink:arcrole="http://xbrl.org/int/dim/arcrole/domain-member" xlink:from="DecreaseInNumberOfSharesDuringPeriodAbstract" xlink:to="NumberOfSharesBoughtBack" priority="0" order="2.0"/>
    <loc xlink:type="locator" xlink:href="../../IN-CA/in-ca-2012-03-31.xsd#in-ca_OtherDecreaseInNumberOfShares" xlink:label="OtherDecreaseInNumberOfShares"/>
    <definitionArc xlink:type="arc" xlink:arcrole="http://xbrl.org/int/dim/arcrole/domain-member" xlink:from="DecreaseInNumberOfSharesDuringPeriodAbstract" xlink:to="OtherDecreaseInNumberOfShares" priority="0" order="3.0"/>
    <loc xlink:type="locator" xlink:href="../in-gaap-2012-03-31.xsd#in-gaap_DecreaseInNumberOfSharesDuringPeriod" xlink:label="DecreaseInNumberOfSharesDuringPeriod"/>
    <definitionArc xlink:type="arc" xlink:arcrole="http://xbrl.org/int/dim/arcrole/domain-member" xlink:from="DecreaseInNumberOfSharesDuringPeriodAbstract" xlink:to="DecreaseInNumberOfSharesDuringPeriod" priority="0" order="4.0"/>
    <loc xlink:type="locator" xlink:href="../in-gaap-2012-03-31.xsd#in-gaap_IncreaseDecreaseInNumberOfSharesOutstanding" xlink:label="IncreaseDecreaseInNumberOfSharesOutstanding"/>
    <definitionArc xlink:type="arc" xlink:arcrole="http://xbrl.org/int/dim/arcrole/domain-member" xlink:from="ChangesInNumberOfSharesOutstandingAbstract" xlink:to="IncreaseDecreaseInNumberOfSharesOutstanding" priority="0" order="3.0"/>
    <loc xlink:type="locator" xlink:href="../in-gaap-2012-03-31.xsd#in-gaap_NumberOfSharesOutstanding" xlink:label="NumberOfSharesOutstanding"/>
    <definitionArc xlink:type="arc" xlink:arcrole="http://xbrl.org/int/dim/arcrole/domain-member" xlink:from="ReconciliationOfNumberOfSharesOutstandingAbstract" xlink:to="NumberOfSharesOutstanding" priority="0" order="1.0"/>
    <loc xlink:type="locator" xlink:href="../in-gaap-2012-03-31.xsd#in-gaap_NumberOfSharesOutstanding" xlink:label="NumberOfSharesOutstanding_2"/>
    <definitionArc xlink:type="arc" xlink:arcrole="http://xbrl.org/int/dim/arcrole/domain-member" xlink:from="ReconciliationOfNumberOfSharesOutstandingAbstract" xlink:to="NumberOfSharesOutstanding_2" priority="0" order="3.0"/>
    <loc xlink:type="locator" xlink:href="../in-gaap-2012-03-31.xsd#in-gaap_ReconciliationOfValueOfSharesOutstandingAbstract" xlink:label="ReconciliationOfValueOfSharesOutstandingAbstract"/>
    <definitionArc xlink:type="arc" xlink:arcrole="http://xbrl.org/int/dim/arcrole/domain-member" xlink:from="DisclosureOfClassesOfShareCapitalLineItems" xlink:to="ReconciliationOfValueOfSharesOutstandingAbstract" priority="0" order="15.0"/>
    <loc xlink:type="locator" xlink:href="../in-gaap-2012-03-31.xsd#in-gaap_ChangesInShareCapitalAbstract" xlink:label="ChangesInShareCapitalAbstract"/>
    <definitionArc xlink:type="arc" xlink:arcrole="http://xbrl.org/int/dim/arcrole/domain-member" xlink:from="ReconciliationOfValueOfSharesOutstandingAbstract" xlink:to="ChangesInShareCapitalAbstract" priority="0" order="2.0"/>
    <loc xlink:type="locator" xlink:href="../in-gaap-2012-03-31.xsd#in-gaap_IncreaseInShareCapitalDuringPeriodAbstract" xlink:label="IncreaseInShareCapitalDuringPeriodAbstract"/>
    <definitionArc xlink:type="arc" xlink:arcrole="http://xbrl.org/int/dim/arcrole/domain-member" xlink:from="ChangesInShareCapitalAbstract" xlink:to="IncreaseInShareCapitalDuringPeriodAbstract" priority="0" order="1.0"/>
    <loc xlink:type="locator" xlink:href="../in-gaap-2012-03-31.xsd#in-gaap_AmountOfPublicIssueDuringPeriod" xlink:label="AmountOfPublicIssueDuringPeriod"/>
    <definitionArc xlink:type="arc" xlink:arcrole="http://xbrl.org/int/dim/arcrole/domain-member" xlink:from="IncreaseInShareCapitalDuringPeriodAbstract" xlink:to="AmountOfPublicIssueDuringPeriod" priority="0" order="1.0"/>
    <loc xlink:type="locator" xlink:href="../in-gaap-2012-03-31.xsd#in-gaap_AmountOfBonusIssueDuringPeriod" xlink:label="AmountOfBonusIssueDuringPeriod"/>
    <definitionArc xlink:type="arc" xlink:arcrole="http://xbrl.org/int/dim/arcrole/domain-member" xlink:from="IncreaseInShareCapitalDuringPeriodAbstract" xlink:to="AmountOfBonusIssueDuringPeriod" priority="0" order="2.0"/>
    <loc xlink:type="locator" xlink:href="../in-gaap-2012-03-31.xsd#in-gaap_AmountOfRightsIssueDuringPeriod" xlink:label="AmountOfRightsIssueDuringPeriod"/>
    <definitionArc xlink:type="arc" xlink:arcrole="http://xbrl.org/int/dim/arcrole/domain-member" xlink:from="IncreaseInShareCapitalDuringPeriodAbstract" xlink:to="AmountOfRightsIssueDuringPeriod" priority="0" order="3.0"/>
    <loc xlink:type="locator" xlink:href="../in-gaap-2012-03-31.xsd#in-gaap_AmountOfPrivatePlacementIssueDuringPeriod" xlink:label="AmountOfPrivatePlacementIssueDuringPeriod"/>
    <definitionArc xlink:type="arc" xlink:arcrole="http://xbrl.org/int/dim/arcrole/domain-member" xlink:from="IncreaseInShareCapitalDuringPeriodAbstract" xlink:to="AmountOfPrivatePlacementIssueDuringPeriod" priority="0" order="4.0"/>
    <loc xlink:type="locator" xlink:href="../in-gaap-2012-03-31.xsd#in-gaap_AmountOfPreferentialAllotmentIssueDuringPeriod" xlink:label="AmountOfPreferentialAllotmentIssueDuringPeriod"/>
    <definitionArc xlink:type="arc" xlink:arcrole="http://xbrl.org/int/dim/arcrole/domain-member" xlink:from="IncreaseInShareCapitalDuringPeriodAbstract" xlink:to="AmountOfPreferentialAllotmentIssueDuringPeriod" priority="0" order="5.0"/>
    <loc xlink:type="locator" xlink:href="../in-gaap-2012-03-31.xsd#in-gaap_AmountOfIssueAllottedForContractsWithoutPaymentReceivedInCashDuringPeriod" xlink:label="AmountOfIssueAllottedForContractsWithoutPaymentReceivedInCashDuringPeriod"/>
    <definitionArc xlink:type="arc" xlink:arcrole="http://xbrl.org/int/dim/arcrole/domain-member" xlink:from="IncreaseInShareCapitalDuringPeriodAbstract" xlink:to="AmountOfIssueAllottedForContractsWithoutPaymentReceivedInCashDuringPeriod" priority="0" order="6.0"/>
    <loc xlink:type="locator" xlink:href="../in-gaap-2012-03-31.xsd#in-gaap_AmountOfIssueUnderSchemeOfAmalgamationDuringPeriod" xlink:label="AmountOfIssueUnderSchemeOfAmalgamationDuringPeriod"/>
    <definitionArc xlink:type="arc" xlink:arcrole="http://xbrl.org/int/dim/arcrole/domain-member" xlink:from="IncreaseInShareCapitalDuringPeriodAbstract" xlink:to="AmountOfIssueUnderSchemeOfAmalgamationDuringPeriod" priority="0" order="7.0"/>
    <loc xlink:type="locator" xlink:href="../in-gaap-2012-03-31.xsd#in-gaap_AmountOfGlobalDepositoryIssueDuringPeriod" xlink:label="AmountOfGlobalDepositoryIssueDuringPeriod"/>
    <definitionArc xlink:type="arc" xlink:arcrole="http://xbrl.org/int/dim/arcrole/domain-member" xlink:from="IncreaseInShareCapitalDuringPeriodAbstract" xlink:to="AmountOfGlobalDepositoryIssueDuringPeriod" priority="0" order="8.0"/>
    <loc xlink:type="locator" xlink:href="../in-gaap-2012-03-31.xsd#in-gaap_AmountOfAmericanDepositoryIssueDuringPeriod" xlink:label="AmountOfAmericanDepositoryIssueDuringPeriod"/>
    <definitionArc xlink:type="arc" xlink:arcrole="http://xbrl.org/int/dim/arcrole/domain-member" xlink:from="IncreaseInShareCapitalDuringPeriodAbstract" xlink:to="AmountOfAmericanDepositoryIssueDuringPeriod" priority="0" order="9.0"/>
    <loc xlink:type="locator" xlink:href="../in-gaap-2012-03-31.xsd#in-gaap_AmountOfOtherIssuesDuringPeriod" xlink:label="AmountOfOtherIssuesDuringPeriod"/>
    <definitionArc xlink:type="arc" xlink:arcrole="http://xbrl.org/int/dim/arcrole/domain-member" xlink:from="IncreaseInShareCapitalDuringPeriodAbstract" xlink:to="AmountOfOtherIssuesDuringPeriod" priority="0" order="10.0"/>
    <loc xlink:type="locator" xlink:href="../in-gaap-2012-03-31.xsd#in-gaap_AmountOfIssueArisingOutOfConversionOfSecuritiesDuringPeriod" xlink:label="AmountOfIssueArisingOutOfConversionOfSecuritiesDuringPeriod"/>
    <definitionArc xlink:type="arc" xlink:arcrole="http://xbrl.org/int/dim/arcrole/domain-member" xlink:from="IncreaseInShareCapitalDuringPeriodAbstract" xlink:to="AmountOfIssueArisingOutOfConversionOfSecuritiesDuringPeriod" priority="0" order="11.0"/>
    <loc xlink:type="locator" xlink:href="../in-gaap-2012-03-31.xsd#in-gaap_AggregateAmountOfIncreaseInShareCapitalDuringPeriod" xlink:label="AggregateAmountOfIncreaseInShareCapitalDuringPeriod"/>
    <definitionArc xlink:type="arc" xlink:arcrole="http://xbrl.org/int/dim/arcrole/domain-member" xlink:from="IncreaseInShareCapitalDuringPeriodAbstract" xlink:to="AggregateAmountOfIncreaseInShareCapitalDuringPeriod" priority="0" order="12.0"/>
    <loc xlink:type="locator" xlink:href="../in-gaap-2012-03-31.xsd#in-gaap_DecreaseInShareCapitalDuringPeriodAbstract" xlink:label="DecreaseInShareCapitalDuringPeriodAbstract"/>
    <definitionArc xlink:type="arc" xlink:arcrole="http://xbrl.org/int/dim/arcrole/domain-member" xlink:from="ChangesInShareCapitalAbstract" xlink:to="DecreaseInShareCapitalDuringPeriodAbstract" priority="0" order="2.0"/>
    <loc xlink:type="locator" xlink:href="../in-gaap-2012-03-31.xsd#in-gaap_DecreaseInAmountOfSharesRedeemed" xlink:label="DecreaseInAmountOfSharesRedeemed"/>
    <definitionArc xlink:type="arc" xlink:arcrole="http://xbrl.org/int/dim/arcrole/domain-member" xlink:from="DecreaseInShareCapitalDuringPeriodAbstract" xlink:to="DecreaseInAmountOfSharesRedeemed" priority="0" order="1.0"/>
    <loc xlink:type="locator" xlink:href="../in-gaap-2012-03-31.xsd#in-gaap_DecreaseInAmountOfSharesBoughtBack" xlink:label="DecreaseInAmountOfSharesBoughtBack"/>
    <definitionArc xlink:type="arc" xlink:arcrole="http://xbrl.org/int/dim/arcrole/domain-member" xlink:from="DecreaseInShareCapitalDuringPeriodAbstract" xlink:to="DecreaseInAmountOfSharesBoughtBack" priority="0" order="2.0"/>
    <loc xlink:type="locator" xlink:href="../in-gaap-2012-03-31.xsd#in-gaap_OtherDecreaseInAmountOfShares" xlink:label="OtherDecreaseInAmountOfShares"/>
    <definitionArc xlink:type="arc" xlink:arcrole="http://xbrl.org/int/dim/arcrole/domain-member" xlink:from="DecreaseInShareCapitalDuringPeriodAbstract" xlink:to="OtherDecreaseInAmountOfShares" priority="0" order="3.0"/>
    <loc xlink:type="locator" xlink:href="../in-gaap-2012-03-31.xsd#in-gaap_DecreaseInShareCapitalDuringPeriod" xlink:label="DecreaseInShareCapitalDuringPeriod"/>
    <definitionArc xlink:type="arc" xlink:arcrole="http://xbrl.org/int/dim/arcrole/domain-member" xlink:from="DecreaseInShareCapitalDuringPeriodAbstract" xlink:to="DecreaseInShareCapitalDuringPeriod" priority="0" order="4.0"/>
    <loc xlink:type="locator" xlink:href="../in-gaap-2012-03-31.xsd#in-gaap_IncreaseDecreaseInShareCapital" xlink:label="IncreaseDecreaseInShareCapital"/>
    <definitionArc xlink:type="arc" xlink:arcrole="http://xbrl.org/int/dim/arcrole/domain-member" xlink:from="ChangesInShareCapitalAbstract" xlink:to="IncreaseDecreaseInShareCapital" priority="0" order="3.0"/>
    <loc xlink:type="locator" xlink:href="../in-gaap-2012-03-31.xsd#in-gaap_ShareCapital" xlink:label="ShareCapital"/>
    <definitionArc xlink:type="arc" xlink:arcrole="http://xbrl.org/int/dim/arcrole/domain-member" xlink:from="ReconciliationOfValueOfSharesOutstandingAbstract" xlink:to="ShareCapital" priority="0" order="1.0"/>
    <loc xlink:type="locator" xlink:href="../in-gaap-2012-03-31.xsd#in-gaap_ShareCapital" xlink:label="ShareCapital_2"/>
    <definitionArc xlink:type="arc" xlink:arcrole="http://xbrl.org/int/dim/arcrole/domain-member" xlink:from="ReconciliationOfValueOfSharesOutstandingAbstract" xlink:to="ShareCapital_2" priority="0" order="3.0"/>
    <loc xlink:type="locator" xlink:href="../in-gaap-2012-03-31.xsd#in-gaap_RightsPreferencesAndRestrictionsAttachingToClassOfShareCapital" xlink:label="RightsPreferencesAndRestrictionsAttachingToClassOfShareCapital"/>
    <definitionArc xlink:type="arc" xlink:arcrole="http://xbrl.org/int/dim/arcrole/domain-member" xlink:from="DisclosureOfClassesOfShareCapitalLineItems" xlink:to="RightsPreferencesAndRestrictionsAttachingToClassOfShareCapital" priority="0" order="16.0"/>
    <loc xlink:type="locator" xlink:href="../in-gaap-2012-03-31.xsd#in-gaap_SharesInCompanyHeldByHoldingCompanyOrUltimateHoldingCompanyOrByItsSubsidiariesOrAssociatesAbstract" xlink:label="SharesInCompanyHeldByHoldingCompanyOrUltimateHoldingCompanyOrByItsSubsidiariesOrAssociatesAbstract"/>
    <definitionArc xlink:type="arc" xlink:arcrole="http://xbrl.org/int/dim/arcrole/domain-member" xlink:from="DisclosureOfClassesOfShareCapitalLineItems" xlink:to="SharesInCompanyHeldByHoldingCompanyOrUltimateHoldingCompanyOrByItsSubsidiariesOrAssociatesAbstract" priority="0" order="17.0"/>
    <loc xlink:type="locator" xlink:href="../in-gaap-2012-03-31.xsd#in-gaap_SharesInCompanyHeldByHoldingCompany" xlink:label="SharesInCompanyHeldByHoldingCompany"/>
    <definitionArc xlink:type="arc" xlink:arcrole="http://xbrl.org/int/dim/arcrole/domain-member" xlink:from="SharesInCompanyHeldByHoldingCompanyOrUltimateHoldingCompanyOrByItsSubsidiariesOrAssociatesAbstract" xlink:to="SharesInCompanyHeldByHoldingCompany" priority="0" order="1.0"/>
    <loc xlink:type="locator" xlink:href="../in-gaap-2012-03-31.xsd#in-gaap_SharesInCompanyHeldByUltimateHoldingCompany" xlink:label="SharesInCompanyHeldByUltimateHoldingCompany"/>
    <definitionArc xlink:type="arc" xlink:arcrole="http://xbrl.org/int/dim/arcrole/domain-member" xlink:from="SharesInCompanyHeldByHoldingCompanyOrUltimateHoldingCompanyOrByItsSubsidiariesOrAssociatesAbstract" xlink:to="SharesInCompanyHeldByUltimateHoldingCompany" priority="0" order="2.0"/>
    <loc xlink:type="locator" xlink:href="../in-gaap-2012-03-31.xsd#in-gaap_SharesInCompanyHeldBySubsidiariesOfItsHoldingCompany" xlink:label="SharesInCompanyHeldBySubsidiariesOfItsHoldingCompany"/>
    <definitionArc xlink:type="arc" xlink:arcrole="http://xbrl.org/int/dim/arcrole/domain-member" xlink:from="SharesInCompanyHeldByHoldingCompanyOrUltimateHoldingCompanyOrByItsSubsidiariesOrAssociatesAbstract" xlink:to="SharesInCompanyHeldBySubsidiariesOfItsHoldingCompany" priority="0" order="3.0"/>
    <loc xlink:type="locator" xlink:href="../in-gaap-2012-03-31.xsd#in-gaap_SharesInCompanyHeldBySubsidiariesOfItsUltimateHoldingCompany" xlink:label="SharesInCompanyHeldBySubsidiariesOfItsUltimateHoldingCompany"/>
    <definitionArc xlink:type="arc" xlink:arcrole="http://xbrl.org/int/dim/arcrole/domain-member" xlink:from="SharesInCompanyHeldByHoldingCompanyOrUltimateHoldingCompanyOrByItsSubsidiariesOrAssociatesAbstract" xlink:to="SharesInCompanyHeldBySubsidiariesOfItsUltimateHoldingCompany" priority="0" order="4.0"/>
    <loc xlink:type="locator" xlink:href="../in-gaap-2012-03-31.xsd#in-gaap_SharesInCompanyHeldByAssociatesOfItsHoldingCompany" xlink:label="SharesInCompanyHeldByAssociatesOfItsHoldingCompany"/>
    <definitionArc xlink:type="arc" xlink:arcrole="http://xbrl.org/int/dim/arcrole/domain-member" xlink:from="SharesInCompanyHeldByHoldingCompanyOrUltimateHoldingCompanyOrByItsSubsidiariesOrAssociatesAbstract" xlink:to="SharesInCompanyHeldByAssociatesOfItsHoldingCompany" priority="0" order="5.0"/>
    <loc xlink:type="locator" xlink:href="../in-gaap-2012-03-31.xsd#in-gaap_SharesInCompanyHeldByAssociatesOfItsUltimateHoldingCompany" xlink:label="SharesInCompanyHeldByAssociatesOfItsUltimateHoldingCompany"/>
    <definitionArc xlink:type="arc" xlink:arcrole="http://xbrl.org/int/dim/arcrole/domain-member" xlink:from="SharesInCompanyHeldByHoldingCompanyOrUltimateHoldingCompanyOrByItsSubsidiariesOrAssociatesAbstract" xlink:to="SharesInCompanyHeldByAssociatesOfItsUltimateHoldingCompany" priority="0" order="6.0"/>
    <loc xlink:type="locator" xlink:href="../in-gaap-2012-03-31.xsd#in-gaap_SharesInCompanyHeldByHoldingCompanyOrUltimateHoldingCompanyOrByItsSubsidiariesOrAssociates" xlink:label="SharesInCompanyHeldByHoldingCompanyOrUltimateHoldingCompanyOrByItsSubsidiariesOrAssociates"/>
    <definitionArc xlink:type="arc" xlink:arcrole="http://xbrl.org/int/dim/arcrole/domain-member" xlink:from="SharesInCompanyHeldByHoldingCompanyOrUltimateHoldingCompanyOrByItsSubsidiariesOrAssociatesAbstract" xlink:to="SharesInCompanyHeldByHoldingCompanyOrUltimateHoldingCompanyOrByItsSubsidiariesOrAssociates" priority="0" order="7.0"/>
    <loc xlink:type="locator" xlink:href="../in-gaap-2012-03-31.xsd#in-gaap_SharesReservedForIssueUnderOptionsAndContractsOrCommitmentsForSaleOfSharesOrDisinvestment" xlink:label="SharesReservedForIssueUnderOptionsAndContractsOrCommitmentsForSaleOfSharesOrDisinvestment"/>
    <definitionArc xlink:type="arc" xlink:arcrole="http://xbrl.org/int/dim/arcrole/domain-member" xlink:from="DisclosureOfClassesOfShareCapitalLineItems" xlink:to="SharesReservedForIssueUnderOptionsAndContractsOrCommitmentsForSaleOfSharesOrDisinvestment" priority="0" order="18.0"/>
    <loc xlink:type="locator" xlink:href="../in-gaap-2012-03-31.xsd#in-gaap_AmountOfSharesReservedForIssueUnderOptionsAndContractsOrCommitmentsForSaleOfSharesOrDisinvestment" xlink:label="AmountOfSharesReservedForIssueUnderOptionsAndContractsOrCommitmentsForSaleOfSharesOrDisinvestment"/>
    <definitionArc xlink:type="arc" xlink:arcrole="http://xbrl.org/int/dim/arcrole/domain-member" xlink:from="DisclosureOfClassesOfShareCapitalLineItems" xlink:to="AmountOfSharesReservedForIssueUnderOptionsAndContractsOrCommitmentsForSaleOfSharesOrDisinvestment" priority="0" order="19.0"/>
    <loc xlink:type="locator" xlink:href="../in-gaap-2012-03-31.xsd#in-gaap_DescriptionOfTermsOfSharesReservedForIssueUnderOptionsAndContractsOrCommitmentsForSaleOfSharesOrDisinvestment" xlink:label="DescriptionOfTermsOfSharesReservedForIssueUnderOptionsAndContractsOrCommitmentsForSaleOfSharesOrDisinvestment"/>
    <definitionArc xlink:type="arc" xlink:arcrole="http://xbrl.org/int/dim/arcrole/domain-member" xlink:from="DisclosureOfClassesOfShareCapitalLineItems" xlink:to="DescriptionOfTermsOfSharesReservedForIssueUnderOptionsAndContractsOrCommitmentsForSaleOfSharesOrDisinvestment" priority="0" order="20.0"/>
    <loc xlink:type="locator" xlink:href="../in-gaap-2012-03-31.xsd#in-gaap_AggregateNumberOfFullyPaidUpSharesIssuedPursuantToContractsWithoutPaymentBeingReceivedInCash" xlink:label="AggregateNumberOfFullyPaidUpSharesIssuedPursuantToContractsWithoutPaymentBeingReceivedInCash"/>
    <definitionArc xlink:type="arc" xlink:arcrole="http://xbrl.org/int/dim/arcrole/domain-member" xlink:from="DisclosureOfClassesOfShareCapitalLineItems" xlink:to="AggregateNumberOfFullyPaidUpSharesIssuedPursuantToContractsWithoutPaymentBeingReceivedInCash" priority="0" order="21.0"/>
    <loc xlink:type="locator" xlink:href="../in-gaap-2012-03-31.xsd#in-gaap_AggregateNumberOfFullyPaidUpSharesIssuedByWayOfBonusShares" xlink:label="AggregateNumberOfFullyPaidUpSharesIssuedByWayOfBonusShares"/>
    <definitionArc xlink:type="arc" xlink:arcrole="http://xbrl.org/int/dim/arcrole/domain-member" xlink:from="DisclosureOfClassesOfShareCapitalLineItems" xlink:to="AggregateNumberOfFullyPaidUpSharesIssuedByWayOfBonusShares" priority="0" order="22.0"/>
    <loc xlink:type="locator" xlink:href="../in-gaap-2012-03-31.xsd#in-gaap_AggregateNumberOfSharesBoughtBack" xlink:label="AggregateNumberOfSharesBoughtBack"/>
    <definitionArc xlink:type="arc" xlink:arcrole="http://xbrl.org/int/dim/arcrole/domain-member" xlink:from="DisclosureOfClassesOfShareCapitalLineItems" xlink:to="AggregateNumberOfSharesBoughtBack" priority="0" order="23.0"/>
    <loc xlink:type="locator" xlink:href="../in-gaap-2012-03-31.xsd#in-gaap_ValueOfCallsUnpaidAbstract" xlink:label="ValueOfCallsUnpaidAbstract"/>
    <definitionArc xlink:type="arc" xlink:arcrole="http://xbrl.org/int/dim/arcrole/domain-member" xlink:from="DisclosureOfClassesOfShareCapitalLineItems" xlink:to="ValueOfCallsUnpaidAbstract" priority="0" order="24.0"/>
    <loc xlink:type="locator" xlink:href="../in-gaap-2012-03-31.xsd#in-gaap_ValueOfCallsUnpaidOthers" xlink:label="ValueOfCallsUnpaidOthers"/>
    <definitionArc xlink:type="arc" xlink:arcrole="http://xbrl.org/int/dim/arcrole/domain-member" xlink:from="ValueOfCallsUnpaidAbstract" xlink:to="ValueOfCallsUnpaidOthers" priority="0" order="1.0"/>
    <loc xlink:type="locator" xlink:href="../in-gaap-2012-03-31.xsd#in-gaap_ValueOfCallsUnpaidByDirectorsAndOfficersAbstract" xlink:label="ValueOfCallsUnpaidByDirectorsAndOfficersAbstract"/>
    <definitionArc xlink:type="arc" xlink:arcrole="http://xbrl.org/int/dim/arcrole/domain-member" xlink:from="ValueOfCallsUnpaidAbstract" xlink:to="ValueOfCallsUnpaidByDirectorsAndOfficersAbstract" priority="0" order="2.0"/>
    <loc xlink:type="locator" xlink:href="../in-gaap-2012-03-31.xsd#in-gaap_ValueOfCallsUnpaidByDirectors" xlink:label="ValueOfCallsUnpaidByDirectors"/>
    <definitionArc xlink:type="arc" xlink:arcrole="http://xbrl.org/int/dim/arcrole/domain-member" xlink:from="ValueOfCallsUnpaidByDirectorsAndOfficersAbstract" xlink:to="ValueOfCallsUnpaidByDirectors" priority="0" order="1.0"/>
    <loc xlink:type="locator" xlink:href="../in-gaap-2012-03-31.xsd#in-gaap_ValueOfCallsUnpaidByOfficers" xlink:label="ValueOfCallsUnpaidByOfficers"/>
    <definitionArc xlink:type="arc" xlink:arcrole="http://xbrl.org/int/dim/arcrole/domain-member" xlink:from="ValueOfCallsUnpaidByDirectorsAndOfficersAbstract" xlink:to="ValueOfCallsUnpaidByOfficers" priority="0" order="2.0"/>
    <loc xlink:type="locator" xlink:href="../in-gaap-2012-03-31.xsd#in-gaap_ValueOfCallsUnpaidByDirectorsAndOfficers" xlink:label="ValueOfCallsUnpaidByDirectorsAndOfficers"/>
    <definitionArc xlink:type="arc" xlink:arcrole="http://xbrl.org/int/dim/arcrole/domain-member" xlink:from="ValueOfCallsUnpaidByDirectorsAndOfficersAbstract" xlink:to="ValueOfCallsUnpaidByDirectorsAndOfficers" priority="0" order="3.0"/>
    <loc xlink:type="locator" xlink:href="../in-gaap-2012-03-31.xsd#in-gaap_ValueOfCallsUnpaid" xlink:label="ValueOfCallsUnpaid"/>
    <definitionArc xlink:type="arc" xlink:arcrole="http://xbrl.org/int/dim/arcrole/domain-member" xlink:from="ValueOfCallsUnpaidAbstract" xlink:to="ValueOfCallsUnpaid" priority="0" order="3.0"/>
    <loc xlink:type="locator" xlink:href="../in-gaap-2012-03-31.xsd#in-gaap_OriginalPaidUpValueOfForfeitedShares" xlink:label="OriginalPaidUpValueOfForfeitedShares"/>
    <definitionArc xlink:type="arc" xlink:arcrole="http://xbrl.org/int/dim/arcrole/domain-member" xlink:from="DisclosureOfClassesOfShareCapitalLineItems" xlink:to="OriginalPaidUpValueOfForfeitedShares" priority="0" order="25.0"/>
    <loc xlink:type="locator" xlink:href="../in-gaap-2012-03-31.xsd#in-gaap_TermsOfSecuritiesConvertibleIntoEquityPreferenceSharesIssuedAlongWithEarliestDateOfConversionInDescendingOrderStartingFromFarthestSuchDateTextBlock" xlink:label="TermsOfSecuritiesConvertibleIntoEquityPreferenceSharesIssuedAlongWithEarliestDateOfConversionInDescendingOrderStartingFromFarthestSuchDateTextBlock"/>
    <definitionArc xlink:type="arc" xlink:arcrole="http://xbrl.org/int/dim/arcrole/domain-member" xlink:from="DisclosureOfClassesOfShareCapitalLineItems" xlink:to="TermsOfSecuritiesConvertibleIntoEquityPreferenceSharesIssuedAlongWithEarliestDateOfConversionInDescendingOrderStartingFromFarthestSuchDateTextBlock" priority="0" order="26.0"/>
    <loc xlink:type="locator" xlink:href="../in-gaap-2012-03-31.xsd#in-gaap_DetailsOfApplicationMoneyReceivedForAllotmentOfSecuritiesAndDueForRefundAndInterestAccruedThereonAbstract" xlink:label="DetailsOfApplicationMoneyReceivedForAllotmentOfSecuritiesAndDueForRefundAndInterestAccruedThereonAbstract"/>
    <definitionArc xlink:type="arc" xlink:arcrole="http://xbrl.org/int/dim/arcrole/domain-member" xlink:from="DisclosureOfClassesOfShareCapitalLineItems" xlink:to="DetailsOfApplicationMoneyReceivedForAllotmentOfSecuritiesAndDueForRefundAndInterestAccruedThereonAbstract" priority="0" order="27.0"/>
    <loc xlink:type="locator" xlink:href="../in-gaap-2012-03-31.xsd#in-gaap_ApplicationMoneyReceivedForAllotmentOfSecuritiesAndDueForRefundAndInterestAccruedThereonAbstract" xlink:label="ApplicationMoneyReceivedForAllotmentOfSecuritiesAndDueForRefundAndInterestAccruedThereonAbstract"/>
    <definitionArc xlink:type="arc" xlink:arcrole="http://xbrl.org/int/dim/arcrole/domain-member" xlink:from="DetailsOfApplicationMoneyReceivedForAllotmentOfSecuritiesAndDueForRefundAndInterestAccruedThereonAbstract" xlink:to="ApplicationMoneyReceivedForAllotmentOfSecuritiesAndDueForRefundAndInterestAccruedThereonAbstract" priority="0" order="1.0"/>
    <loc xlink:type="locator" xlink:href="../in-gaap-2012-03-31.xsd#in-gaap_ApplicationMoneyReceivedForAllotmentOfSecuritiesAndDueForRefundPrincipal" xlink:label="ApplicationMoneyReceivedForAllotmentOfSecuritiesAndDueForRefundPrincipal"/>
    <definitionArc xlink:type="arc" xlink:arcrole="http://xbrl.org/int/dim/arcrole/domain-member" xlink:from="ApplicationMoneyReceivedForAllotmentOfSecuritiesAndDueForRefundAndInterestAccruedThereonAbstract" xlink:to="ApplicationMoneyReceivedForAllotmentOfSecuritiesAndDueForRefundPrincipal" priority="0" order="1.0"/>
    <loc xlink:type="locator" xlink:href="../in-gaap-2012-03-31.xsd#in-gaap_ApplicationMoneyReceivedForAllotmentOfSecuritiesAndDueForRefundInterestAccrued" xlink:label="ApplicationMoneyReceivedForAllotmentOfSecuritiesAndDueForRefundInterestAccrued"/>
    <definitionArc xlink:type="arc" xlink:arcrole="http://xbrl.org/int/dim/arcrole/domain-member" xlink:from="ApplicationMoneyReceivedForAllotmentOfSecuritiesAndDueForRefundAndInterestAccruedThereonAbstract" xlink:to="ApplicationMoneyReceivedForAllotmentOfSecuritiesAndDueForRefundInterestAccrued" priority="0" order="2.0"/>
    <loc xlink:type="locator" xlink:href="../in-gaap-2012-03-31.xsd#in-gaap_ApplicationMoneyReceivedForAllotmentOfSecuritiesAndDueForRefundAndInterestAccruedThereon" xlink:label="ApplicationMoneyReceivedForAllotmentOfSecuritiesAndDueForRefundAndInterestAccruedThereon"/>
    <definitionArc xlink:type="arc" xlink:arcrole="http://xbrl.org/int/dim/arcrole/domain-member" xlink:from="ApplicationMoneyReceivedForAllotmentOfSecuritiesAndDueForRefundAndInterestAccruedThereonAbstract" xlink:to="ApplicationMoneyReceivedForAllotmentOfSecuritiesAndDueForRefundAndInterestAccruedThereon" priority="0" order="3.0"/>
    <loc xlink:type="locator" xlink:href="../in-gaap-2012-03-31.xsd#in-gaap_TermsAndConditionsOfSharesPendingAllotment" xlink:label="TermsAndConditionsOfSharesPendingAllotment"/>
    <definitionArc xlink:type="arc" xlink:arcrole="http://xbrl.org/int/dim/arcrole/domain-member" xlink:from="DetailsOfApplicationMoneyReceivedForAllotmentOfSecuritiesAndDueForRefundAndInterestAccruedThereonAbstract" xlink:to="TermsAndConditionsOfSharesPendingAllotment" priority="0" order="2.0"/>
    <loc xlink:type="locator" xlink:href="../in-gaap-2012-03-31.xsd#in-gaap_NumberOfSharesProposedToBeIssued" xlink:label="NumberOfSharesProposedToBeIssued"/>
    <definitionArc xlink:type="arc" xlink:arcrole="http://xbrl.org/int/dim/arcrole/domain-member" xlink:from="DetailsOfApplicationMoneyReceivedForAllotmentOfSecuritiesAndDueForRefundAndInterestAccruedThereonAbstract" xlink:to="NumberOfSharesProposedToBeIssued" priority="0" order="3.0"/>
    <loc xlink:type="locator" xlink:href="../in-gaap-2012-03-31.xsd#in-gaap_PeriodBeforeWhichSharesAreToBeAllotted" xlink:label="PeriodBeforeWhichSharesAreToBeAllotted"/>
    <definitionArc xlink:type="arc" xlink:arcrole="http://xbrl.org/int/dim/arcrole/domain-member" xlink:from="DetailsOfApplicationMoneyReceivedForAllotmentOfSecuritiesAndDueForRefundAndInterestAccruedThereonAbstract" xlink:to="PeriodBeforeWhichSharesAreToBeAllotted" priority="0" order="4.0"/>
    <loc xlink:type="locator" xlink:href="../in-gaap-2012-03-31.xsd#in-gaap_SharePremiumForSharesToBeAllotted" xlink:label="SharePremiumForSharesToBeAllotted"/>
    <definitionArc xlink:type="arc" xlink:arcrole="http://xbrl.org/int/dim/arcrole/domain-member" xlink:from="DetailsOfApplicationMoneyReceivedForAllotmentOfSecuritiesAndDueForRefundAndInterestAccruedThereonAbstract" xlink:to="SharePremiumForSharesToBeAllotted" priority="0" order="5.0"/>
    <loc xlink:type="locator" xlink:href="../in-gaap-2012-03-31.xsd#in-gaap_DescriptionOfWhetherCompanyHaveSufficientAuthorisedCapitalToCoverProposedShareCapitalAmountResultingFromAllotment" xlink:label="DescriptionOfWhetherCompanyHaveSufficientAuthorisedCapitalToCoverProposedShareCapitalAmountResultingFromAllotment"/>
    <definitionArc xlink:type="arc" xlink:arcrole="http://xbrl.org/int/dim/arcrole/domain-member" xlink:from="DetailsOfApplicationMoneyReceivedForAllotmentOfSecuritiesAndDueForRefundAndInterestAccruedThereonAbstract" xlink:to="DescriptionOfWhetherCompanyHaveSufficientAuthorisedCapitalToCoverProposedShareCapitalAmountResultingFromAllotment" priority="0" order="6.0"/>
    <loc xlink:type="locator" xlink:href="../in-gaap-2012-03-31.xsd#in-gaap_OverDuePeriodForWhichApplicationMoneyIsPendingPriorToAllotmentOfShares" xlink:label="OverDuePeriodForWhichApplicationMoneyIsPendingPriorToAllotmentOfShares"/>
    <definitionArc xlink:type="arc" xlink:arcrole="http://xbrl.org/int/dim/arcrole/domain-member" xlink:from="DetailsOfApplicationMoneyReceivedForAllotmentOfSecuritiesAndDueForRefundAndInterestAccruedThereonAbstract" xlink:to="OverDuePeriodForWhichApplicationMoneyIsPendingPriorToAllotmentOfShares" priority="0" order="7.0"/>
    <loc xlink:type="locator" xlink:href="../in-gaap-2012-03-31.xsd#in-gaap_ReasonForOverDuePeriodForWhichApplicationMoneyIsPendingPriorToAllotmentOfShares" xlink:label="ReasonForOverDuePeriodForWhichApplicationMoneyIsPendingPriorToAllotmentOfShares"/>
    <definitionArc xlink:type="arc" xlink:arcrole="http://xbrl.org/int/dim/arcrole/domain-member" xlink:from="DetailsOfApplicationMoneyReceivedForAllotmentOfSecuritiesAndDueForRefundAndInterestAccruedThereonAbstract" xlink:to="ReasonForOverDuePeriodForWhichApplicationMoneyIsPendingPriorToAllotmentOfShares" priority="0" order="8.0"/>
    <loc xlink:type="locator" xlink:href="../in-gaap-2012-03-31.xsd#in-gaap_DetailsOfPreferenceShareCapitalDueForRedemptionUnderSection80AButNotYetRedeemed" xlink:label="DetailsOfPreferenceShareCapitalDueForRedemptionUnderSection80AButNotYetRedeemed"/>
    <definitionArc xlink:type="arc" xlink:arcrole="http://xbrl.org/int/dim/arcrole/domain-member" xlink:from="DisclosureOfClassesOfShareCapitalLineItems" xlink:to="DetailsOfPreferenceShareCapitalDueForRedemptionUnderSection80AButNotYetRedeemed" priority="0" order="28.0"/>
  </definitionLink>
  <definitionLink xlink:type="extended" xlink:role="http://www.icai.org/xbrl/taxonomy/role/in-gaap/NotesShareCapital1">
    <loc xlink:type="locator" xlink:href="../in-gaap-2012-03-31.xsd#in-gaap_ClassesOfShareCapitalAxis" xlink:label="ClassesOfShareCapitalAxis"/>
    <loc xlink:type="locator" xlink:href="../in-gaap-2012-03-31.xsd#in-gaap_ClassesOfShareCapitalMember" xlink:label="ClassesOfShareCapitalMember"/>
    <definitionArc xlink:type="arc" xlink:arcrole="http://xbrl.org/int/dim/arcrole/dimension-domain" xlink:from="ClassesOfShareCapitalAxis" xlink:to="ClassesOfShareCapitalMember" priority="0" order="1.0"/>
    <loc xlink:type="locator" xlink:href="../in-gaap-2012-03-31.xsd#in-gaap_EquitySharesMember" xlink:label="EquitySharesMember"/>
    <definitionArc xlink:type="arc" xlink:arcrole="http://xbrl.org/int/dim/arcrole/domain-member" xlink:from="ClassesOfShareCapitalMember" xlink:to="EquitySharesMember" priority="0" order="1.0"/>
    <loc xlink:type="locator" xlink:href="../in-gaap-2012-03-31.xsd#in-gaap_PreferenceSharesMember" xlink:label="PreferenceSharesMember"/>
    <definitionArc xlink:type="arc" xlink:arcrole="http://xbrl.org/int/dim/arcrole/domain-member" xlink:from="ClassesOfShareCapitalMember" xlink:to="PreferenceSharesMember" priority="0" order="2.0"/>
    <loc xlink:type="locator" xlink:href="../in-gaap-2012-03-31.xsd#in-gaap_GlobalDepositaryReceiptMember" xlink:label="GlobalDepositaryReceiptMember"/>
    <definitionArc xlink:type="arc" xlink:arcrole="http://xbrl.org/int/dim/arcrole/domain-member" xlink:from="ClassesOfShareCapitalMember" xlink:to="GlobalDepositaryReceiptMember" priority="0" order="3.0"/>
    <loc xlink:type="locator" xlink:href="../in-gaap-2012-03-31.xsd#in-gaap_AmericanDepositaryReceiptMember" xlink:label="AmericanDepositaryReceiptMember"/>
    <definitionArc xlink:type="arc" xlink:arcrole="http://xbrl.org/int/dim/arcrole/domain-member" xlink:from="ClassesOfShareCapitalMember" xlink:to="AmericanDepositaryReceiptMember" priority="0" order="4.0"/>
    <loc xlink:type="locator" xlink:href="../in-gaap-2012-03-31.xsd#in-gaap_DisclosureOfShareholdingMoreThanFivePerCentInCompanyAbstract" xlink:label="DisclosureOfShareholdingMoreThanFivePerCentInCompanyAbstract"/>
    <loc xlink:type="locator" xlink:href="../in-gaap-2012-03-31.xsd#in-gaap_DisclosureOfShareholdingMoreThanFivePerCentInCompanyTable" xlink:label="DisclosureOfShareholdingMoreThanFivePerCentInCompanyTable"/>
    <definitionArc xlink:type="arc" xlink:arcrole="http://xbrl.org/int/dim/arcrole/all" xlink:from="DisclosureOfShareholdingMoreThanFivePerCentInCompanyAbstract" xlink:to="DisclosureOfShareholdingMoreThanFivePerCentInCompanyTable" priority="0" order="1.0" xbrldt:contextElement="scenario" xbrldt:closed="true"/>
    <definitionArc xlink:type="arc" xlink:arcrole="http://xbrl.org/int/dim/arcrole/hypercube-dimension" xlink:from="DisclosureOfShareholdingMoreThanFivePerCentInCompanyTable" xlink:to="ClassesOfShareCapitalAxis" priority="0" order="1.0"/>
    <loc xlink:type="locator" xlink:href="../in-gaap-2012-03-31.xsd#in-gaap_NameOfShareholderAxis" xlink:label="NameOfShareholderAxis"/>
    <definitionArc xlink:type="arc" xlink:arcrole="http://xbrl.org/int/dim/arcrole/hypercube-dimension" xlink:from="DisclosureOfShareholdingMoreThanFivePerCentInCompanyTable" xlink:to="NameOfShareholderAxis" priority="0" order="2.0"/>
    <loc xlink:type="locator" xlink:href="../in-gaap-2012-03-31.xsd#in-gaap_NameOfShareholderMember" xlink:label="NameOfShareholderMember"/>
    <definitionArc xlink:type="arc" xlink:arcrole="http://xbrl.org/int/dim/arcrole/dimension-domain" xlink:from="NameOfShareholderAxis" xlink:to="NameOfShareholderMember" priority="0" order="1.0"/>
    <loc xlink:type="locator" xlink:href="../in-gaap-2012-03-31.xsd#in-gaap_Shareholder1Member" xlink:label="Shareholder1Member"/>
    <definitionArc xlink:type="arc" xlink:arcrole="http://xbrl.org/int/dim/arcrole/domain-member" xlink:from="NameOfShareholderMember" xlink:to="Shareholder1Member" priority="0" order="1.0"/>
    <loc xlink:type="locator" xlink:href="../in-gaap-2012-03-31.xsd#in-gaap_Shareholder2Member" xlink:label="Shareholder2Member"/>
    <definitionArc xlink:type="arc" xlink:arcrole="http://xbrl.org/int/dim/arcrole/domain-member" xlink:from="NameOfShareholderMember" xlink:to="Shareholder2Member" priority="0" order="2.0"/>
    <loc xlink:type="locator" xlink:href="../in-gaap-2012-03-31.xsd#in-gaap_Shareholder3Member" xlink:label="Shareholder3Member"/>
    <definitionArc xlink:type="arc" xlink:arcrole="http://xbrl.org/int/dim/arcrole/domain-member" xlink:from="NameOfShareholderMember" xlink:to="Shareholder3Member" priority="0" order="3.0"/>
    <loc xlink:type="locator" xlink:href="../in-gaap-2012-03-31.xsd#in-gaap_Shareholder4Member" xlink:label="Shareholder4Member"/>
    <definitionArc xlink:type="arc" xlink:arcrole="http://xbrl.org/int/dim/arcrole/domain-member" xlink:from="NameOfShareholderMember" xlink:to="Shareholder4Member" priority="0" order="4.0"/>
    <loc xlink:type="locator" xlink:href="../in-gaap-2012-03-31.xsd#in-gaap_Shareholder5Member" xlink:label="Shareholder5Member"/>
    <definitionArc xlink:type="arc" xlink:arcrole="http://xbrl.org/int/dim/arcrole/domain-member" xlink:from="NameOfShareholderMember" xlink:to="Shareholder5Member" priority="0" order="5.0"/>
    <loc xlink:type="locator" xlink:href="../in-gaap-2012-03-31.xsd#in-gaap_Shareholder6Member" xlink:label="Shareholder6Member"/>
    <definitionArc xlink:type="arc" xlink:arcrole="http://xbrl.org/int/dim/arcrole/domain-member" xlink:from="NameOfShareholderMember" xlink:to="Shareholder6Member" priority="0" order="6.0"/>
    <loc xlink:type="locator" xlink:href="../in-gaap-2012-03-31.xsd#in-gaap_Shareholder7Member" xlink:label="Shareholder7Member"/>
    <definitionArc xlink:type="arc" xlink:arcrole="http://xbrl.org/int/dim/arcrole/domain-member" xlink:from="NameOfShareholderMember" xlink:to="Shareholder7Member" priority="0" order="7.0"/>
    <loc xlink:type="locator" xlink:href="../in-gaap-2012-03-31.xsd#in-gaap_Shareholder8Member" xlink:label="Shareholder8Member"/>
    <definitionArc xlink:type="arc" xlink:arcrole="http://xbrl.org/int/dim/arcrole/domain-member" xlink:from="NameOfShareholderMember" xlink:to="Shareholder8Member" priority="0" order="8.0"/>
    <loc xlink:type="locator" xlink:href="../in-gaap-2012-03-31.xsd#in-gaap_Shareholder9Member" xlink:label="Shareholder9Member"/>
    <definitionArc xlink:type="arc" xlink:arcrole="http://xbrl.org/int/dim/arcrole/domain-member" xlink:from="NameOfShareholderMember" xlink:to="Shareholder9Member" priority="0" order="9.0"/>
    <loc xlink:type="locator" xlink:href="../in-gaap-2012-03-31.xsd#in-gaap_Shareholder10Member" xlink:label="Shareholder10Member"/>
    <definitionArc xlink:type="arc" xlink:arcrole="http://xbrl.org/int/dim/arcrole/domain-member" xlink:from="NameOfShareholderMember" xlink:to="Shareholder10Member" priority="0" order="10.0"/>
    <loc xlink:type="locator" xlink:href="../in-gaap-2012-03-31.xsd#in-gaap_Shareholder11Member" xlink:label="Shareholder11Member"/>
    <definitionArc xlink:type="arc" xlink:arcrole="http://xbrl.org/int/dim/arcrole/domain-member" xlink:from="NameOfShareholderMember" xlink:to="Shareholder11Member" priority="0" order="11.0"/>
    <loc xlink:type="locator" xlink:href="../in-gaap-2012-03-31.xsd#in-gaap_Shareholder12Member" xlink:label="Shareholder12Member"/>
    <definitionArc xlink:type="arc" xlink:arcrole="http://xbrl.org/int/dim/arcrole/domain-member" xlink:from="NameOfShareholderMember" xlink:to="Shareholder12Member" priority="0" order="12.0"/>
    <loc xlink:type="locator" xlink:href="../in-gaap-2012-03-31.xsd#in-gaap_Shareholder13Member" xlink:label="Shareholder13Member"/>
    <definitionArc xlink:type="arc" xlink:arcrole="http://xbrl.org/int/dim/arcrole/domain-member" xlink:from="NameOfShareholderMember" xlink:to="Shareholder13Member" priority="0" order="13.0"/>
    <loc xlink:type="locator" xlink:href="../in-gaap-2012-03-31.xsd#in-gaap_Shareholder14Member" xlink:label="Shareholder14Member"/>
    <definitionArc xlink:type="arc" xlink:arcrole="http://xbrl.org/int/dim/arcrole/domain-member" xlink:from="NameOfShareholderMember" xlink:to="Shareholder14Member" priority="0" order="14.0"/>
    <loc xlink:type="locator" xlink:href="../in-gaap-2012-03-31.xsd#in-gaap_Shareholder15Member" xlink:label="Shareholder15Member"/>
    <definitionArc xlink:type="arc" xlink:arcrole="http://xbrl.org/int/dim/arcrole/domain-member" xlink:from="NameOfShareholderMember" xlink:to="Shareholder15Member" priority="0" order="15.0"/>
    <loc xlink:type="locator" xlink:href="../in-gaap-2012-03-31.xsd#in-gaap_Shareholder16Member" xlink:label="Shareholder16Member"/>
    <definitionArc xlink:type="arc" xlink:arcrole="http://xbrl.org/int/dim/arcrole/domain-member" xlink:from="NameOfShareholderMember" xlink:to="Shareholder16Member" priority="0" order="16.0"/>
    <loc xlink:type="locator" xlink:href="../in-gaap-2012-03-31.xsd#in-gaap_Shareholder17Member" xlink:label="Shareholder17Member"/>
    <definitionArc xlink:type="arc" xlink:arcrole="http://xbrl.org/int/dim/arcrole/domain-member" xlink:from="NameOfShareholderMember" xlink:to="Shareholder17Member" priority="0" order="17.0"/>
    <loc xlink:type="locator" xlink:href="../in-gaap-2012-03-31.xsd#in-gaap_Shareholder18Member" xlink:label="Shareholder18Member"/>
    <definitionArc xlink:type="arc" xlink:arcrole="http://xbrl.org/int/dim/arcrole/domain-member" xlink:from="NameOfShareholderMember" xlink:to="Shareholder18Member" priority="0" order="18.0"/>
    <loc xlink:type="locator" xlink:href="../in-gaap-2012-03-31.xsd#in-gaap_Shareholder19Member" xlink:label="Shareholder19Member"/>
    <definitionArc xlink:type="arc" xlink:arcrole="http://xbrl.org/int/dim/arcrole/domain-member" xlink:from="NameOfShareholderMember" xlink:to="Shareholder19Member" priority="0" order="19.0"/>
    <loc xlink:type="locator" xlink:href="../in-gaap-2012-03-31.xsd#in-gaap_Shareholder20Member" xlink:label="Shareholder20Member"/>
    <definitionArc xlink:type="arc" xlink:arcrole="http://xbrl.org/int/dim/arcrole/domain-member" xlink:from="NameOfShareholderMember" xlink:to="Shareholder20Member" priority="0" order="20.0"/>
    <loc xlink:type="locator" xlink:href="../in-gaap-2012-03-31.xsd#in-gaap_DisclosureOfShareholdingMoreThanFivePerCentInCompanyLineItems" xlink:label="DisclosureOfShareholdingMoreThanFivePerCentInCompanyLineItems"/>
    <definitionArc xlink:type="arc" xlink:arcrole="http://xbrl.org/int/dim/arcrole/domain-member" xlink:from="DisclosureOfShareholdingMoreThanFivePerCentInCompanyAbstract" xlink:to="DisclosureOfShareholdingMoreThanFivePerCentInCompanyLineItems" priority="0" order="2.0"/>
    <loc xlink:type="locator" xlink:href="../in-gaap-2012-03-31.xsd#in-gaap_NameOfShareholder" xlink:label="NameOfShareholder"/>
    <definitionArc xlink:type="arc" xlink:arcrole="http://xbrl.org/int/dim/arcrole/domain-member" xlink:from="DisclosureOfShareholdingMoreThanFivePerCentInCompanyLineItems" xlink:to="NameOfShareholder" priority="0" order="1.0"/>
    <loc xlink:type="locator" xlink:href="../../IN-CA/in-ca-2012-03-31.xsd#in-ca_CINOfShareholder" xlink:label="CINOfShareholder"/>
    <definitionArc xlink:type="arc" xlink:arcrole="http://xbrl.org/int/dim/arcrole/domain-member" xlink:from="DisclosureOfShareholdingMoreThanFivePerCentInCompanyLineItems" xlink:to="CINOfShareholder" priority="0" order="2.0"/>
    <loc xlink:type="locator" xlink:href="../../IN-CA/in-ca-2012-03-31.xsd#in-ca_PANOfShareholder" xlink:label="PANOfShareholder"/>
    <definitionArc xlink:type="arc" xlink:arcrole="http://xbrl.org/int/dim/arcrole/domain-member" xlink:from="DisclosureOfShareholdingMoreThanFivePerCentInCompanyLineItems" xlink:to="PANOfShareholder" priority="0" order="3.0"/>
    <loc xlink:type="locator" xlink:href="../../IN-CA/in-ca-2012-03-31.xsd#in-ca_CountryOfIncorporationOrResidenceOfShareholder" xlink:label="CountryOfIncorporationOrResidenceOfShareholder"/>
    <definitionArc xlink:type="arc" xlink:arcrole="http://xbrl.org/int/dim/arcrole/domain-member" xlink:from="DisclosureOfShareholdingMoreThanFivePerCentInCompanyLineItems" xlink:to="CountryOfIncorporationOrResidenceOfShareholder" priority="0" order="4.0"/>
    <loc xlink:type="locator" xlink:href="../in-gaap-2012-03-31.xsd#in-gaap_NumberOfSharesHeldInCompany" xlink:label="NumberOfSharesHeldInCompany"/>
    <definitionArc xlink:type="arc" xlink:arcrole="http://xbrl.org/int/dim/arcrole/domain-member" xlink:from="DisclosureOfShareholdingMoreThanFivePerCentInCompanyLineItems" xlink:to="NumberOfSharesHeldInCompany" priority="0" order="5.0"/>
    <loc xlink:type="locator" xlink:href="../in-gaap-2012-03-31.xsd#in-gaap_PercentageOfShareholdingInCompany" xlink:label="PercentageOfShareholdingInCompany"/>
    <definitionArc xlink:type="arc" xlink:arcrole="http://xbrl.org/int/dim/arcrole/domain-member" xlink:from="DisclosureOfShareholdingMoreThanFivePerCentInCompanyLineItems" xlink:to="PercentageOfShareholdingInCompany" priority="0" order="6.0"/>
  </definitionLink>
</linkbase>
