<?xml version="1.0" encoding="US-ASCII"?>
<!-- Generated by Fujitsu Interstage XWand B0166 -->
<linkbase xmlns="http://www.xbrl.org/2003/linkbase" xmlns:xsi="http://www.w3.org/2001/XMLSchema-instance" xmlns:xbrldt="http://xbrl.org/2005/xbrldt" xmlns:xlink="http://www.w3.org/1999/xlink" xmlns:xbrli="http://www.xbrl.org/2003/instance">
  <roleRef roleURI="http://www.icai.org/xbrl/taxonomy/role/in-gaap/NotesSubclassificationAndNotesOnLiabilitiesAndAssets" xlink:type="simple" xlink:href="../in-gaap-roles-2012-03-31.xsd#in-gaap-rol-200600"/>
  <roleRef roleURI="http://www.icai.org/xbrl/taxonomy/role/in-gaap/NotesSubclassificationAndNotesOnLiabilitiesAndAssets1" xlink:type="simple" xlink:href="../in-gaap-roles-2012-03-31.xsd#in-gaap-rol-200600a"/>
  <roleRef roleURI="http://www.icai.org/xbrl/taxonomy/role/in-gaap/NotesSubclassificationAndNotesOnLiabilitiesAndAssets2" xlink:type="simple" xlink:href="../in-gaap-roles-2012-03-31.xsd#in-gaap-rol-200600b"/>
  <roleRef roleURI="http://www.icai.org/xbrl/taxonomy/role/in-gaap/NotesSubclassificationAndNotesOnLiabilitiesAndAssets3" xlink:type="simple" xlink:href="../in-gaap-roles-2012-03-31.xsd#in-gaap-rol-200600c"/>
  <roleRef roleURI="http://www.icai.org/xbrl/taxonomy/role/in-gaap/NotesSubclassificationAndNotesOnLiabilitiesAndAssets4" xlink:type="simple" xlink:href="../in-gaap-roles-2012-03-31.xsd#in-gaap-rol-200600d"/>
  <roleRef roleURI="http://www.icai.org/xbrl/taxonomy/role/in-gaap/NotesSubclassificationAndNotesOnLiabilitiesAndAssets5" xlink:type="simple" xlink:href="../in-gaap-roles-2012-03-31.xsd#in-gaap-rol-200600e"/>
  <roleRef roleURI="http://www.icai.org/xbrl/taxonomy/role/in-gaap/NotesSubclassificationAndNotesOnLiabilitiesAndAssets6" xlink:type="simple" xlink:href="../in-gaap-roles-2012-03-31.xsd#in-gaap-rol-200600f"/>
  <roleRef roleURI="http://www.icai.org/xbrl/taxonomy/role/in-gaap/NotesSubclassificationAndNotesOnLiabilitiesAndAssets7" xlink:type="simple" xlink:href="../in-gaap-roles-2012-03-31.xsd#in-gaap-rol-200600g"/>
  <roleRef roleURI="http://www.icai.org/xbrl/taxonomy/role/in-gaap/NotesSubclassificationAndNotesOnLiabilitiesAndAssets8" xlink:type="simple" xlink:href="../in-gaap-roles-2012-03-31.xsd#in-gaap-rol-200600h"/>
  <arcroleRef arcroleURI="http://xbrl.org/int/dim/arcrole/all" xlink:type="simple" xlink:href="http://www.xbrl.org/2005/xbrldt-2005.xsd#all"/>
  <arcroleRef arcroleURI="http://xbrl.org/int/dim/arcrole/dimension-domain" xlink:type="simple" xlink:href="http://www.xbrl.org/2005/xbrldt-2005.xsd#dimension-domain"/>
  <arcroleRef arcroleURI="http://xbrl.org/int/dim/arcrole/domain-member" xlink:type="simple" xlink:href="http://www.xbrl.org/2005/xbrldt-2005.xsd#domain-member"/>
  <arcroleRef arcroleURI="http://xbrl.org/int/dim/arcrole/hypercube-dimension" xlink:type="simple" xlink:href="http://www.xbrl.org/2005/xbrldt-2005.xsd#hypercube-dimension"/>
  <definitionLink xlink:type="extended" xlink:role="http://www.icai.org/xbrl/taxonomy/role/in-gaap/NotesSubclassificationAndNotesOnLiabilitiesAndAssets">
    <loc xlink:type="locator" xlink:href="../in-gaap-2012-03-31.xsd#in-gaap_DisclosureOfBreakupOfProvisionsAbstract" xlink:label="DisclosureOfBreakupOfProvisionsAbstract"/>
    <loc xlink:type="locator" xlink:href="../in-gaap-2012-03-31.xsd#in-gaap_DisclosureOfBreakupOfProvisionsTable" xlink:label="DisclosureOfBreakupOfProvisionsTable"/>
    <definitionArc xlink:type="arc" xlink:arcrole="http://xbrl.org/int/dim/arcrole/all" xlink:from="DisclosureOfBreakupOfProvisionsAbstract" xlink:to="DisclosureOfBreakupOfProvisionsTable" priority="0" order="1.0" xbrldt:contextElement="scenario" xbrldt:closed="true"/>
    <loc xlink:type="locator" xlink:href="../in-gaap-2012-03-31.xsd#in-gaap_ClassificationOfProvisionsAxis" xlink:label="ClassificationOfProvisionsAxis"/>
    <definitionArc xlink:type="arc" xlink:arcrole="http://xbrl.org/int/dim/arcrole/hypercube-dimension" xlink:from="DisclosureOfBreakupOfProvisionsTable" xlink:to="ClassificationOfProvisionsAxis" priority="0" order="1.0"/>
    <loc xlink:type="locator" xlink:href="../in-gaap-2012-03-31.xsd#in-gaap_LongAndShortTermProvisionsMember" xlink:label="LongAndShortTermProvisionsMember"/>
    <definitionArc xlink:type="arc" xlink:arcrole="http://xbrl.org/int/dim/arcrole/dimension-domain" xlink:from="ClassificationOfProvisionsAxis" xlink:to="LongAndShortTermProvisionsMember" priority="0" order="1.0"/>
    <loc xlink:type="locator" xlink:href="../in-gaap-2012-03-31.xsd#in-gaap_LongTermProvisionsMember" xlink:label="LongTermProvisionsMember"/>
    <definitionArc xlink:type="arc" xlink:arcrole="http://xbrl.org/int/dim/arcrole/domain-member" xlink:from="LongAndShortTermProvisionsMember" xlink:to="LongTermProvisionsMember" priority="0" order="1.0"/>
    <loc xlink:type="locator" xlink:href="../in-gaap-2012-03-31.xsd#in-gaap_ShortTermProvisionsMember" xlink:label="ShortTermProvisionsMember"/>
    <definitionArc xlink:type="arc" xlink:arcrole="http://xbrl.org/int/dim/arcrole/domain-member" xlink:from="LongAndShortTermProvisionsMember" xlink:to="ShortTermProvisionsMember" priority="0" order="2.0"/>
    <loc xlink:type="locator" xlink:href="../in-gaap-2012-03-31.xsd#in-gaap_BreakupOfProvisionsAxis" xlink:label="BreakupOfProvisionsAxis"/>
    <definitionArc xlink:type="arc" xlink:arcrole="http://xbrl.org/int/dim/arcrole/hypercube-dimension" xlink:from="DisclosureOfBreakupOfProvisionsTable" xlink:to="BreakupOfProvisionsAxis" priority="0" order="2.0"/>
    <loc xlink:type="locator" xlink:href="../in-gaap-2012-03-31.xsd#in-gaap_ProvisionsMember" xlink:label="ProvisionsMember"/>
    <definitionArc xlink:type="arc" xlink:arcrole="http://xbrl.org/int/dim/arcrole/dimension-domain" xlink:from="BreakupOfProvisionsAxis" xlink:to="ProvisionsMember" priority="0" order="1.0"/>
    <loc xlink:type="locator" xlink:href="../in-gaap-2012-03-31.xsd#in-gaap_ProvisionsForEmployeeBenefitsMember" xlink:label="ProvisionsForEmployeeBenefitsMember"/>
    <definitionArc xlink:type="arc" xlink:arcrole="http://xbrl.org/int/dim/arcrole/domain-member" xlink:from="ProvisionsMember" xlink:to="ProvisionsForEmployeeBenefitsMember" priority="0" order="1.0"/>
    <loc xlink:type="locator" xlink:href="../in-gaap-2012-03-31.xsd#in-gaap_ProvisionGratuityMember" xlink:label="ProvisionGratuityMember"/>
    <definitionArc xlink:type="arc" xlink:arcrole="http://xbrl.org/int/dim/arcrole/domain-member" xlink:from="ProvisionsForEmployeeBenefitsMember" xlink:to="ProvisionGratuityMember" priority="0" order="1.0"/>
    <loc xlink:type="locator" xlink:href="../in-gaap-2012-03-31.xsd#in-gaap_ProvisionLeaveEncashmentMember" xlink:label="ProvisionLeaveEncashmentMember"/>
    <definitionArc xlink:type="arc" xlink:arcrole="http://xbrl.org/int/dim/arcrole/domain-member" xlink:from="ProvisionsForEmployeeBenefitsMember" xlink:to="ProvisionLeaveEncashmentMember" priority="0" order="2.0"/>
    <loc xlink:type="locator" xlink:href="../in-gaap-2012-03-31.xsd#in-gaap_ProvisionPensionMember" xlink:label="ProvisionPensionMember"/>
    <definitionArc xlink:type="arc" xlink:arcrole="http://xbrl.org/int/dim/arcrole/domain-member" xlink:from="ProvisionsForEmployeeBenefitsMember" xlink:to="ProvisionPensionMember" priority="0" order="3.0"/>
    <loc xlink:type="locator" xlink:href="../in-gaap-2012-03-31.xsd#in-gaap_ProvisionEmployeeInsuranceSchemeMember" xlink:label="ProvisionEmployeeInsuranceSchemeMember"/>
    <definitionArc xlink:type="arc" xlink:arcrole="http://xbrl.org/int/dim/arcrole/domain-member" xlink:from="ProvisionsForEmployeeBenefitsMember" xlink:to="ProvisionEmployeeInsuranceSchemeMember" priority="0" order="4.0"/>
    <loc xlink:type="locator" xlink:href="../in-gaap-2012-03-31.xsd#in-gaap_ProvisionOtherEmployeeRelatedLiabilitiesMember" xlink:label="ProvisionOtherEmployeeRelatedLiabilitiesMember"/>
    <definitionArc xlink:type="arc" xlink:arcrole="http://xbrl.org/int/dim/arcrole/domain-member" xlink:from="ProvisionsForEmployeeBenefitsMember" xlink:to="ProvisionOtherEmployeeRelatedLiabilitiesMember" priority="0" order="5.0"/>
    <loc xlink:type="locator" xlink:href="../in-gaap-2012-03-31.xsd#in-gaap_ProvisionForCorporateTaxMember" xlink:label="ProvisionForCorporateTaxMember"/>
    <definitionArc xlink:type="arc" xlink:arcrole="http://xbrl.org/int/dim/arcrole/domain-member" xlink:from="ProvisionsMember" xlink:to="ProvisionForCorporateTaxMember" priority="0" order="2.0"/>
    <loc xlink:type="locator" xlink:href="../in-gaap-2012-03-31.xsd#in-gaap_ProvisionForCurrentTaxMember" xlink:label="ProvisionForCurrentTaxMember"/>
    <definitionArc xlink:type="arc" xlink:arcrole="http://xbrl.org/int/dim/arcrole/domain-member" xlink:from="ProvisionForCorporateTaxMember" xlink:to="ProvisionForCurrentTaxMember" priority="0" order="1.0"/>
    <loc xlink:type="locator" xlink:href="../in-gaap-2012-03-31.xsd#in-gaap_ProvisionForWealthTaxMember" xlink:label="ProvisionForWealthTaxMember"/>
    <definitionArc xlink:type="arc" xlink:arcrole="http://xbrl.org/int/dim/arcrole/domain-member" xlink:from="ProvisionForCorporateTaxMember" xlink:to="ProvisionForWealthTaxMember" priority="0" order="2.0"/>
    <loc xlink:type="locator" xlink:href="../in-gaap-2012-03-31.xsd#in-gaap_ProvisionForFringeBenefitTaxMember" xlink:label="ProvisionForFringeBenefitTaxMember"/>
    <definitionArc xlink:type="arc" xlink:arcrole="http://xbrl.org/int/dim/arcrole/domain-member" xlink:from="ProvisionForCorporateTaxMember" xlink:to="ProvisionForFringeBenefitTaxMember" priority="0" order="3.0"/>
    <loc xlink:type="locator" xlink:href="../in-gaap-2012-03-31.xsd#in-gaap_ProvisionForOtherTaxMember" xlink:label="ProvisionForOtherTaxMember"/>
    <definitionArc xlink:type="arc" xlink:arcrole="http://xbrl.org/int/dim/arcrole/domain-member" xlink:from="ProvisionForCorporateTaxMember" xlink:to="ProvisionForOtherTaxMember" priority="0" order="4.0"/>
    <loc xlink:type="locator" xlink:href="../in-gaap-2012-03-31.xsd#in-gaap_ProvisionForCorporateDividendTaxMember" xlink:label="ProvisionForCorporateDividendTaxMember"/>
    <definitionArc xlink:type="arc" xlink:arcrole="http://xbrl.org/int/dim/arcrole/domain-member" xlink:from="ProvisionForCorporateTaxMember" xlink:to="ProvisionForCorporateDividendTaxMember" priority="0" order="5.0"/>
    <loc xlink:type="locator" xlink:href="../in-gaap-2012-03-31.xsd#in-gaap_ProvisionForProposedDividendMember" xlink:label="ProvisionForProposedDividendMember"/>
    <definitionArc xlink:type="arc" xlink:arcrole="http://xbrl.org/int/dim/arcrole/domain-member" xlink:from="ProvisionsMember" xlink:to="ProvisionForProposedDividendMember" priority="0" order="3.0"/>
    <loc xlink:type="locator" xlink:href="../in-gaap-2012-03-31.xsd#in-gaap_ProvisionForProposedEquityDividendMember" xlink:label="ProvisionForProposedEquityDividendMember"/>
    <definitionArc xlink:type="arc" xlink:arcrole="http://xbrl.org/int/dim/arcrole/domain-member" xlink:from="ProvisionForProposedDividendMember" xlink:to="ProvisionForProposedEquityDividendMember" priority="0" order="1.0"/>
    <loc xlink:type="locator" xlink:href="../in-gaap-2012-03-31.xsd#in-gaap_ProvisionForProposedEquityInterimDividendMember" xlink:label="ProvisionForProposedEquityInterimDividendMember"/>
    <definitionArc xlink:type="arc" xlink:arcrole="http://xbrl.org/int/dim/arcrole/domain-member" xlink:from="ProvisionForProposedEquityDividendMember" xlink:to="ProvisionForProposedEquityInterimDividendMember" priority="0" order="1.0"/>
    <loc xlink:type="locator" xlink:href="../in-gaap-2012-03-31.xsd#in-gaap_ProvisionForProposedEquityFinalDividendMember" xlink:label="ProvisionForProposedEquityFinalDividendMember"/>
    <definitionArc xlink:type="arc" xlink:arcrole="http://xbrl.org/int/dim/arcrole/domain-member" xlink:from="ProvisionForProposedEquityDividendMember" xlink:to="ProvisionForProposedEquityFinalDividendMember" priority="0" order="2.0"/>
    <loc xlink:type="locator" xlink:href="../in-gaap-2012-03-31.xsd#in-gaap_ProvisionForProposedEquitySpecialDividendMember" xlink:label="ProvisionForProposedEquitySpecialDividendMember"/>
    <definitionArc xlink:type="arc" xlink:arcrole="http://xbrl.org/int/dim/arcrole/domain-member" xlink:from="ProvisionForProposedEquityDividendMember" xlink:to="ProvisionForProposedEquitySpecialDividendMember" priority="0" order="3.0"/>
    <loc xlink:type="locator" xlink:href="../in-gaap-2012-03-31.xsd#in-gaap_ProvisionForProposedPreferenceDividendMember" xlink:label="ProvisionForProposedPreferenceDividendMember"/>
    <definitionArc xlink:type="arc" xlink:arcrole="http://xbrl.org/int/dim/arcrole/domain-member" xlink:from="ProvisionForProposedDividendMember" xlink:to="ProvisionForProposedPreferenceDividendMember" priority="0" order="2.0"/>
    <loc xlink:type="locator" xlink:href="../in-gaap-2012-03-31.xsd#in-gaap_ProvisionForProposedPreferenceInterimDividendMember" xlink:label="ProvisionForProposedPreferenceInterimDividendMember"/>
    <definitionArc xlink:type="arc" xlink:arcrole="http://xbrl.org/int/dim/arcrole/domain-member" xlink:from="ProvisionForProposedPreferenceDividendMember" xlink:to="ProvisionForProposedPreferenceInterimDividendMember" priority="0" order="1.0"/>
    <loc xlink:type="locator" xlink:href="../in-gaap-2012-03-31.xsd#in-gaap_ProvisionForProposedPreferenceFinalDividendMember" xlink:label="ProvisionForProposedPreferenceFinalDividendMember"/>
    <definitionArc xlink:type="arc" xlink:arcrole="http://xbrl.org/int/dim/arcrole/domain-member" xlink:from="ProvisionForProposedPreferenceDividendMember" xlink:to="ProvisionForProposedPreferenceFinalDividendMember" priority="0" order="2.0"/>
    <loc xlink:type="locator" xlink:href="../in-gaap-2012-03-31.xsd#in-gaap_ProvisionForProposedPreferenceSpecialDividendMember" xlink:label="ProvisionForProposedPreferenceSpecialDividendMember"/>
    <definitionArc xlink:type="arc" xlink:arcrole="http://xbrl.org/int/dim/arcrole/domain-member" xlink:from="ProvisionForProposedPreferenceDividendMember" xlink:to="ProvisionForProposedPreferenceSpecialDividendMember" priority="0" order="3.0"/>
    <loc xlink:type="locator" xlink:href="../in-gaap-2012-03-31.xsd#in-gaap_ProvisionForStatutoryLiabilitiesMember" xlink:label="ProvisionForStatutoryLiabilitiesMember"/>
    <definitionArc xlink:type="arc" xlink:arcrole="http://xbrl.org/int/dim/arcrole/domain-member" xlink:from="ProvisionsMember" xlink:to="ProvisionForStatutoryLiabilitiesMember" priority="0" order="4.0"/>
    <loc xlink:type="locator" xlink:href="../in-gaap-2012-03-31.xsd#in-gaap_ProvisionForAbandonmentCostMember" xlink:label="ProvisionForAbandonmentCostMember"/>
    <definitionArc xlink:type="arc" xlink:arcrole="http://xbrl.org/int/dim/arcrole/domain-member" xlink:from="ProvisionsMember" xlink:to="ProvisionForAbandonmentCostMember" priority="0" order="5.0"/>
    <loc xlink:type="locator" xlink:href="../in-gaap-2012-03-31.xsd#in-gaap_OtherProvisionsMember" xlink:label="OtherProvisionsMember"/>
    <definitionArc xlink:type="arc" xlink:arcrole="http://xbrl.org/int/dim/arcrole/domain-member" xlink:from="ProvisionsMember" xlink:to="OtherProvisionsMember" priority="0" order="6.0"/>
    <loc xlink:type="locator" xlink:href="../in-gaap-2012-03-31.xsd#in-gaap_DisclosureOfProvisionsLineItems" xlink:label="DisclosureOfProvisionsLineItems"/>
    <definitionArc xlink:type="arc" xlink:arcrole="http://xbrl.org/int/dim/arcrole/domain-member" xlink:from="DisclosureOfBreakupOfProvisionsAbstract" xlink:to="DisclosureOfProvisionsLineItems" priority="0" order="2.0"/>
    <loc xlink:type="locator" xlink:href="../in-gaap-2012-03-31.xsd#in-gaap_Provisions" xlink:label="Provisions"/>
    <definitionArc xlink:type="arc" xlink:arcrole="http://xbrl.org/int/dim/arcrole/domain-member" xlink:from="DisclosureOfProvisionsLineItems" xlink:to="Provisions" priority="0" order="1.0"/>
    <loc xlink:type="locator" xlink:href="../in-gaap-2012-03-31.xsd#in-gaap_NatureOfOtherProvisions" xlink:label="NatureOfOtherProvisions"/>
    <definitionArc xlink:type="arc" xlink:arcrole="http://xbrl.org/int/dim/arcrole/domain-member" xlink:from="DisclosureOfProvisionsLineItems" xlink:to="NatureOfOtherProvisions" priority="0" order="2.0"/>
  </definitionLink>
  <definitionLink xlink:type="extended" xlink:role="http://www.icai.org/xbrl/taxonomy/role/in-gaap/NotesSubclassificationAndNotesOnLiabilitiesAndAssets1">
    <loc xlink:type="locator" xlink:href="../in-gaap-2012-03-31.xsd#in-gaap_DisclosureOfDetailsOfProducingPropertiesAbstract" xlink:label="DisclosureOfDetailsOfProducingPropertiesAbstract"/>
    <loc xlink:type="locator" xlink:href="../in-gaap-2012-03-31.xsd#in-gaap_DisclosureOfDetailsOfProducingPropertiesTable" xlink:label="DisclosureOfDetailsOfProducingPropertiesTable"/>
    <definitionArc xlink:type="arc" xlink:arcrole="http://xbrl.org/int/dim/arcrole/all" xlink:from="DisclosureOfDetailsOfProducingPropertiesAbstract" xlink:to="DisclosureOfDetailsOfProducingPropertiesTable" priority="0" order="1.0" xbrldt:contextElement="scenario" xbrldt:closed="true"/>
    <loc xlink:type="locator" xlink:href="../in-gaap-2012-03-31.xsd#in-gaap_DetailsOfProducingPropertiesAxis" xlink:label="DetailsOfProducingPropertiesAxis"/>
    <definitionArc xlink:type="arc" xlink:arcrole="http://xbrl.org/int/dim/arcrole/hypercube-dimension" xlink:from="DisclosureOfDetailsOfProducingPropertiesTable" xlink:to="DetailsOfProducingPropertiesAxis" priority="0" order="1.0"/>
    <loc xlink:type="locator" xlink:href="../in-gaap-2012-03-31.xsd#in-gaap_CarryingAmountOfProducingPropertiesMember" xlink:label="CarryingAmountOfProducingPropertiesMember"/>
    <definitionArc xlink:type="arc" xlink:arcrole="http://xbrl.org/int/dim/arcrole/dimension-domain" xlink:from="DetailsOfProducingPropertiesAxis" xlink:to="CarryingAmountOfProducingPropertiesMember" priority="0" order="1.0"/>
    <loc xlink:type="locator" xlink:href="../in-gaap-2012-03-31.xsd#in-gaap_GrossCarryingAmountMember" xlink:label="GrossCarryingAmountMember"/>
    <definitionArc xlink:type="arc" xlink:arcrole="http://xbrl.org/int/dim/arcrole/domain-member" xlink:from="CarryingAmountOfProducingPropertiesMember" xlink:to="GrossCarryingAmountMember" priority="0" order="1.0"/>
    <loc xlink:type="locator" xlink:href="../in-gaap-2012-03-31.xsd#in-gaap_DepletionMember" xlink:label="DepletionMember"/>
    <definitionArc xlink:type="arc" xlink:arcrole="http://xbrl.org/int/dim/arcrole/domain-member" xlink:from="CarryingAmountOfProducingPropertiesMember" xlink:to="DepletionMember" priority="0" order="2.0"/>
    <loc xlink:type="locator" xlink:href="../in-gaap-2012-03-31.xsd#in-gaap_DetailsOfProducingPropertiesLineItems" xlink:label="DetailsOfProducingPropertiesLineItems"/>
    <definitionArc xlink:type="arc" xlink:arcrole="http://xbrl.org/int/dim/arcrole/domain-member" xlink:from="DisclosureOfDetailsOfProducingPropertiesAbstract" xlink:to="DetailsOfProducingPropertiesLineItems" priority="0" order="2.0"/>
    <loc xlink:type="locator" xlink:href="../in-gaap-2012-03-31.xsd#in-gaap_ChangesInProducingPropertiesAbstract" xlink:label="ChangesInProducingPropertiesAbstract"/>
    <definitionArc xlink:type="arc" xlink:arcrole="http://xbrl.org/int/dim/arcrole/domain-member" xlink:from="DetailsOfProducingPropertiesLineItems" xlink:to="ChangesInProducingPropertiesAbstract" priority="0" order="2.0"/>
    <loc xlink:type="locator" xlink:href="../in-gaap-2012-03-31.xsd#in-gaap_TransferFromPreProducingProperties" xlink:label="TransferFromPreProducingProperties"/>
    <definitionArc xlink:type="arc" xlink:arcrole="http://xbrl.org/int/dim/arcrole/domain-member" xlink:from="ChangesInProducingPropertiesAbstract" xlink:to="TransferFromPreProducingProperties" priority="0" order="1.0"/>
    <loc xlink:type="locator" xlink:href="../in-gaap-2012-03-31.xsd#in-gaap_DepletionProducingProperties" xlink:label="DepletionProducingProperties"/>
    <definitionArc xlink:type="arc" xlink:arcrole="http://xbrl.org/int/dim/arcrole/domain-member" xlink:from="ChangesInProducingPropertiesAbstract" xlink:to="DepletionProducingProperties" priority="0" order="2.0"/>
    <loc xlink:type="locator" xlink:href="../in-gaap-2012-03-31.xsd#in-gaap_OtherAdjustmentsProducingProperties" xlink:label="OtherAdjustmentsProducingProperties"/>
    <definitionArc xlink:type="arc" xlink:arcrole="http://xbrl.org/int/dim/arcrole/domain-member" xlink:from="ChangesInProducingPropertiesAbstract" xlink:to="OtherAdjustmentsProducingProperties" priority="0" order="3.0"/>
    <loc xlink:type="locator" xlink:href="../in-gaap-2012-03-31.xsd#in-gaap_ChangesInProducingProperties" xlink:label="ChangesInProducingProperties"/>
    <definitionArc xlink:type="arc" xlink:arcrole="http://xbrl.org/int/dim/arcrole/domain-member" xlink:from="ChangesInProducingPropertiesAbstract" xlink:to="ChangesInProducingProperties" priority="0" order="4.0"/>
    <loc xlink:type="locator" xlink:href="../in-gaap-2012-03-31.xsd#in-gaap_ProducingProperties" xlink:label="ProducingProperties"/>
    <definitionArc xlink:type="arc" xlink:arcrole="http://xbrl.org/int/dim/arcrole/domain-member" xlink:from="DetailsOfProducingPropertiesLineItems" xlink:to="ProducingProperties" priority="0" order="1.0"/>
    <loc xlink:type="locator" xlink:href="../in-gaap-2012-03-31.xsd#in-gaap_ProducingProperties" xlink:label="ProducingProperties_2"/>
    <definitionArc xlink:type="arc" xlink:arcrole="http://xbrl.org/int/dim/arcrole/domain-member" xlink:from="DetailsOfProducingPropertiesLineItems" xlink:to="ProducingProperties_2" priority="0" order="3.0"/>
  </definitionLink>
  <definitionLink xlink:type="extended" xlink:role="http://www.icai.org/xbrl/taxonomy/role/in-gaap/NotesSubclassificationAndNotesOnLiabilitiesAndAssets2">
    <loc xlink:type="locator" xlink:href="../in-gaap-2012-03-31.xsd#in-gaap_DisclosureOfDetailsOfPreProducingPropertiesAbstract" xlink:label="DisclosureOfDetailsOfPreProducingPropertiesAbstract"/>
    <loc xlink:type="locator" xlink:href="../in-gaap-2012-03-31.xsd#in-gaap_DisclosureOfDetailsOfPreProducingPropertiesTable" xlink:label="DisclosureOfDetailsOfPreProducingPropertiesTable"/>
    <definitionArc xlink:type="arc" xlink:arcrole="http://xbrl.org/int/dim/arcrole/all" xlink:from="DisclosureOfDetailsOfPreProducingPropertiesAbstract" xlink:to="DisclosureOfDetailsOfPreProducingPropertiesTable" priority="0" order="1.0" xbrldt:contextElement="scenario" xbrldt:closed="true"/>
    <loc xlink:type="locator" xlink:href="../in-gaap-2012-03-31.xsd#in-gaap_ClassesOfPreProducingPropertiesAxis" xlink:label="ClassesOfPreProducingPropertiesAxis"/>
    <definitionArc xlink:type="arc" xlink:arcrole="http://xbrl.org/int/dim/arcrole/hypercube-dimension" xlink:from="DisclosureOfDetailsOfPreProducingPropertiesTable" xlink:to="ClassesOfPreProducingPropertiesAxis" priority="0" order="1.0"/>
    <loc xlink:type="locator" xlink:href="../in-gaap-2012-03-31.xsd#in-gaap_CompanyTotalOfPreProducingPropertiesMember" xlink:label="CompanyTotalOfPreProducingPropertiesMember"/>
    <definitionArc xlink:type="arc" xlink:arcrole="http://xbrl.org/int/dim/arcrole/dimension-domain" xlink:from="ClassesOfPreProducingPropertiesAxis" xlink:to="CompanyTotalOfPreProducingPropertiesMember" priority="0" order="1.0"/>
    <loc xlink:type="locator" xlink:href="../in-gaap-2012-03-31.xsd#in-gaap_ExploratoryWellsMember" xlink:label="ExploratoryWellsMember"/>
    <definitionArc xlink:type="arc" xlink:arcrole="http://xbrl.org/int/dim/arcrole/domain-member" xlink:from="CompanyTotalOfPreProducingPropertiesMember" xlink:to="ExploratoryWellsMember" priority="0" order="1.0"/>
    <loc xlink:type="locator" xlink:href="../in-gaap-2012-03-31.xsd#in-gaap_DevelopmentWellsMember" xlink:label="DevelopmentWellsMember"/>
    <definitionArc xlink:type="arc" xlink:arcrole="http://xbrl.org/int/dim/arcrole/domain-member" xlink:from="CompanyTotalOfPreProducingPropertiesMember" xlink:to="DevelopmentWellsMember" priority="0" order="2.0"/>
    <loc xlink:type="locator" xlink:href="../in-gaap-2012-03-31.xsd#in-gaap_DetailsOfPreProducingPropertiesAxis" xlink:label="DetailsOfPreProducingPropertiesAxis"/>
    <definitionArc xlink:type="arc" xlink:arcrole="http://xbrl.org/int/dim/arcrole/hypercube-dimension" xlink:from="DisclosureOfDetailsOfPreProducingPropertiesTable" xlink:to="DetailsOfPreProducingPropertiesAxis" priority="0" order="2.0"/>
    <loc xlink:type="locator" xlink:href="../in-gaap-2012-03-31.xsd#in-gaap_CarryingAmountOfPreProducingPropertiesMember" xlink:label="CarryingAmountOfPreProducingPropertiesMember"/>
    <definitionArc xlink:type="arc" xlink:arcrole="http://xbrl.org/int/dim/arcrole/dimension-domain" xlink:from="DetailsOfPreProducingPropertiesAxis" xlink:to="CarryingAmountOfPreProducingPropertiesMember" priority="0" order="1.0"/>
    <loc xlink:type="locator" xlink:href="../in-gaap-2012-03-31.xsd#in-gaap_GrossCarryingAmountMember" xlink:label="GrossCarryingAmountMember"/>
    <definitionArc xlink:type="arc" xlink:arcrole="http://xbrl.org/int/dim/arcrole/domain-member" xlink:from="CarryingAmountOfPreProducingPropertiesMember" xlink:to="GrossCarryingAmountMember" priority="0" order="1.0"/>
    <loc xlink:type="locator" xlink:href="../in-gaap-2012-03-31.xsd#in-gaap_DepletionMember" xlink:label="DepletionMember"/>
    <definitionArc xlink:type="arc" xlink:arcrole="http://xbrl.org/int/dim/arcrole/domain-member" xlink:from="CarryingAmountOfPreProducingPropertiesMember" xlink:to="DepletionMember" priority="0" order="2.0"/>
    <loc xlink:type="locator" xlink:href="../in-gaap-2012-03-31.xsd#in-gaap_DetailsOfPreProducingPropertiesLineItems" xlink:label="DetailsOfPreProducingPropertiesLineItems"/>
    <definitionArc xlink:type="arc" xlink:arcrole="http://xbrl.org/int/dim/arcrole/domain-member" xlink:from="DisclosureOfDetailsOfPreProducingPropertiesAbstract" xlink:to="DetailsOfPreProducingPropertiesLineItems" priority="0" order="2.0"/>
    <loc xlink:type="locator" xlink:href="../in-gaap-2012-03-31.xsd#in-gaap_ChangesInPreProducingPropertiesAbstract" xlink:label="ChangesInPreProducingPropertiesAbstract"/>
    <definitionArc xlink:type="arc" xlink:arcrole="http://xbrl.org/int/dim/arcrole/domain-member" xlink:from="DetailsOfPreProducingPropertiesLineItems" xlink:to="ChangesInPreProducingPropertiesAbstract" priority="0" order="2.0"/>
    <loc xlink:type="locator" xlink:href="../in-gaap-2012-03-31.xsd#in-gaap_ExpenditureDuringYearOnPreProducingProperties" xlink:label="ExpenditureDuringYearOnPreProducingProperties"/>
    <definitionArc xlink:type="arc" xlink:arcrole="http://xbrl.org/int/dim/arcrole/domain-member" xlink:from="ChangesInPreProducingPropertiesAbstract" xlink:to="ExpenditureDuringYearOnPreProducingProperties" priority="0" order="1.0"/>
    <loc xlink:type="locator" xlink:href="../in-gaap-2012-03-31.xsd#in-gaap_TransferToPreProducingProperties" xlink:label="TransferToPreProducingProperties"/>
    <definitionArc xlink:type="arc" xlink:arcrole="http://xbrl.org/int/dim/arcrole/domain-member" xlink:from="ChangesInPreProducingPropertiesAbstract" xlink:to="TransferToPreProducingProperties" priority="0" order="2.0"/>
    <loc xlink:type="locator" xlink:href="../in-gaap-2012-03-31.xsd#in-gaap_DepreciationOrDepletionPreProducingProperties" xlink:label="DepreciationOrDepletionPreProducingProperties"/>
    <definitionArc xlink:type="arc" xlink:arcrole="http://xbrl.org/int/dim/arcrole/domain-member" xlink:from="ChangesInPreProducingPropertiesAbstract" xlink:to="DepreciationOrDepletionPreProducingProperties" priority="0" order="3.0"/>
    <loc xlink:type="locator" xlink:href="../in-gaap-2012-03-31.xsd#in-gaap_TransferToStatementOfProfitAndLossPreProducingProperties" xlink:label="TransferToStatementOfProfitAndLossPreProducingProperties"/>
    <definitionArc xlink:type="arc" xlink:arcrole="http://xbrl.org/int/dim/arcrole/domain-member" xlink:from="ChangesInPreProducingPropertiesAbstract" xlink:to="TransferToStatementOfProfitAndLossPreProducingProperties" priority="0" order="4.0"/>
    <loc xlink:type="locator" xlink:href="../in-gaap-2012-03-31.xsd#in-gaap_OtherAdjustmentsPreProducingProperties" xlink:label="OtherAdjustmentsPreProducingProperties"/>
    <definitionArc xlink:type="arc" xlink:arcrole="http://xbrl.org/int/dim/arcrole/domain-member" xlink:from="ChangesInPreProducingPropertiesAbstract" xlink:to="OtherAdjustmentsPreProducingProperties" priority="0" order="5.0"/>
    <loc xlink:type="locator" xlink:href="../in-gaap-2012-03-31.xsd#in-gaap_ChangesInPreProducingProperties" xlink:label="ChangesInPreProducingProperties"/>
    <definitionArc xlink:type="arc" xlink:arcrole="http://xbrl.org/int/dim/arcrole/domain-member" xlink:from="ChangesInPreProducingPropertiesAbstract" xlink:to="ChangesInPreProducingProperties" priority="0" order="6.0"/>
    <loc xlink:type="locator" xlink:href="../in-gaap-2012-03-31.xsd#in-gaap_PreProducingProperties" xlink:label="PreProducingProperties"/>
    <definitionArc xlink:type="arc" xlink:arcrole="http://xbrl.org/int/dim/arcrole/domain-member" xlink:from="DetailsOfPreProducingPropertiesLineItems" xlink:to="PreProducingProperties" priority="0" order="1.0"/>
    <loc xlink:type="locator" xlink:href="../in-gaap-2012-03-31.xsd#in-gaap_PreProducingProperties" xlink:label="PreProducingProperties_2"/>
    <definitionArc xlink:type="arc" xlink:arcrole="http://xbrl.org/int/dim/arcrole/domain-member" xlink:from="DetailsOfPreProducingPropertiesLineItems" xlink:to="PreProducingProperties_2" priority="0" order="3.0"/>
  </definitionLink>
  <definitionLink xlink:type="extended" xlink:role="http://www.icai.org/xbrl/taxonomy/role/in-gaap/NotesSubclassificationAndNotesOnLiabilitiesAndAssets3">
    <loc xlink:type="locator" xlink:href="../in-gaap-2012-03-31.xsd#in-gaap_OtherLoansAndAdvancesMember" xlink:label="OtherLoansAndAdvancesMember"/>
    <loc xlink:type="locator" xlink:href="../in-gaap-2012-03-31.xsd#in-gaap_PrepaidExpensesMember" xlink:label="PrepaidExpensesMember"/>
    <definitionArc xlink:type="arc" xlink:arcrole="http://xbrl.org/int/dim/arcrole/domain-member" xlink:from="OtherLoansAndAdvancesMember" xlink:to="PrepaidExpensesMember" priority="0" order="1.0"/>
    <loc xlink:type="locator" xlink:href="../in-gaap-2012-03-31.xsd#in-gaap_AdvanceTaxMember" xlink:label="AdvanceTaxMember"/>
    <definitionArc xlink:type="arc" xlink:arcrole="http://xbrl.org/int/dim/arcrole/domain-member" xlink:from="OtherLoansAndAdvancesMember" xlink:to="AdvanceTaxMember" priority="0" order="2.0"/>
    <loc xlink:type="locator" xlink:href="../in-gaap-2012-03-31.xsd#in-gaap_AdvanceIncomeTaxPaidMember" xlink:label="AdvanceIncomeTaxPaidMember"/>
    <definitionArc xlink:type="arc" xlink:arcrole="http://xbrl.org/int/dim/arcrole/domain-member" xlink:from="AdvanceTaxMember" xlink:to="AdvanceIncomeTaxPaidMember" priority="0" order="1.0"/>
    <loc xlink:type="locator" xlink:href="../in-gaap-2012-03-31.xsd#in-gaap_AdvanceSalesTaxVATPaidMember" xlink:label="AdvanceSalesTaxVATPaidMember"/>
    <definitionArc xlink:type="arc" xlink:arcrole="http://xbrl.org/int/dim/arcrole/domain-member" xlink:from="AdvanceTaxMember" xlink:to="AdvanceSalesTaxVATPaidMember" priority="0" order="2.0"/>
    <loc xlink:type="locator" xlink:href="../in-gaap-2012-03-31.xsd#in-gaap_TaxDeductedAtSourceMember" xlink:label="TaxDeductedAtSourceMember"/>
    <definitionArc xlink:type="arc" xlink:arcrole="http://xbrl.org/int/dim/arcrole/domain-member" xlink:from="AdvanceTaxMember" xlink:to="TaxDeductedAtSourceMember" priority="0" order="3.0"/>
    <loc xlink:type="locator" xlink:href="../in-gaap-2012-03-31.xsd#in-gaap_AdvanceFringeBenefitTaxPaidMember" xlink:label="AdvanceFringeBenefitTaxPaidMember"/>
    <definitionArc xlink:type="arc" xlink:arcrole="http://xbrl.org/int/dim/arcrole/domain-member" xlink:from="AdvanceTaxMember" xlink:to="AdvanceFringeBenefitTaxPaidMember" priority="0" order="4.0"/>
    <loc xlink:type="locator" xlink:href="../in-gaap-2012-03-31.xsd#in-gaap_OtherAdvanceTaxesMember" xlink:label="OtherAdvanceTaxesMember"/>
    <definitionArc xlink:type="arc" xlink:arcrole="http://xbrl.org/int/dim/arcrole/domain-member" xlink:from="AdvanceTaxMember" xlink:to="OtherAdvanceTaxesMember" priority="0" order="5.0"/>
    <loc xlink:type="locator" xlink:href="../in-gaap-2012-03-31.xsd#in-gaap_MATCreditEntitlementMember" xlink:label="MATCreditEntitlementMember"/>
    <definitionArc xlink:type="arc" xlink:arcrole="http://xbrl.org/int/dim/arcrole/domain-member" xlink:from="OtherLoansAndAdvancesMember" xlink:to="MATCreditEntitlementMember" priority="0" order="3.0"/>
    <loc xlink:type="locator" xlink:href="../in-gaap-2012-03-31.xsd#in-gaap_CenvatReceivableMember" xlink:label="CenvatReceivableMember"/>
    <definitionArc xlink:type="arc" xlink:arcrole="http://xbrl.org/int/dim/arcrole/domain-member" xlink:from="OtherLoansAndAdvancesMember" xlink:to="CenvatReceivableMember" priority="0" order="4.0"/>
    <loc xlink:type="locator" xlink:href="../in-gaap-2012-03-31.xsd#in-gaap_VATReceivableMember" xlink:label="VATReceivableMember"/>
    <definitionArc xlink:type="arc" xlink:arcrole="http://xbrl.org/int/dim/arcrole/domain-member" xlink:from="OtherLoansAndAdvancesMember" xlink:to="VATReceivableMember" priority="0" order="5.0"/>
    <loc xlink:type="locator" xlink:href="../in-gaap-2012-03-31.xsd#in-gaap_ServiceTaxReceivableMember" xlink:label="ServiceTaxReceivableMember"/>
    <definitionArc xlink:type="arc" xlink:arcrole="http://xbrl.org/int/dim/arcrole/domain-member" xlink:from="OtherLoansAndAdvancesMember" xlink:to="ServiceTaxReceivableMember" priority="0" order="6.0"/>
    <loc xlink:type="locator" xlink:href="../in-gaap-2012-03-31.xsd#in-gaap_OtherTaxesReceivableMember" xlink:label="OtherTaxesReceivableMember"/>
    <definitionArc xlink:type="arc" xlink:arcrole="http://xbrl.org/int/dim/arcrole/domain-member" xlink:from="OtherLoansAndAdvancesMember" xlink:to="OtherTaxesReceivableMember" priority="0" order="7.0"/>
    <loc xlink:type="locator" xlink:href="../in-gaap-2012-03-31.xsd#in-gaap_ExportIncentivesReceivablesMember" xlink:label="ExportIncentivesReceivablesMember"/>
    <definitionArc xlink:type="arc" xlink:arcrole="http://xbrl.org/int/dim/arcrole/domain-member" xlink:from="OtherLoansAndAdvancesMember" xlink:to="ExportIncentivesReceivablesMember" priority="0" order="8.0"/>
    <loc xlink:type="locator" xlink:href="../in-gaap-2012-03-31.xsd#in-gaap_InterestIncomeAccruedButNotDueMember" xlink:label="InterestIncomeAccruedButNotDueMember"/>
    <definitionArc xlink:type="arc" xlink:arcrole="http://xbrl.org/int/dim/arcrole/domain-member" xlink:from="OtherLoansAndAdvancesMember" xlink:to="InterestIncomeAccruedButNotDueMember" priority="0" order="9.0"/>
    <loc xlink:type="locator" xlink:href="../../IN-CA/in-ca-2012-03-31.xsd#in-ca_IntercorporateDepositsMember" xlink:label="IntercorporateDepositsMember"/>
    <definitionArc xlink:type="arc" xlink:arcrole="http://xbrl.org/int/dim/arcrole/domain-member" xlink:from="OtherLoansAndAdvancesMember" xlink:to="IntercorporateDepositsMember" priority="0" order="10.0"/>
    <loc xlink:type="locator" xlink:href="../in-gaap-2012-03-31.xsd#in-gaap_DepositsWithStatutoryAuthoritiesMember" xlink:label="DepositsWithStatutoryAuthoritiesMember"/>
    <definitionArc xlink:type="arc" xlink:arcrole="http://xbrl.org/int/dim/arcrole/domain-member" xlink:from="OtherLoansAndAdvancesMember" xlink:to="DepositsWithStatutoryAuthoritiesMember" priority="0" order="11.0"/>
    <loc xlink:type="locator" xlink:href="../in-gaap-2012-03-31.xsd#in-gaap_OtherDepositAssetsMember" xlink:label="OtherDepositAssetsMember"/>
    <definitionArc xlink:type="arc" xlink:arcrole="http://xbrl.org/int/dim/arcrole/domain-member" xlink:from="OtherLoansAndAdvancesMember" xlink:to="OtherDepositAssetsMember" priority="0" order="12.0"/>
    <loc xlink:type="locator" xlink:href="../in-gaap-2012-03-31.xsd#in-gaap_NotesReceivableMember" xlink:label="NotesReceivableMember"/>
    <definitionArc xlink:type="arc" xlink:arcrole="http://xbrl.org/int/dim/arcrole/domain-member" xlink:from="OtherLoansAndAdvancesMember" xlink:to="NotesReceivableMember" priority="0" order="13.0"/>
    <loc xlink:type="locator" xlink:href="../in-gaap-2012-03-31.xsd#in-gaap_ClaimsRecoverableMember" xlink:label="ClaimsRecoverableMember"/>
    <definitionArc xlink:type="arc" xlink:arcrole="http://xbrl.org/int/dim/arcrole/domain-member" xlink:from="OtherLoansAndAdvancesMember" xlink:to="ClaimsRecoverableMember" priority="0" order="14.0"/>
    <loc xlink:type="locator" xlink:href="../in-gaap-2012-03-31.xsd#in-gaap_ShareApplicationMoneyGivenMember" xlink:label="ShareApplicationMoneyGivenMember"/>
    <definitionArc xlink:type="arc" xlink:arcrole="http://xbrl.org/int/dim/arcrole/domain-member" xlink:from="OtherLoansAndAdvancesMember" xlink:to="ShareApplicationMoneyGivenMember" priority="0" order="15.0"/>
    <loc xlink:type="locator" xlink:href="../in-gaap-2012-03-31.xsd#in-gaap_LoansAndAdvancesAbstract" xlink:label="LoansAndAdvancesAbstract"/>
    <loc xlink:type="locator" xlink:href="../in-gaap-2012-03-31.xsd#in-gaap_LoansAndAdvancesTable" xlink:label="LoansAndAdvancesTable"/>
    <definitionArc xlink:type="arc" xlink:arcrole="http://xbrl.org/int/dim/arcrole/all" xlink:from="LoansAndAdvancesAbstract" xlink:to="LoansAndAdvancesTable" priority="0" order="1.0" xbrldt:contextElement="scenario" xbrldt:closed="true"/>
    <loc xlink:type="locator" xlink:href="../in-gaap-2012-03-31.xsd#in-gaap_LongTermAndShortTermClassificationOfLoansAndAdvancesAxis" xlink:label="LongTermAndShortTermClassificationOfLoansAndAdvancesAxis"/>
    <definitionArc xlink:type="arc" xlink:arcrole="http://xbrl.org/int/dim/arcrole/hypercube-dimension" xlink:from="LoansAndAdvancesTable" xlink:to="LongTermAndShortTermClassificationOfLoansAndAdvancesAxis" priority="0" order="1.0"/>
    <loc xlink:type="locator" xlink:href="../in-gaap-2012-03-31.xsd#in-gaap_LongTermAndShortTermLoansAndAdvancesMember" xlink:label="LongTermAndShortTermLoansAndAdvancesMember"/>
    <definitionArc xlink:type="arc" xlink:arcrole="http://xbrl.org/int/dim/arcrole/dimension-domain" xlink:from="LongTermAndShortTermClassificationOfLoansAndAdvancesAxis" xlink:to="LongTermAndShortTermLoansAndAdvancesMember" priority="0" order="1.0"/>
    <loc xlink:type="locator" xlink:href="../in-gaap-2012-03-31.xsd#in-gaap_LongTermLoansAndAdvancesMember" xlink:label="LongTermLoansAndAdvancesMember"/>
    <definitionArc xlink:type="arc" xlink:arcrole="http://xbrl.org/int/dim/arcrole/domain-member" xlink:from="LongTermAndShortTermLoansAndAdvancesMember" xlink:to="LongTermLoansAndAdvancesMember" priority="0" order="1.0"/>
    <loc xlink:type="locator" xlink:href="../in-gaap-2012-03-31.xsd#in-gaap_ShortTermLoansAndAdvancesMember" xlink:label="ShortTermLoansAndAdvancesMember"/>
    <definitionArc xlink:type="arc" xlink:arcrole="http://xbrl.org/int/dim/arcrole/domain-member" xlink:from="LongTermAndShortTermLoansAndAdvancesMember" xlink:to="ShortTermLoansAndAdvancesMember" priority="0" order="2.0"/>
    <loc xlink:type="locator" xlink:href="../in-gaap-2012-03-31.xsd#in-gaap_ClassificationOfLoansAndAdvancesAxis" xlink:label="ClassificationOfLoansAndAdvancesAxis"/>
    <definitionArc xlink:type="arc" xlink:arcrole="http://xbrl.org/int/dim/arcrole/hypercube-dimension" xlink:from="LoansAndAdvancesTable" xlink:to="ClassificationOfLoansAndAdvancesAxis" priority="0" order="2.0"/>
    <loc xlink:type="locator" xlink:href="../in-gaap-2012-03-31.xsd#in-gaap_LoansAndAdvancesMember" xlink:label="LoansAndAdvancesMember"/>
    <definitionArc xlink:type="arc" xlink:arcrole="http://xbrl.org/int/dim/arcrole/dimension-domain" xlink:from="ClassificationOfLoansAndAdvancesAxis" xlink:to="LoansAndAdvancesMember" priority="0" order="1.0"/>
    <loc xlink:type="locator" xlink:href="../in-gaap-2012-03-31.xsd#in-gaap_CapitalAdvancesMember" xlink:label="CapitalAdvancesMember"/>
    <definitionArc xlink:type="arc" xlink:arcrole="http://xbrl.org/int/dim/arcrole/domain-member" xlink:from="LoansAndAdvancesMember" xlink:to="CapitalAdvancesMember" priority="0" order="1.0"/>
    <loc xlink:type="locator" xlink:href="../in-gaap-2012-03-31.xsd#in-gaap_SecurityDepositsMember" xlink:label="SecurityDepositsMember"/>
    <definitionArc xlink:type="arc" xlink:arcrole="http://xbrl.org/int/dim/arcrole/domain-member" xlink:from="LoansAndAdvancesMember" xlink:to="SecurityDepositsMember" priority="0" order="2.0"/>
    <loc xlink:type="locator" xlink:href="../in-gaap-2012-03-31.xsd#in-gaap_LoansAndAdvancesToRelatedPartiesMember" xlink:label="LoansAndAdvancesToRelatedPartiesMember"/>
    <definitionArc xlink:type="arc" xlink:arcrole="http://xbrl.org/int/dim/arcrole/domain-member" xlink:from="LoansAndAdvancesMember" xlink:to="LoansAndAdvancesToRelatedPartiesMember" priority="0" order="3.0"/>
    <loc xlink:type="locator" xlink:href="../in-gaap-2012-03-31.xsd#in-gaap_LoansAdvancesGivenSubsidiariesMember" xlink:label="LoansAdvancesGivenSubsidiariesMember"/>
    <definitionArc xlink:type="arc" xlink:arcrole="http://xbrl.org/int/dim/arcrole/domain-member" xlink:from="LoansAndAdvancesToRelatedPartiesMember" xlink:to="LoansAdvancesGivenSubsidiariesMember" priority="0" order="1.0"/>
    <loc xlink:type="locator" xlink:href="../in-gaap-2012-03-31.xsd#in-gaap_LoansAdvancesGivenAssociatesMember" xlink:label="LoansAdvancesGivenAssociatesMember"/>
    <definitionArc xlink:type="arc" xlink:arcrole="http://xbrl.org/int/dim/arcrole/domain-member" xlink:from="LoansAndAdvancesToRelatedPartiesMember" xlink:to="LoansAdvancesGivenAssociatesMember" priority="0" order="2.0"/>
    <loc xlink:type="locator" xlink:href="../in-gaap-2012-03-31.xsd#in-gaap_LoansAdvancesGivenDirectorsMember" xlink:label="LoansAdvancesGivenDirectorsMember"/>
    <definitionArc xlink:type="arc" xlink:arcrole="http://xbrl.org/int/dim/arcrole/domain-member" xlink:from="LoansAndAdvancesToRelatedPartiesMember" xlink:to="LoansAdvancesGivenDirectorsMember" priority="0" order="3.0"/>
    <loc xlink:type="locator" xlink:href="../in-gaap-2012-03-31.xsd#in-gaap_LoansAdvancesGivenOtherRelatedPartiesMember" xlink:label="LoansAdvancesGivenOtherRelatedPartiesMember"/>
    <definitionArc xlink:type="arc" xlink:arcrole="http://xbrl.org/int/dim/arcrole/domain-member" xlink:from="LoansAndAdvancesToRelatedPartiesMember" xlink:to="LoansAdvancesGivenOtherRelatedPartiesMember" priority="0" order="4.0"/>
    <loc xlink:type="locator" xlink:href="../in-gaap-2012-03-31.xsd#in-gaap_LoansAdvancesGivenCompaniesUnderSameManagementMember" xlink:label="LoansAdvancesGivenCompaniesUnderSameManagementMember"/>
    <definitionArc xlink:type="arc" xlink:arcrole="http://xbrl.org/int/dim/arcrole/domain-member" xlink:from="LoansAndAdvancesMember" xlink:to="LoansAdvancesGivenCompaniesUnderSameManagementMember" priority="0" order="4.0"/>
    <loc xlink:type="locator" xlink:href="../../IN-CA/in-ca-2012-03-31.xsd#in-ca_LoansAdvancesGivenToOtherCompaniesMember" xlink:label="LoansAdvancesGivenToOtherCompaniesMember"/>
    <definitionArc xlink:type="arc" xlink:arcrole="http://xbrl.org/int/dim/arcrole/domain-member" xlink:from="LoansAndAdvancesMember" xlink:to="LoansAdvancesGivenToOtherCompaniesMember" priority="0" order="5.0"/>
    <loc xlink:type="locator" xlink:href="../in-gaap-2012-03-31.xsd#in-gaap_LoansAdvancesGivenSuppliersMember" xlink:label="LoansAdvancesGivenSuppliersMember"/>
    <definitionArc xlink:type="arc" xlink:arcrole="http://xbrl.org/int/dim/arcrole/domain-member" xlink:from="LoansAndAdvancesMember" xlink:to="LoansAdvancesGivenSuppliersMember" priority="0" order="6.0"/>
    <loc xlink:type="locator" xlink:href="../in-gaap-2012-03-31.xsd#in-gaap_LoansAdvancesGivenEmployeesMember" xlink:label="LoansAdvancesGivenEmployeesMember"/>
    <definitionArc xlink:type="arc" xlink:arcrole="http://xbrl.org/int/dim/arcrole/domain-member" xlink:from="LoansAndAdvancesMember" xlink:to="LoansAdvancesGivenEmployeesMember" priority="0" order="7.0"/>
    <loc xlink:type="locator" xlink:href="../in-gaap-2012-03-31.xsd#in-gaap_LoansAdvancesValueBeReceivedMember" xlink:label="LoansAdvancesValueBeReceivedMember"/>
    <definitionArc xlink:type="arc" xlink:arcrole="http://xbrl.org/int/dim/arcrole/domain-member" xlink:from="LoansAndAdvancesMember" xlink:to="LoansAdvancesValueBeReceivedMember" priority="0" order="8.0"/>
    <loc xlink:type="locator" xlink:href="../in-gaap-2012-03-31.xsd#in-gaap_FinanceLeaseReceivablesTreatedAsLoansAndAdvancesMember" xlink:label="FinanceLeaseReceivablesTreatedAsLoansAndAdvancesMember"/>
    <definitionArc xlink:type="arc" xlink:arcrole="http://xbrl.org/int/dim/arcrole/domain-member" xlink:from="LoansAndAdvancesMember" xlink:to="FinanceLeaseReceivablesTreatedAsLoansAndAdvancesMember" priority="0" order="9.0"/>
    <definitionArc xlink:type="arc" xlink:arcrole="http://xbrl.org/int/dim/arcrole/domain-member" xlink:from="LoansAndAdvancesMember" xlink:to="OtherLoansAndAdvancesMember" priority="0" order="10.0"/>
    <loc xlink:type="locator" xlink:href="../in-gaap-2012-03-31.xsd#in-gaap_SubclassificationOfLoansAndAdvancesAxis" xlink:label="SubclassificationOfLoansAndAdvancesAxis"/>
    <definitionArc xlink:type="arc" xlink:arcrole="http://xbrl.org/int/dim/arcrole/hypercube-dimension" xlink:from="LoansAndAdvancesTable" xlink:to="SubclassificationOfLoansAndAdvancesAxis" priority="0" order="3.0"/>
    <loc xlink:type="locator" xlink:href="../in-gaap-2012-03-31.xsd#in-gaap_SecuredUnsecuredAndDoubtfulLoansAndAdvancesMember" xlink:label="SecuredUnsecuredAndDoubtfulLoansAndAdvancesMember"/>
    <definitionArc xlink:type="arc" xlink:arcrole="http://xbrl.org/int/dim/arcrole/dimension-domain" xlink:from="SubclassificationOfLoansAndAdvancesAxis" xlink:to="SecuredUnsecuredAndDoubtfulLoansAndAdvancesMember" priority="0" order="1.0"/>
    <loc xlink:type="locator" xlink:href="../in-gaap-2012-03-31.xsd#in-gaap_SecuredConsideredGoodMember" xlink:label="SecuredConsideredGoodMember"/>
    <definitionArc xlink:type="arc" xlink:arcrole="http://xbrl.org/int/dim/arcrole/domain-member" xlink:from="SecuredUnsecuredAndDoubtfulLoansAndAdvancesMember" xlink:to="SecuredConsideredGoodMember" priority="0" order="1.0"/>
    <loc xlink:type="locator" xlink:href="../in-gaap-2012-03-31.xsd#in-gaap_UnsecuredConsideredGoodMember" xlink:label="UnsecuredConsideredGoodMember"/>
    <definitionArc xlink:type="arc" xlink:arcrole="http://xbrl.org/int/dim/arcrole/domain-member" xlink:from="SecuredUnsecuredAndDoubtfulLoansAndAdvancesMember" xlink:to="UnsecuredConsideredGoodMember" priority="0" order="2.0"/>
    <loc xlink:type="locator" xlink:href="../in-gaap-2012-03-31.xsd#in-gaap_DoubtfulMember" xlink:label="DoubtfulMember"/>
    <definitionArc xlink:type="arc" xlink:arcrole="http://xbrl.org/int/dim/arcrole/domain-member" xlink:from="SecuredUnsecuredAndDoubtfulLoansAndAdvancesMember" xlink:to="DoubtfulMember" priority="0" order="3.0"/>
    <loc xlink:type="locator" xlink:href="../in-gaap-2012-03-31.xsd#in-gaap_DisclosureOfLoansAndAdvancesLineItems" xlink:label="DisclosureOfLoansAndAdvancesLineItems"/>
    <definitionArc xlink:type="arc" xlink:arcrole="http://xbrl.org/int/dim/arcrole/domain-member" xlink:from="LoansAndAdvancesAbstract" xlink:to="DisclosureOfLoansAndAdvancesLineItems" priority="0" order="2.0"/>
    <loc xlink:type="locator" xlink:href="../in-gaap-2012-03-31.xsd#in-gaap_LoansAndAdvances" xlink:label="LoansAndAdvances"/>
    <definitionArc xlink:type="arc" xlink:arcrole="http://xbrl.org/int/dim/arcrole/domain-member" xlink:from="DisclosureOfLoansAndAdvancesLineItems" xlink:to="LoansAndAdvances" priority="0" order="1.0"/>
    <loc xlink:type="locator" xlink:href="../in-gaap-2012-03-31.xsd#in-gaap_AllowanceForBadAndDoubtfulLoansAndAdvances" xlink:label="AllowanceForBadAndDoubtfulLoansAndAdvances"/>
    <definitionArc xlink:type="arc" xlink:arcrole="http://xbrl.org/int/dim/arcrole/domain-member" xlink:from="DisclosureOfLoansAndAdvancesLineItems" xlink:to="AllowanceForBadAndDoubtfulLoansAndAdvances" priority="0" order="2.0"/>
    <loc xlink:type="locator" xlink:href="../in-gaap-2012-03-31.xsd#in-gaap_DetailsOfLoansAndAdvancesToRelatedParties" xlink:label="DetailsOfLoansAndAdvancesToRelatedParties"/>
    <definitionArc xlink:type="arc" xlink:arcrole="http://xbrl.org/int/dim/arcrole/domain-member" xlink:from="DisclosureOfLoansAndAdvancesLineItems" xlink:to="DetailsOfLoansAndAdvancesToRelatedParties" priority="0" order="3.0"/>
    <loc xlink:type="locator" xlink:href="../in-gaap-2012-03-31.xsd#in-gaap_NatureOfOtherLoansAndAdvances" xlink:label="NatureOfOtherLoansAndAdvances"/>
    <definitionArc xlink:type="arc" xlink:arcrole="http://xbrl.org/int/dim/arcrole/domain-member" xlink:from="DisclosureOfLoansAndAdvancesLineItems" xlink:to="NatureOfOtherLoansAndAdvances" priority="0" order="4.0"/>
    <loc xlink:type="locator" xlink:href="../in-gaap-2012-03-31.xsd#in-gaap_DetailsOfLoansAndAdvancesDueByDirectorsOrOthersAbstract" xlink:label="DetailsOfLoansAndAdvancesDueByDirectorsOrOthersAbstract"/>
    <definitionArc xlink:type="arc" xlink:arcrole="http://xbrl.org/int/dim/arcrole/domain-member" xlink:from="DisclosureOfLoansAndAdvancesLineItems" xlink:to="DetailsOfLoansAndAdvancesDueByDirectorsOrOthersAbstract" priority="0" order="5.0"/>
    <loc xlink:type="locator" xlink:href="../in-gaap-2012-03-31.xsd#in-gaap_LoansAndAdvancesDueByDirectors" xlink:label="LoansAndAdvancesDueByDirectors"/>
    <definitionArc xlink:type="arc" xlink:arcrole="http://xbrl.org/int/dim/arcrole/domain-member" xlink:from="DetailsOfLoansAndAdvancesDueByDirectorsOrOthersAbstract" xlink:to="LoansAndAdvancesDueByDirectors" priority="0" order="1.0"/>
    <loc xlink:type="locator" xlink:href="../in-gaap-2012-03-31.xsd#in-gaap_LoansAndAdvancesDueByOthers" xlink:label="LoansAndAdvancesDueByOthers"/>
    <definitionArc xlink:type="arc" xlink:arcrole="http://xbrl.org/int/dim/arcrole/domain-member" xlink:from="DetailsOfLoansAndAdvancesDueByDirectorsOrOthersAbstract" xlink:to="LoansAndAdvancesDueByOthers" priority="0" order="2.0"/>
    <loc xlink:type="locator" xlink:href="../in-gaap-2012-03-31.xsd#in-gaap_LoansAndAdvancesDueByDirectorsOrOthers" xlink:label="LoansAndAdvancesDueByDirectorsOrOthers"/>
    <definitionArc xlink:type="arc" xlink:arcrole="http://xbrl.org/int/dim/arcrole/domain-member" xlink:from="DetailsOfLoansAndAdvancesDueByDirectorsOrOthersAbstract" xlink:to="LoansAndAdvancesDueByDirectorsOrOthers" priority="0" order="3.0"/>
    <loc xlink:type="locator" xlink:href="../in-gaap-2012-03-31.xsd#in-gaap_DetailsOfLoansAndAdvancesDueByFirmsOrCompaniesInWhichAnyDirectorIsPartnerOrDirectorAbstract" xlink:label="DetailsOfLoansAndAdvancesDueByFirmsOrCompaniesInWhichAnyDirectorIsPartnerOrDirectorAbstract"/>
    <definitionArc xlink:type="arc" xlink:arcrole="http://xbrl.org/int/dim/arcrole/domain-member" xlink:from="DisclosureOfLoansAndAdvancesLineItems" xlink:to="DetailsOfLoansAndAdvancesDueByFirmsOrCompaniesInWhichAnyDirectorIsPartnerOrDirectorAbstract" priority="0" order="6.0"/>
    <loc xlink:type="locator" xlink:href="../in-gaap-2012-03-31.xsd#in-gaap_LoansAndAdvancesDueByFirmsInWhichAnyDirectorIsPartner" xlink:label="LoansAndAdvancesDueByFirmsInWhichAnyDirectorIsPartner"/>
    <definitionArc xlink:type="arc" xlink:arcrole="http://xbrl.org/int/dim/arcrole/domain-member" xlink:from="DetailsOfLoansAndAdvancesDueByFirmsOrCompaniesInWhichAnyDirectorIsPartnerOrDirectorAbstract" xlink:to="LoansAndAdvancesDueByFirmsInWhichAnyDirectorIsPartner" priority="0" order="1.0"/>
    <loc xlink:type="locator" xlink:href="../in-gaap-2012-03-31.xsd#in-gaap_LoansAndAdvancesDueByPrivateCompaniesInWhichAnyDirectorIsDirector" xlink:label="LoansAndAdvancesDueByPrivateCompaniesInWhichAnyDirectorIsDirector"/>
    <definitionArc xlink:type="arc" xlink:arcrole="http://xbrl.org/int/dim/arcrole/domain-member" xlink:from="DetailsOfLoansAndAdvancesDueByFirmsOrCompaniesInWhichAnyDirectorIsPartnerOrDirectorAbstract" xlink:to="LoansAndAdvancesDueByPrivateCompaniesInWhichAnyDirectorIsDirector" priority="0" order="2.0"/>
    <loc xlink:type="locator" xlink:href="../in-gaap-2012-03-31.xsd#in-gaap_LoansAndAdvancesDueByPrivateCompaniesInWhichAnyDirectorIsMember" xlink:label="LoansAndAdvancesDueByPrivateCompaniesInWhichAnyDirectorIsMember"/>
    <definitionArc xlink:type="arc" xlink:arcrole="http://xbrl.org/int/dim/arcrole/domain-member" xlink:from="DetailsOfLoansAndAdvancesDueByFirmsOrCompaniesInWhichAnyDirectorIsPartnerOrDirectorAbstract" xlink:to="LoansAndAdvancesDueByPrivateCompaniesInWhichAnyDirectorIsMember" priority="0" order="3.0"/>
    <loc xlink:type="locator" xlink:href="../in-gaap-2012-03-31.xsd#in-gaap_LoansAndAdvancesDueByFirmsOrCompaniesInWhichAnyDirectorIsPartnerOrDirector" xlink:label="LoansAndAdvancesDueByFirmsOrCompaniesInWhichAnyDirectorIsPartnerOrDirector"/>
    <definitionArc xlink:type="arc" xlink:arcrole="http://xbrl.org/int/dim/arcrole/domain-member" xlink:from="DetailsOfLoansAndAdvancesDueByFirmsOrCompaniesInWhichAnyDirectorIsPartnerOrDirectorAbstract" xlink:to="LoansAndAdvancesDueByFirmsOrCompaniesInWhichAnyDirectorIsPartnerOrDirector" priority="0" order="4.0"/>
  </definitionLink>
  <definitionLink xlink:type="extended" xlink:role="http://www.icai.org/xbrl/taxonomy/role/in-gaap/NotesSubclassificationAndNotesOnLiabilitiesAndAssets4">
    <loc xlink:type="locator" xlink:href="../in-gaap-2012-03-31.xsd#in-gaap_LongTermTradeReceivablesAbstract" xlink:label="LongTermTradeReceivablesAbstract"/>
    <loc xlink:type="locator" xlink:href="../in-gaap-2012-03-31.xsd#in-gaap_ClassificationOfLongTermTradeReceivablesTable" xlink:label="ClassificationOfLongTermTradeReceivablesTable"/>
    <definitionArc xlink:type="arc" xlink:arcrole="http://xbrl.org/int/dim/arcrole/all" xlink:from="LongTermTradeReceivablesAbstract" xlink:to="ClassificationOfLongTermTradeReceivablesTable" priority="0" order="1.0" xbrldt:contextElement="scenario" xbrldt:closed="true"/>
    <loc xlink:type="locator" xlink:href="../in-gaap-2012-03-31.xsd#in-gaap_ClassificationOfLongTermTradeReceivablesAxis" xlink:label="ClassificationOfLongTermTradeReceivablesAxis"/>
    <definitionArc xlink:type="arc" xlink:arcrole="http://xbrl.org/int/dim/arcrole/hypercube-dimension" xlink:from="ClassificationOfLongTermTradeReceivablesTable" xlink:to="ClassificationOfLongTermTradeReceivablesAxis" priority="0" order="1.0"/>
    <loc xlink:type="locator" xlink:href="../in-gaap-2012-03-31.xsd#in-gaap_CompanyTotalLongTermTradeReceivablesMember" xlink:label="CompanyTotalLongTermTradeReceivablesMember"/>
    <definitionArc xlink:type="arc" xlink:arcrole="http://xbrl.org/int/dim/arcrole/dimension-domain" xlink:from="ClassificationOfLongTermTradeReceivablesAxis" xlink:to="CompanyTotalLongTermTradeReceivablesMember" priority="0" order="1.0"/>
    <loc xlink:type="locator" xlink:href="../in-gaap-2012-03-31.xsd#in-gaap_SecuredConsideredGoodMember" xlink:label="SecuredConsideredGoodMember"/>
    <definitionArc xlink:type="arc" xlink:arcrole="http://xbrl.org/int/dim/arcrole/domain-member" xlink:from="CompanyTotalLongTermTradeReceivablesMember" xlink:to="SecuredConsideredGoodMember" priority="0" order="1.0"/>
    <loc xlink:type="locator" xlink:href="../in-gaap-2012-03-31.xsd#in-gaap_UnsecuredConsideredGoodMember" xlink:label="UnsecuredConsideredGoodMember"/>
    <definitionArc xlink:type="arc" xlink:arcrole="http://xbrl.org/int/dim/arcrole/domain-member" xlink:from="CompanyTotalLongTermTradeReceivablesMember" xlink:to="UnsecuredConsideredGoodMember" priority="0" order="2.0"/>
    <loc xlink:type="locator" xlink:href="../in-gaap-2012-03-31.xsd#in-gaap_DoubtfulMember" xlink:label="DoubtfulMember"/>
    <definitionArc xlink:type="arc" xlink:arcrole="http://xbrl.org/int/dim/arcrole/domain-member" xlink:from="CompanyTotalLongTermTradeReceivablesMember" xlink:to="DoubtfulMember" priority="0" order="3.0"/>
    <loc xlink:type="locator" xlink:href="../in-gaap-2012-03-31.xsd#in-gaap_LongTermTradeReceivablesLineItems" xlink:label="LongTermTradeReceivablesLineItems"/>
    <definitionArc xlink:type="arc" xlink:arcrole="http://xbrl.org/int/dim/arcrole/domain-member" xlink:from="LongTermTradeReceivablesAbstract" xlink:to="LongTermTradeReceivablesLineItems" priority="0" order="2.0"/>
    <loc xlink:type="locator" xlink:href="../in-gaap-2012-03-31.xsd#in-gaap_BreakupOfLongTermTradeReceivablesAbstract" xlink:label="BreakupOfLongTermTradeReceivablesAbstract"/>
    <definitionArc xlink:type="arc" xlink:arcrole="http://xbrl.org/int/dim/arcrole/domain-member" xlink:from="LongTermTradeReceivablesLineItems" xlink:to="BreakupOfLongTermTradeReceivablesAbstract" priority="0" order="1.0"/>
    <loc xlink:type="locator" xlink:href="../in-gaap-2012-03-31.xsd#in-gaap_LongTermTradeReceivablesGross" xlink:label="LongTermTradeReceivablesGross"/>
    <definitionArc xlink:type="arc" xlink:arcrole="http://xbrl.org/int/dim/arcrole/domain-member" xlink:from="BreakupOfLongTermTradeReceivablesAbstract" xlink:to="LongTermTradeReceivablesGross" priority="0" order="1.0"/>
    <loc xlink:type="locator" xlink:href="../in-gaap-2012-03-31.xsd#in-gaap_AllowancesForBadAndDoubtfulDebts" xlink:label="AllowancesForBadAndDoubtfulDebts"/>
    <definitionArc xlink:type="arc" xlink:arcrole="http://xbrl.org/int/dim/arcrole/domain-member" xlink:from="BreakupOfLongTermTradeReceivablesAbstract" xlink:to="AllowancesForBadAndDoubtfulDebts" priority="0" order="2.0"/>
    <loc xlink:type="locator" xlink:href="../in-gaap-2012-03-31.xsd#in-gaap_LongTermTradeReceivables" xlink:label="LongTermTradeReceivables"/>
    <definitionArc xlink:type="arc" xlink:arcrole="http://xbrl.org/int/dim/arcrole/domain-member" xlink:from="BreakupOfLongTermTradeReceivablesAbstract" xlink:to="LongTermTradeReceivables" priority="0" order="3.0"/>
    <loc xlink:type="locator" xlink:href="../in-gaap-2012-03-31.xsd#in-gaap_DetailsOfTradeReceivablesDueByDirectorsOrOthersAbstract" xlink:label="DetailsOfTradeReceivablesDueByDirectorsOrOthersAbstract"/>
    <definitionArc xlink:type="arc" xlink:arcrole="http://xbrl.org/int/dim/arcrole/domain-member" xlink:from="LongTermTradeReceivablesLineItems" xlink:to="DetailsOfTradeReceivablesDueByDirectorsOrOthersAbstract" priority="0" order="2.0"/>
    <loc xlink:type="locator" xlink:href="../in-gaap-2012-03-31.xsd#in-gaap_TradeReceivablesDueByDirectors" xlink:label="TradeReceivablesDueByDirectors"/>
    <definitionArc xlink:type="arc" xlink:arcrole="http://xbrl.org/int/dim/arcrole/domain-member" xlink:from="DetailsOfTradeReceivablesDueByDirectorsOrOthersAbstract" xlink:to="TradeReceivablesDueByDirectors" priority="0" order="1.0"/>
    <loc xlink:type="locator" xlink:href="../in-gaap-2012-03-31.xsd#in-gaap_TradeReceivablesDueByOthers" xlink:label="TradeReceivablesDueByOthers"/>
    <definitionArc xlink:type="arc" xlink:arcrole="http://xbrl.org/int/dim/arcrole/domain-member" xlink:from="DetailsOfTradeReceivablesDueByDirectorsOrOthersAbstract" xlink:to="TradeReceivablesDueByOthers" priority="0" order="2.0"/>
    <loc xlink:type="locator" xlink:href="../in-gaap-2012-03-31.xsd#in-gaap_TradeReceivablesDueByDirectorsOrOthers" xlink:label="TradeReceivablesDueByDirectorsOrOthers"/>
    <definitionArc xlink:type="arc" xlink:arcrole="http://xbrl.org/int/dim/arcrole/domain-member" xlink:from="DetailsOfTradeReceivablesDueByDirectorsOrOthersAbstract" xlink:to="TradeReceivablesDueByDirectorsOrOthers" priority="0" order="3.0"/>
    <loc xlink:type="locator" xlink:href="../in-gaap-2012-03-31.xsd#in-gaap_DetailsOfTradeReceivablesDueByFirmsOrCompaniesInWhichAnyDirectorIsPartnerOrDirectorAbstract" xlink:label="DetailsOfTradeReceivablesDueByFirmsOrCompaniesInWhichAnyDirectorIsPartnerOrDirectorAbstract"/>
    <definitionArc xlink:type="arc" xlink:arcrole="http://xbrl.org/int/dim/arcrole/domain-member" xlink:from="LongTermTradeReceivablesLineItems" xlink:to="DetailsOfTradeReceivablesDueByFirmsOrCompaniesInWhichAnyDirectorIsPartnerOrDirectorAbstract" priority="0" order="3.0"/>
    <loc xlink:type="locator" xlink:href="../in-gaap-2012-03-31.xsd#in-gaap_TradeReceivablesDueByFirmsInWhichAnyDirectorIsPartner" xlink:label="TradeReceivablesDueByFirmsInWhichAnyDirectorIsPartner"/>
    <definitionArc xlink:type="arc" xlink:arcrole="http://xbrl.org/int/dim/arcrole/domain-member" xlink:from="DetailsOfTradeReceivablesDueByFirmsOrCompaniesInWhichAnyDirectorIsPartnerOrDirectorAbstract" xlink:to="TradeReceivablesDueByFirmsInWhichAnyDirectorIsPartner" priority="0" order="1.0"/>
    <loc xlink:type="locator" xlink:href="../in-gaap-2012-03-31.xsd#in-gaap_TradeReceivablesDueByPrivateCompaniesInWhichAnyDirectorIsDirector" xlink:label="TradeReceivablesDueByPrivateCompaniesInWhichAnyDirectorIsDirector"/>
    <definitionArc xlink:type="arc" xlink:arcrole="http://xbrl.org/int/dim/arcrole/domain-member" xlink:from="DetailsOfTradeReceivablesDueByFirmsOrCompaniesInWhichAnyDirectorIsPartnerOrDirectorAbstract" xlink:to="TradeReceivablesDueByPrivateCompaniesInWhichAnyDirectorIsDirector" priority="0" order="2.0"/>
    <loc xlink:type="locator" xlink:href="../in-gaap-2012-03-31.xsd#in-gaap_TradeReceivablesDueByPrivateCompaniesInWhichAnyDirectorIsMember" xlink:label="TradeReceivablesDueByPrivateCompaniesInWhichAnyDirectorIsMember"/>
    <definitionArc xlink:type="arc" xlink:arcrole="http://xbrl.org/int/dim/arcrole/domain-member" xlink:from="DetailsOfTradeReceivablesDueByFirmsOrCompaniesInWhichAnyDirectorIsPartnerOrDirectorAbstract" xlink:to="TradeReceivablesDueByPrivateCompaniesInWhichAnyDirectorIsMember" priority="0" order="3.0"/>
    <loc xlink:type="locator" xlink:href="../in-gaap-2012-03-31.xsd#in-gaap_TradeReceivablesDueByFirmsOrCompaniesInWhichAnyDirectorIsPartnerOrDirector" xlink:label="TradeReceivablesDueByFirmsOrCompaniesInWhichAnyDirectorIsPartnerOrDirector"/>
    <definitionArc xlink:type="arc" xlink:arcrole="http://xbrl.org/int/dim/arcrole/domain-member" xlink:from="DetailsOfTradeReceivablesDueByFirmsOrCompaniesInWhichAnyDirectorIsPartnerOrDirectorAbstract" xlink:to="TradeReceivablesDueByFirmsOrCompaniesInWhichAnyDirectorIsPartnerOrDirector" priority="0" order="4.0"/>
  </definitionLink>
  <definitionLink xlink:type="extended" xlink:role="http://www.icai.org/xbrl/taxonomy/role/in-gaap/NotesSubclassificationAndNotesOnLiabilitiesAndAssets5">
    <loc xlink:type="locator" xlink:href="../in-gaap-2012-03-31.xsd#in-gaap_ClassificationOfInventoriesAbstract" xlink:label="ClassificationOfInventoriesAbstract"/>
    <loc xlink:type="locator" xlink:href="../in-gaap-2012-03-31.xsd#in-gaap_ClassificationOfInventoriesTable" xlink:label="ClassificationOfInventoriesTable"/>
    <definitionArc xlink:type="arc" xlink:arcrole="http://xbrl.org/int/dim/arcrole/all" xlink:from="ClassificationOfInventoriesAbstract" xlink:to="ClassificationOfInventoriesTable" priority="0" order="1.0" xbrldt:contextElement="scenario" xbrldt:closed="true"/>
    <loc xlink:type="locator" xlink:href="../in-gaap-2012-03-31.xsd#in-gaap_ClassificationOfInventoriesAxis" xlink:label="ClassificationOfInventoriesAxis"/>
    <definitionArc xlink:type="arc" xlink:arcrole="http://xbrl.org/int/dim/arcrole/hypercube-dimension" xlink:from="ClassificationOfInventoriesTable" xlink:to="ClassificationOfInventoriesAxis" priority="0" order="1.0"/>
    <loc xlink:type="locator" xlink:href="../in-gaap-2012-03-31.xsd#in-gaap_CompanyTotalInventoriesMember" xlink:label="CompanyTotalInventoriesMember"/>
    <definitionArc xlink:type="arc" xlink:arcrole="http://xbrl.org/int/dim/arcrole/dimension-domain" xlink:from="ClassificationOfInventoriesAxis" xlink:to="CompanyTotalInventoriesMember" priority="0" order="1.0"/>
    <loc xlink:type="locator" xlink:href="../in-gaap-2012-03-31.xsd#in-gaap_RawMaterialsMember" xlink:label="RawMaterialsMember"/>
    <definitionArc xlink:type="arc" xlink:arcrole="http://xbrl.org/int/dim/arcrole/domain-member" xlink:from="CompanyTotalInventoriesMember" xlink:to="RawMaterialsMember" priority="0" order="1.0"/>
    <loc xlink:type="locator" xlink:href="../in-gaap-2012-03-31.xsd#in-gaap_WorkInProgressMember" xlink:label="WorkInProgressMember"/>
    <definitionArc xlink:type="arc" xlink:arcrole="http://xbrl.org/int/dim/arcrole/domain-member" xlink:from="CompanyTotalInventoriesMember" xlink:to="WorkInProgressMember" priority="0" order="2.0"/>
    <loc xlink:type="locator" xlink:href="../in-gaap-2012-03-31.xsd#in-gaap_FinishedGoodsMember" xlink:label="FinishedGoodsMember"/>
    <definitionArc xlink:type="arc" xlink:arcrole="http://xbrl.org/int/dim/arcrole/domain-member" xlink:from="CompanyTotalInventoriesMember" xlink:to="FinishedGoodsMember" priority="0" order="3.0"/>
    <loc xlink:type="locator" xlink:href="../in-gaap-2012-03-31.xsd#in-gaap_StockInTradeMember" xlink:label="StockInTradeMember"/>
    <definitionArc xlink:type="arc" xlink:arcrole="http://xbrl.org/int/dim/arcrole/domain-member" xlink:from="CompanyTotalInventoriesMember" xlink:to="StockInTradeMember" priority="0" order="4.0"/>
    <loc xlink:type="locator" xlink:href="../in-gaap-2012-03-31.xsd#in-gaap_StoresAndSparesMember" xlink:label="StoresAndSparesMember"/>
    <definitionArc xlink:type="arc" xlink:arcrole="http://xbrl.org/int/dim/arcrole/domain-member" xlink:from="CompanyTotalInventoriesMember" xlink:to="StoresAndSparesMember" priority="0" order="5.0"/>
    <loc xlink:type="locator" xlink:href="../in-gaap-2012-03-31.xsd#in-gaap_LooseToolsMember" xlink:label="LooseToolsMember"/>
    <definitionArc xlink:type="arc" xlink:arcrole="http://xbrl.org/int/dim/arcrole/domain-member" xlink:from="CompanyTotalInventoriesMember" xlink:to="LooseToolsMember" priority="0" order="6.0"/>
    <loc xlink:type="locator" xlink:href="../in-gaap-2012-03-31.xsd#in-gaap_TransferableDevelopmentRightsMember" xlink:label="TransferableDevelopmentRightsMember"/>
    <definitionArc xlink:type="arc" xlink:arcrole="http://xbrl.org/int/dim/arcrole/domain-member" xlink:from="CompanyTotalInventoriesMember" xlink:to="TransferableDevelopmentRightsMember" priority="0" order="7.0"/>
    <loc xlink:type="locator" xlink:href="../in-gaap-2012-03-31.xsd#in-gaap_CertifiedEmissionRightsMember" xlink:label="CertifiedEmissionRightsMember"/>
    <definitionArc xlink:type="arc" xlink:arcrole="http://xbrl.org/int/dim/arcrole/domain-member" xlink:from="CompanyTotalInventoriesMember" xlink:to="CertifiedEmissionRightsMember" priority="0" order="8.0"/>
    <loc xlink:type="locator" xlink:href="../in-gaap-2012-03-31.xsd#in-gaap_WasteMember" xlink:label="WasteMember"/>
    <definitionArc xlink:type="arc" xlink:arcrole="http://xbrl.org/int/dim/arcrole/domain-member" xlink:from="CompanyTotalInventoriesMember" xlink:to="WasteMember" priority="0" order="9.0"/>
    <loc xlink:type="locator" xlink:href="../in-gaap-2012-03-31.xsd#in-gaap_ScrapMember" xlink:label="ScrapMember"/>
    <definitionArc xlink:type="arc" xlink:arcrole="http://xbrl.org/int/dim/arcrole/domain-member" xlink:from="CompanyTotalInventoriesMember" xlink:to="ScrapMember" priority="0" order="10.0"/>
    <loc xlink:type="locator" xlink:href="../in-gaap-2012-03-31.xsd#in-gaap_OtherInventoriesMember" xlink:label="OtherInventoriesMember"/>
    <definitionArc xlink:type="arc" xlink:arcrole="http://xbrl.org/int/dim/arcrole/domain-member" xlink:from="CompanyTotalInventoriesMember" xlink:to="OtherInventoriesMember" priority="0" order="11.0"/>
    <loc xlink:type="locator" xlink:href="../in-gaap-2012-03-31.xsd#in-gaap_DetailsOfInventoriesLineItems" xlink:label="DetailsOfInventoriesLineItems"/>
    <definitionArc xlink:type="arc" xlink:arcrole="http://xbrl.org/int/dim/arcrole/domain-member" xlink:from="ClassificationOfInventoriesAbstract" xlink:to="DetailsOfInventoriesLineItems" priority="0" order="2.0"/>
    <loc xlink:type="locator" xlink:href="../in-gaap-2012-03-31.xsd#in-gaap_Inventories" xlink:label="Inventories"/>
    <definitionArc xlink:type="arc" xlink:arcrole="http://xbrl.org/int/dim/arcrole/domain-member" xlink:from="DetailsOfInventoriesLineItems" xlink:to="Inventories" priority="0" order="1.0"/>
    <loc xlink:type="locator" xlink:href="../in-gaap-2012-03-31.xsd#in-gaap_GoodInTransit" xlink:label="GoodInTransit"/>
    <definitionArc xlink:type="arc" xlink:arcrole="http://xbrl.org/int/dim/arcrole/domain-member" xlink:from="DetailsOfInventoriesLineItems" xlink:to="GoodInTransit" priority="0" order="2.0"/>
    <loc xlink:type="locator" xlink:href="../in-gaap-2012-03-31.xsd#in-gaap_ModeOfValuation" xlink:label="ModeOfValuation"/>
    <definitionArc xlink:type="arc" xlink:arcrole="http://xbrl.org/int/dim/arcrole/domain-member" xlink:from="DetailsOfInventoriesLineItems" xlink:to="ModeOfValuation" priority="0" order="3.0"/>
    <loc xlink:type="locator" xlink:href="../in-gaap-2012-03-31.xsd#in-gaap_NatureOfOtherInventories" xlink:label="NatureOfOtherInventories"/>
    <definitionArc xlink:type="arc" xlink:arcrole="http://xbrl.org/int/dim/arcrole/domain-member" xlink:from="DetailsOfInventoriesLineItems" xlink:to="NatureOfOtherInventories" priority="0" order="4.0"/>
    <loc xlink:type="locator" xlink:href="../in-gaap-2012-03-31.xsd#in-gaap_NumberOfCertifiedEmissionRightsHeldAsInventory" xlink:label="NumberOfCertifiedEmissionRightsHeldAsInventory"/>
    <definitionArc xlink:type="arc" xlink:arcrole="http://xbrl.org/int/dim/arcrole/domain-member" xlink:from="DetailsOfInventoriesLineItems" xlink:to="NumberOfCertifiedEmissionRightsHeldAsInventory" priority="0" order="5.0"/>
    <loc xlink:type="locator" xlink:href="../in-gaap-2012-03-31.xsd#in-gaap_NumberOfCertifiedEmissionRightsUnderCertification" xlink:label="NumberOfCertifiedEmissionRightsUnderCertification"/>
    <definitionArc xlink:type="arc" xlink:arcrole="http://xbrl.org/int/dim/arcrole/domain-member" xlink:from="DetailsOfInventoriesLineItems" xlink:to="NumberOfCertifiedEmissionRightsUnderCertification" priority="0" order="6.0"/>
  </definitionLink>
  <definitionLink xlink:type="extended" xlink:role="http://www.icai.org/xbrl/taxonomy/role/in-gaap/NotesSubclassificationAndNotesOnLiabilitiesAndAssets6">
    <loc xlink:type="locator" xlink:href="../in-gaap-2012-03-31.xsd#in-gaap_DetailsOfTradeReceivablesDueByDirectorsOrOthersAbstract" xlink:label="DetailsOfTradeReceivablesDueByDirectorsOrOthersAbstract"/>
    <loc xlink:type="locator" xlink:href="../in-gaap-2012-03-31.xsd#in-gaap_TradeReceivablesDueByDirectors" xlink:label="TradeReceivablesDueByDirectors"/>
    <definitionArc xlink:type="arc" xlink:arcrole="http://xbrl.org/int/dim/arcrole/domain-member" xlink:from="DetailsOfTradeReceivablesDueByDirectorsOrOthersAbstract" xlink:to="TradeReceivablesDueByDirectors" priority="0" order="1.0"/>
    <loc xlink:type="locator" xlink:href="../in-gaap-2012-03-31.xsd#in-gaap_TradeReceivablesDueByOthers" xlink:label="TradeReceivablesDueByOthers"/>
    <definitionArc xlink:type="arc" xlink:arcrole="http://xbrl.org/int/dim/arcrole/domain-member" xlink:from="DetailsOfTradeReceivablesDueByDirectorsOrOthersAbstract" xlink:to="TradeReceivablesDueByOthers" priority="0" order="2.0"/>
    <loc xlink:type="locator" xlink:href="../in-gaap-2012-03-31.xsd#in-gaap_TradeReceivablesDueByDirectorsOrOthers" xlink:label="TradeReceivablesDueByDirectorsOrOthers"/>
    <definitionArc xlink:type="arc" xlink:arcrole="http://xbrl.org/int/dim/arcrole/domain-member" xlink:from="DetailsOfTradeReceivablesDueByDirectorsOrOthersAbstract" xlink:to="TradeReceivablesDueByDirectorsOrOthers" priority="0" order="3.0"/>
    <loc xlink:type="locator" xlink:href="../in-gaap-2012-03-31.xsd#in-gaap_DetailsOfTradeReceivablesDueByFirmsOrCompaniesInWhichAnyDirectorIsPartnerOrDirectorAbstract" xlink:label="DetailsOfTradeReceivablesDueByFirmsOrCompaniesInWhichAnyDirectorIsPartnerOrDirectorAbstract"/>
    <loc xlink:type="locator" xlink:href="../in-gaap-2012-03-31.xsd#in-gaap_TradeReceivablesDueByFirmsInWhichAnyDirectorIsPartner" xlink:label="TradeReceivablesDueByFirmsInWhichAnyDirectorIsPartner"/>
    <definitionArc xlink:type="arc" xlink:arcrole="http://xbrl.org/int/dim/arcrole/domain-member" xlink:from="DetailsOfTradeReceivablesDueByFirmsOrCompaniesInWhichAnyDirectorIsPartnerOrDirectorAbstract" xlink:to="TradeReceivablesDueByFirmsInWhichAnyDirectorIsPartner" priority="0" order="1.0"/>
    <loc xlink:type="locator" xlink:href="../in-gaap-2012-03-31.xsd#in-gaap_TradeReceivablesDueByPrivateCompaniesInWhichAnyDirectorIsDirector" xlink:label="TradeReceivablesDueByPrivateCompaniesInWhichAnyDirectorIsDirector"/>
    <definitionArc xlink:type="arc" xlink:arcrole="http://xbrl.org/int/dim/arcrole/domain-member" xlink:from="DetailsOfTradeReceivablesDueByFirmsOrCompaniesInWhichAnyDirectorIsPartnerOrDirectorAbstract" xlink:to="TradeReceivablesDueByPrivateCompaniesInWhichAnyDirectorIsDirector" priority="0" order="2.0"/>
    <loc xlink:type="locator" xlink:href="../in-gaap-2012-03-31.xsd#in-gaap_TradeReceivablesDueByPrivateCompaniesInWhichAnyDirectorIsMember" xlink:label="TradeReceivablesDueByPrivateCompaniesInWhichAnyDirectorIsMember"/>
    <definitionArc xlink:type="arc" xlink:arcrole="http://xbrl.org/int/dim/arcrole/domain-member" xlink:from="DetailsOfTradeReceivablesDueByFirmsOrCompaniesInWhichAnyDirectorIsPartnerOrDirectorAbstract" xlink:to="TradeReceivablesDueByPrivateCompaniesInWhichAnyDirectorIsMember" priority="0" order="3.0"/>
    <loc xlink:type="locator" xlink:href="../in-gaap-2012-03-31.xsd#in-gaap_TradeReceivablesDueByFirmsOrCompaniesInWhichAnyDirectorIsPartnerOrDirector" xlink:label="TradeReceivablesDueByFirmsOrCompaniesInWhichAnyDirectorIsPartnerOrDirector"/>
    <definitionArc xlink:type="arc" xlink:arcrole="http://xbrl.org/int/dim/arcrole/domain-member" xlink:from="DetailsOfTradeReceivablesDueByFirmsOrCompaniesInWhichAnyDirectorIsPartnerOrDirectorAbstract" xlink:to="TradeReceivablesDueByFirmsOrCompaniesInWhichAnyDirectorIsPartnerOrDirector" priority="0" order="4.0"/>
    <loc xlink:type="locator" xlink:href="../in-gaap-2012-03-31.xsd#in-gaap_SubclassificationOfTradeReceivablesAbstract" xlink:label="SubclassificationOfTradeReceivablesAbstract"/>
    <loc xlink:type="locator" xlink:href="../in-gaap-2012-03-31.xsd#in-gaap_SubclassificationOfTradeReceivablesTable" xlink:label="SubclassificationOfTradeReceivablesTable"/>
    <definitionArc xlink:type="arc" xlink:arcrole="http://xbrl.org/int/dim/arcrole/all" xlink:from="SubclassificationOfTradeReceivablesAbstract" xlink:to="SubclassificationOfTradeReceivablesTable" priority="0" order="1.0" xbrldt:contextElement="scenario" xbrldt:closed="true"/>
    <loc xlink:type="locator" xlink:href="../in-gaap-2012-03-31.xsd#in-gaap_SubclassificationOfTradeReceivablesAxis" xlink:label="SubclassificationOfTradeReceivablesAxis"/>
    <definitionArc xlink:type="arc" xlink:arcrole="http://xbrl.org/int/dim/arcrole/hypercube-dimension" xlink:from="SubclassificationOfTradeReceivablesTable" xlink:to="SubclassificationOfTradeReceivablesAxis" priority="0" order="1.0"/>
    <loc xlink:type="locator" xlink:href="../in-gaap-2012-03-31.xsd#in-gaap_CompanyTotalTradeReceivablesMember" xlink:label="CompanyTotalTradeReceivablesMember"/>
    <definitionArc xlink:type="arc" xlink:arcrole="http://xbrl.org/int/dim/arcrole/dimension-domain" xlink:from="SubclassificationOfTradeReceivablesAxis" xlink:to="CompanyTotalTradeReceivablesMember" priority="0" order="1.0"/>
    <loc xlink:type="locator" xlink:href="../in-gaap-2012-03-31.xsd#in-gaap_SecuredConsideredGoodMember" xlink:label="SecuredConsideredGoodMember"/>
    <definitionArc xlink:type="arc" xlink:arcrole="http://xbrl.org/int/dim/arcrole/domain-member" xlink:from="CompanyTotalTradeReceivablesMember" xlink:to="SecuredConsideredGoodMember" priority="0" order="1.0"/>
    <loc xlink:type="locator" xlink:href="../in-gaap-2012-03-31.xsd#in-gaap_UnsecuredConsideredGoodMember" xlink:label="UnsecuredConsideredGoodMember"/>
    <definitionArc xlink:type="arc" xlink:arcrole="http://xbrl.org/int/dim/arcrole/domain-member" xlink:from="CompanyTotalTradeReceivablesMember" xlink:to="UnsecuredConsideredGoodMember" priority="0" order="2.0"/>
    <loc xlink:type="locator" xlink:href="../in-gaap-2012-03-31.xsd#in-gaap_DoubtfulMember" xlink:label="DoubtfulMember"/>
    <definitionArc xlink:type="arc" xlink:arcrole="http://xbrl.org/int/dim/arcrole/domain-member" xlink:from="CompanyTotalTradeReceivablesMember" xlink:to="DoubtfulMember" priority="0" order="3.0"/>
    <loc xlink:type="locator" xlink:href="../in-gaap-2012-03-31.xsd#in-gaap_SubclassificationOfTradeReceivablesLineItems" xlink:label="SubclassificationOfTradeReceivablesLineItems"/>
    <definitionArc xlink:type="arc" xlink:arcrole="http://xbrl.org/int/dim/arcrole/domain-member" xlink:from="SubclassificationOfTradeReceivablesAbstract" xlink:to="SubclassificationOfTradeReceivablesLineItems" priority="0" order="2.0"/>
    <loc xlink:type="locator" xlink:href="../in-gaap-2012-03-31.xsd#in-gaap_BreakupOfTradeReceivablesAbstract" xlink:label="BreakupOfTradeReceivablesAbstract"/>
    <definitionArc xlink:type="arc" xlink:arcrole="http://xbrl.org/int/dim/arcrole/domain-member" xlink:from="SubclassificationOfTradeReceivablesLineItems" xlink:to="BreakupOfTradeReceivablesAbstract" priority="0" order="1.0"/>
    <loc xlink:type="locator" xlink:href="../in-gaap-2012-03-31.xsd#in-gaap_TradeReceivablesGross" xlink:label="TradeReceivablesGross"/>
    <definitionArc xlink:type="arc" xlink:arcrole="http://xbrl.org/int/dim/arcrole/domain-member" xlink:from="BreakupOfTradeReceivablesAbstract" xlink:to="TradeReceivablesGross" priority="0" order="1.0"/>
    <loc xlink:type="locator" xlink:href="../in-gaap-2012-03-31.xsd#in-gaap_AllowanceForBadAndDoubtfulDebts" xlink:label="AllowanceForBadAndDoubtfulDebts"/>
    <definitionArc xlink:type="arc" xlink:arcrole="http://xbrl.org/int/dim/arcrole/domain-member" xlink:from="BreakupOfTradeReceivablesAbstract" xlink:to="AllowanceForBadAndDoubtfulDebts" priority="0" order="2.0"/>
    <loc xlink:type="locator" xlink:href="../in-gaap-2012-03-31.xsd#in-gaap_TradeReceivables" xlink:label="TradeReceivables"/>
    <definitionArc xlink:type="arc" xlink:arcrole="http://xbrl.org/int/dim/arcrole/domain-member" xlink:from="BreakupOfTradeReceivablesAbstract" xlink:to="TradeReceivables" priority="0" order="3.0"/>
    <definitionArc xlink:type="arc" xlink:arcrole="http://xbrl.org/int/dim/arcrole/domain-member" xlink:from="SubclassificationOfTradeReceivablesLineItems" xlink:to="DetailsOfTradeReceivablesDueByDirectorsOrOthersAbstract" priority="0" order="2.0"/>
    <definitionArc xlink:type="arc" xlink:arcrole="http://xbrl.org/int/dim/arcrole/domain-member" xlink:from="SubclassificationOfTradeReceivablesLineItems" xlink:to="DetailsOfTradeReceivablesDueByFirmsOrCompaniesInWhichAnyDirectorIsPartnerOrDirectorAbstract" priority="0" order="3.0"/>
  </definitionLink>
  <definitionLink xlink:type="extended" xlink:role="http://www.icai.org/xbrl/taxonomy/role/in-gaap/NotesSubclassificationAndNotesOnLiabilitiesAndAssets7">
    <loc xlink:type="locator" xlink:href="../../IN-CA/in-ca-2012-03-31.xsd#in-ca_DisclosureOfDetailsOfBalancesWithBanksAbstract" xlink:label="DisclosureOfDetailsOfBalancesWithBanksAbstract"/>
    <loc xlink:type="locator" xlink:href="../../IN-CA/in-ca-2012-03-31.xsd#in-ca_DisclosureOfDetailsOfBalancesWithBanksTable" xlink:label="DisclosureOfDetailsOfBalancesWithBanksTable"/>
    <definitionArc xlink:type="arc" xlink:arcrole="http://xbrl.org/int/dim/arcrole/all" xlink:from="DisclosureOfDetailsOfBalancesWithBanksAbstract" xlink:to="DisclosureOfDetailsOfBalancesWithBanksTable" priority="0" order="1.0" xbrldt:contextElement="scenario" xbrldt:closed="true"/>
    <loc xlink:type="locator" xlink:href="../../IN-CA/in-ca-2012-03-31.xsd#in-ca_DetailsOfBalancesWithBanksAxis" xlink:label="DetailsOfBalancesWithBanksAxis"/>
    <definitionArc xlink:type="arc" xlink:arcrole="http://xbrl.org/int/dim/arcrole/hypercube-dimension" xlink:from="DisclosureOfDetailsOfBalancesWithBanksTable" xlink:to="DetailsOfBalancesWithBanksAxis" priority="0" order="1.0"/>
    <loc xlink:type="locator" xlink:href="../../IN-CA/in-ca-2012-03-31.xsd#in-ca_DetailsOfBalancesWithBanksLineItems" xlink:label="DetailsOfBalancesWithBanksLineItems"/>
    <definitionArc xlink:type="arc" xlink:arcrole="http://xbrl.org/int/dim/arcrole/domain-member" xlink:from="DisclosureOfDetailsOfBalancesWithBanksAbstract" xlink:to="DetailsOfBalancesWithBanksLineItems" priority="0" order="2.0"/>
    <loc xlink:type="locator" xlink:href="../../IN-CA/in-ca-2012-03-31.xsd#in-ca_NameOfBank" xlink:label="NameOfBank"/>
    <definitionArc xlink:type="arc" xlink:arcrole="http://xbrl.org/int/dim/arcrole/domain-member" xlink:from="DetailsOfBalancesWithBanksLineItems" xlink:to="NameOfBank" priority="0" order="1.0"/>
    <loc xlink:type="locator" xlink:href="../../IN-CA/in-ca-2012-03-31.xsd#in-ca_AccountNumberOfBank" xlink:label="AccountNumberOfBank"/>
    <definitionArc xlink:type="arc" xlink:arcrole="http://xbrl.org/int/dim/arcrole/domain-member" xlink:from="DetailsOfBalancesWithBanksLineItems" xlink:to="AccountNumberOfBank" priority="0" order="2.0"/>
    <loc xlink:type="locator" xlink:href="../../IN-CA/in-ca-2012-03-31.xsd#in-ca_ClosingBalanceHeldInBank" xlink:label="ClosingBalanceHeldInBank"/>
    <definitionArc xlink:type="arc" xlink:arcrole="http://xbrl.org/int/dim/arcrole/domain-member" xlink:from="DetailsOfBalancesWithBanksLineItems" xlink:to="ClosingBalanceHeldInBank" priority="0" order="3.0"/>
  </definitionLink>
  <definitionLink xlink:type="extended" xlink:role="http://www.icai.org/xbrl/taxonomy/role/in-gaap/NotesSubclassificationAndNotesOnLiabilitiesAndAssets8">
    <loc xlink:type="locator" xlink:href="../../IN-CA/in-ca-2012-03-31.xsd#in-ca_DisclosureOfDetailsOfBalancesWithForeignBanksAbstract" xlink:label="DisclosureOfDetailsOfBalancesWithForeignBanksAbstract"/>
    <loc xlink:type="locator" xlink:href="../../IN-CA/in-ca-2012-03-31.xsd#in-ca_DisclosureOfDetailsOfBalancesWithForeignBanksTable" xlink:label="DisclosureOfDetailsOfBalancesWithForeignBanksTable"/>
    <definitionArc xlink:type="arc" xlink:arcrole="http://xbrl.org/int/dim/arcrole/all" xlink:from="DisclosureOfDetailsOfBalancesWithForeignBanksAbstract" xlink:to="DisclosureOfDetailsOfBalancesWithForeignBanksTable" priority="0" order="1.0" xbrldt:contextElement="scenario" xbrldt:closed="true"/>
    <loc xlink:type="locator" xlink:href="../../IN-CA/in-ca-2012-03-31.xsd#in-ca_DetailsOfBalancesWithForeignBanksAxis" xlink:label="DetailsOfBalancesWithForeignBanksAxis"/>
    <definitionArc xlink:type="arc" xlink:arcrole="http://xbrl.org/int/dim/arcrole/hypercube-dimension" xlink:from="DisclosureOfDetailsOfBalancesWithForeignBanksTable" xlink:to="DetailsOfBalancesWithForeignBanksAxis" priority="0" order="1.0"/>
    <loc xlink:type="locator" xlink:href="../../IN-CA/in-ca-2012-03-31.xsd#in-ca_DetailsOfBalancesWithForeignBanksLineItems" xlink:label="DetailsOfBalancesWithForeignBanksLineItems"/>
    <definitionArc xlink:type="arc" xlink:arcrole="http://xbrl.org/int/dim/arcrole/domain-member" xlink:from="DisclosureOfDetailsOfBalancesWithForeignBanksAbstract" xlink:to="DetailsOfBalancesWithForeignBanksLineItems" priority="0" order="2.0"/>
    <loc xlink:type="locator" xlink:href="../../IN-CA/in-ca-2012-03-31.xsd#in-ca_NameOfForeignBank" xlink:label="NameOfForeignBank"/>
    <definitionArc xlink:type="arc" xlink:arcrole="http://xbrl.org/int/dim/arcrole/domain-member" xlink:from="DetailsOfBalancesWithForeignBanksLineItems" xlink:to="NameOfForeignBank" priority="0" order="1.0"/>
    <loc xlink:type="locator" xlink:href="../../IN-CA/in-ca-2012-03-31.xsd#in-ca_NationalityOfForeignBank" xlink:label="NationalityOfForeignBank"/>
    <definitionArc xlink:type="arc" xlink:arcrole="http://xbrl.org/int/dim/arcrole/domain-member" xlink:from="DetailsOfBalancesWithForeignBanksLineItems" xlink:to="NationalityOfForeignBank" priority="0" order="2.0"/>
    <loc xlink:type="locator" xlink:href="../../IN-CA/in-ca-2012-03-31.xsd#in-ca_BalanceOutstandingWithForeignBank" xlink:label="BalanceOutstandingWithForeignBank"/>
    <definitionArc xlink:type="arc" xlink:arcrole="http://xbrl.org/int/dim/arcrole/domain-member" xlink:from="DetailsOfBalancesWithForeignBanksLineItems" xlink:to="BalanceOutstandingWithForeignBank" priority="0" order="3.0"/>
    <loc xlink:type="locator" xlink:href="../../IN-CA/in-ca-2012-03-31.xsd#in-ca_MaximumBalanceOutstandingDuringYearWithForeignBank" xlink:label="MaximumBalanceOutstandingDuringYearWithForeignBank"/>
    <definitionArc xlink:type="arc" xlink:arcrole="http://xbrl.org/int/dim/arcrole/domain-member" xlink:from="DetailsOfBalancesWithForeignBanksLineItems" xlink:to="MaximumBalanceOutstandingDuringYearWithForeignBank" priority="0" order="4.0"/>
  </definitionLink>
</linkbase>
