<?xml version="1.0" encoding="US-ASCII"?>
<!-- Generated by Fujitsu Interstage XWand B0166 -->
<linkbase xmlns="http://www.xbrl.org/2003/linkbase" xmlns:xsi="http://www.w3.org/2001/XMLSchema-instance" xmlns:xbrldt="http://xbrl.org/2005/xbrldt" xmlns:xlink="http://www.w3.org/1999/xlink" xmlns:xbrli="http://www.xbrl.org/2003/instance">
  <roleRef roleURI="http://www.icai.org/xbrl/taxonomy/role/in-gaap/NotesSegments" xlink:type="simple" xlink:href="../in-gaap-roles-2012-03-31.xsd#in-gaap-rol-201300"/>
  <roleRef roleURI="http://www.icai.org/xbrl/taxonomy/role/in-gaap/NotesSegments1" xlink:type="simple" xlink:href="../in-gaap-roles-2012-03-31.xsd#in-gaap-rol-201300a"/>
  <roleRef roleURI="http://www.icai.org/xbrl/taxonomy/role/in-gaap/NotesSegments2" xlink:type="simple" xlink:href="../in-gaap-roles-2012-03-31.xsd#in-gaap-rol-201300b"/>
  <roleRef roleURI="http://www.icai.org/xbrl/taxonomy/role/in-gaap/NotesSegments3" xlink:type="simple" xlink:href="../in-gaap-roles-2012-03-31.xsd#in-gaap-rol-201300c"/>
  <arcroleRef arcroleURI="http://xbrl.org/int/dim/arcrole/all" xlink:type="simple" xlink:href="http://www.xbrl.org/2005/xbrldt-2005.xsd#all"/>
  <arcroleRef arcroleURI="http://xbrl.org/int/dim/arcrole/dimension-domain" xlink:type="simple" xlink:href="http://www.xbrl.org/2005/xbrldt-2005.xsd#dimension-domain"/>
  <arcroleRef arcroleURI="http://xbrl.org/int/dim/arcrole/domain-member" xlink:type="simple" xlink:href="http://www.xbrl.org/2005/xbrldt-2005.xsd#domain-member"/>
  <arcroleRef arcroleURI="http://xbrl.org/int/dim/arcrole/hypercube-dimension" xlink:type="simple" xlink:href="http://www.xbrl.org/2005/xbrldt-2005.xsd#hypercube-dimension"/>
  <definitionLink xlink:type="extended" xlink:role="http://www.icai.org/xbrl/taxonomy/role/in-gaap/NotesSegments">
    <loc xlink:type="locator" xlink:href="../in-gaap-2012-03-31.xsd#in-gaap_DisclosureOfPrimaryReportableSegmentsAbstract" xlink:label="DisclosureOfPrimaryReportableSegmentsAbstract"/>
    <loc xlink:type="locator" xlink:href="../in-gaap-2012-03-31.xsd#in-gaap_DisclosureOfPrimaryReportableSegmentsTable" xlink:label="DisclosureOfPrimaryReportableSegmentsTable"/>
    <definitionArc xlink:type="arc" xlink:arcrole="http://xbrl.org/int/dim/arcrole/all" xlink:from="DisclosureOfPrimaryReportableSegmentsAbstract" xlink:to="DisclosureOfPrimaryReportableSegmentsTable" priority="0" order="1.0" xbrldt:contextElement="scenario" xbrldt:closed="true"/>
    <loc xlink:type="locator" xlink:href="../in-gaap-2012-03-31.xsd#in-gaap_PrimaryReportableSegmentsAxis" xlink:label="PrimaryReportableSegmentsAxis"/>
    <definitionArc xlink:type="arc" xlink:arcrole="http://xbrl.org/int/dim/arcrole/hypercube-dimension" xlink:from="DisclosureOfPrimaryReportableSegmentsTable" xlink:to="PrimaryReportableSegmentsAxis" priority="0" order="1.0"/>
    <loc xlink:type="locator" xlink:href="../in-gaap-2012-03-31.xsd#in-gaap_EnterprisesTotalOfPrimaryReportableSegmentsMember" xlink:label="EnterprisesTotalOfPrimaryReportableSegmentsMember"/>
    <definitionArc xlink:type="arc" xlink:arcrole="http://xbrl.org/int/dim/arcrole/dimension-domain" xlink:from="PrimaryReportableSegmentsAxis" xlink:to="EnterprisesTotalOfPrimaryReportableSegmentsMember" priority="0" order="1.0"/>
    <loc xlink:type="locator" xlink:href="../in-gaap-2012-03-31.xsd#in-gaap_PrimaryReportableSegmentsTotalMember" xlink:label="PrimaryReportableSegmentsTotalMember"/>
    <definitionArc xlink:type="arc" xlink:arcrole="http://xbrl.org/int/dim/arcrole/domain-member" xlink:from="EnterprisesTotalOfPrimaryReportableSegmentsMember" xlink:to="PrimaryReportableSegmentsTotalMember" priority="0" order="1.0"/>
    <loc xlink:type="locator" xlink:href="../in-gaap-2012-03-31.xsd#in-gaap_PrimaryReportableSegments1Member" xlink:label="PrimaryReportableSegments1Member"/>
    <definitionArc xlink:type="arc" xlink:arcrole="http://xbrl.org/int/dim/arcrole/domain-member" xlink:from="PrimaryReportableSegmentsTotalMember" xlink:to="PrimaryReportableSegments1Member" priority="0" order="1.0"/>
    <loc xlink:type="locator" xlink:href="../in-gaap-2012-03-31.xsd#in-gaap_PrimaryReportableSegments2Member" xlink:label="PrimaryReportableSegments2Member"/>
    <definitionArc xlink:type="arc" xlink:arcrole="http://xbrl.org/int/dim/arcrole/domain-member" xlink:from="PrimaryReportableSegmentsTotalMember" xlink:to="PrimaryReportableSegments2Member" priority="0" order="2.0"/>
    <loc xlink:type="locator" xlink:href="../in-gaap-2012-03-31.xsd#in-gaap_PrimaryReportableSegments3Member" xlink:label="PrimaryReportableSegments3Member"/>
    <definitionArc xlink:type="arc" xlink:arcrole="http://xbrl.org/int/dim/arcrole/domain-member" xlink:from="PrimaryReportableSegmentsTotalMember" xlink:to="PrimaryReportableSegments3Member" priority="0" order="3.0"/>
    <loc xlink:type="locator" xlink:href="../in-gaap-2012-03-31.xsd#in-gaap_PrimaryReportableSegments4Member" xlink:label="PrimaryReportableSegments4Member"/>
    <definitionArc xlink:type="arc" xlink:arcrole="http://xbrl.org/int/dim/arcrole/domain-member" xlink:from="PrimaryReportableSegmentsTotalMember" xlink:to="PrimaryReportableSegments4Member" priority="0" order="4.0"/>
    <loc xlink:type="locator" xlink:href="../in-gaap-2012-03-31.xsd#in-gaap_PrimaryReportableSegments5Member" xlink:label="PrimaryReportableSegments5Member"/>
    <definitionArc xlink:type="arc" xlink:arcrole="http://xbrl.org/int/dim/arcrole/domain-member" xlink:from="PrimaryReportableSegmentsTotalMember" xlink:to="PrimaryReportableSegments5Member" priority="0" order="5.0"/>
    <loc xlink:type="locator" xlink:href="../in-gaap-2012-03-31.xsd#in-gaap_PrimaryReportableSegments6Member" xlink:label="PrimaryReportableSegments6Member"/>
    <definitionArc xlink:type="arc" xlink:arcrole="http://xbrl.org/int/dim/arcrole/domain-member" xlink:from="PrimaryReportableSegmentsTotalMember" xlink:to="PrimaryReportableSegments6Member" priority="0" order="6.0"/>
    <loc xlink:type="locator" xlink:href="../in-gaap-2012-03-31.xsd#in-gaap_PrimaryReportableSegments7Member" xlink:label="PrimaryReportableSegments7Member"/>
    <definitionArc xlink:type="arc" xlink:arcrole="http://xbrl.org/int/dim/arcrole/domain-member" xlink:from="PrimaryReportableSegmentsTotalMember" xlink:to="PrimaryReportableSegments7Member" priority="0" order="7.0"/>
    <loc xlink:type="locator" xlink:href="../in-gaap-2012-03-31.xsd#in-gaap_PrimaryReportableSegments8Member" xlink:label="PrimaryReportableSegments8Member"/>
    <definitionArc xlink:type="arc" xlink:arcrole="http://xbrl.org/int/dim/arcrole/domain-member" xlink:from="PrimaryReportableSegmentsTotalMember" xlink:to="PrimaryReportableSegments8Member" priority="0" order="8.0"/>
    <loc xlink:type="locator" xlink:href="../in-gaap-2012-03-31.xsd#in-gaap_PrimaryReportableSegments9Member" xlink:label="PrimaryReportableSegments9Member"/>
    <definitionArc xlink:type="arc" xlink:arcrole="http://xbrl.org/int/dim/arcrole/domain-member" xlink:from="PrimaryReportableSegmentsTotalMember" xlink:to="PrimaryReportableSegments9Member" priority="0" order="9.0"/>
    <loc xlink:type="locator" xlink:href="../in-gaap-2012-03-31.xsd#in-gaap_PrimaryReportableSegments10Member" xlink:label="PrimaryReportableSegments10Member"/>
    <definitionArc xlink:type="arc" xlink:arcrole="http://xbrl.org/int/dim/arcrole/domain-member" xlink:from="PrimaryReportableSegmentsTotalMember" xlink:to="PrimaryReportableSegments10Member" priority="0" order="10.0"/>
    <loc xlink:type="locator" xlink:href="../in-gaap-2012-03-31.xsd#in-gaap_PrimaryReportableSegments11Member" xlink:label="PrimaryReportableSegments11Member"/>
    <definitionArc xlink:type="arc" xlink:arcrole="http://xbrl.org/int/dim/arcrole/domain-member" xlink:from="PrimaryReportableSegmentsTotalMember" xlink:to="PrimaryReportableSegments11Member" priority="0" order="11.0"/>
    <loc xlink:type="locator" xlink:href="../in-gaap-2012-03-31.xsd#in-gaap_PrimaryReportableSegments12Member" xlink:label="PrimaryReportableSegments12Member"/>
    <definitionArc xlink:type="arc" xlink:arcrole="http://xbrl.org/int/dim/arcrole/domain-member" xlink:from="PrimaryReportableSegmentsTotalMember" xlink:to="PrimaryReportableSegments12Member" priority="0" order="12.0"/>
    <loc xlink:type="locator" xlink:href="../in-gaap-2012-03-31.xsd#in-gaap_PrimaryReportableSegments13Member" xlink:label="PrimaryReportableSegments13Member"/>
    <definitionArc xlink:type="arc" xlink:arcrole="http://xbrl.org/int/dim/arcrole/domain-member" xlink:from="PrimaryReportableSegmentsTotalMember" xlink:to="PrimaryReportableSegments13Member" priority="0" order="13.0"/>
    <loc xlink:type="locator" xlink:href="../in-gaap-2012-03-31.xsd#in-gaap_PrimaryReportableSegments14Member" xlink:label="PrimaryReportableSegments14Member"/>
    <definitionArc xlink:type="arc" xlink:arcrole="http://xbrl.org/int/dim/arcrole/domain-member" xlink:from="PrimaryReportableSegmentsTotalMember" xlink:to="PrimaryReportableSegments14Member" priority="0" order="14.0"/>
    <loc xlink:type="locator" xlink:href="../in-gaap-2012-03-31.xsd#in-gaap_PrimaryReportableSegments15Member" xlink:label="PrimaryReportableSegments15Member"/>
    <definitionArc xlink:type="arc" xlink:arcrole="http://xbrl.org/int/dim/arcrole/domain-member" xlink:from="PrimaryReportableSegmentsTotalMember" xlink:to="PrimaryReportableSegments15Member" priority="0" order="15.0"/>
    <loc xlink:type="locator" xlink:href="../in-gaap-2012-03-31.xsd#in-gaap_PrimaryReportableSegments16Member" xlink:label="PrimaryReportableSegments16Member"/>
    <definitionArc xlink:type="arc" xlink:arcrole="http://xbrl.org/int/dim/arcrole/domain-member" xlink:from="PrimaryReportableSegmentsTotalMember" xlink:to="PrimaryReportableSegments16Member" priority="0" order="16.0"/>
    <loc xlink:type="locator" xlink:href="../in-gaap-2012-03-31.xsd#in-gaap_PrimaryReportableSegments17Member" xlink:label="PrimaryReportableSegments17Member"/>
    <definitionArc xlink:type="arc" xlink:arcrole="http://xbrl.org/int/dim/arcrole/domain-member" xlink:from="PrimaryReportableSegmentsTotalMember" xlink:to="PrimaryReportableSegments17Member" priority="0" order="17.0"/>
    <loc xlink:type="locator" xlink:href="../in-gaap-2012-03-31.xsd#in-gaap_PrimaryReportableSegments18Member" xlink:label="PrimaryReportableSegments18Member"/>
    <definitionArc xlink:type="arc" xlink:arcrole="http://xbrl.org/int/dim/arcrole/domain-member" xlink:from="PrimaryReportableSegmentsTotalMember" xlink:to="PrimaryReportableSegments18Member" priority="0" order="18.0"/>
    <loc xlink:type="locator" xlink:href="../in-gaap-2012-03-31.xsd#in-gaap_PrimaryReportableSegments19Member" xlink:label="PrimaryReportableSegments19Member"/>
    <definitionArc xlink:type="arc" xlink:arcrole="http://xbrl.org/int/dim/arcrole/domain-member" xlink:from="PrimaryReportableSegmentsTotalMember" xlink:to="PrimaryReportableSegments19Member" priority="0" order="19.0"/>
    <loc xlink:type="locator" xlink:href="../in-gaap-2012-03-31.xsd#in-gaap_PrimaryReportableSegments20Member" xlink:label="PrimaryReportableSegments20Member"/>
    <definitionArc xlink:type="arc" xlink:arcrole="http://xbrl.org/int/dim/arcrole/domain-member" xlink:from="PrimaryReportableSegmentsTotalMember" xlink:to="PrimaryReportableSegments20Member" priority="0" order="20.0"/>
    <loc xlink:type="locator" xlink:href="../in-gaap-2012-03-31.xsd#in-gaap_MaterialReconcilingItemsForPrimaryReportableSegmentsMember" xlink:label="MaterialReconcilingItemsForPrimaryReportableSegmentsMember"/>
    <definitionArc xlink:type="arc" xlink:arcrole="http://xbrl.org/int/dim/arcrole/domain-member" xlink:from="EnterprisesTotalOfPrimaryReportableSegmentsMember" xlink:to="MaterialReconcilingItemsForPrimaryReportableSegmentsMember" priority="0" order="2.0"/>
    <loc xlink:type="locator" xlink:href="../in-gaap-2012-03-31.xsd#in-gaap_EliminationOfPrimaryIntersegmentAmountsMember" xlink:label="EliminationOfPrimaryIntersegmentAmountsMember"/>
    <definitionArc xlink:type="arc" xlink:arcrole="http://xbrl.org/int/dim/arcrole/domain-member" xlink:from="MaterialReconcilingItemsForPrimaryReportableSegmentsMember" xlink:to="EliminationOfPrimaryIntersegmentAmountsMember" priority="0" order="1.0"/>
    <loc xlink:type="locator" xlink:href="../in-gaap-2012-03-31.xsd#in-gaap_UnallocatedPrimarySegmentAmountsMember" xlink:label="UnallocatedPrimarySegmentAmountsMember"/>
    <definitionArc xlink:type="arc" xlink:arcrole="http://xbrl.org/int/dim/arcrole/domain-member" xlink:from="MaterialReconcilingItemsForPrimaryReportableSegmentsMember" xlink:to="UnallocatedPrimarySegmentAmountsMember" priority="0" order="2.0"/>
    <loc xlink:type="locator" xlink:href="../in-gaap-2012-03-31.xsd#in-gaap_DisclosureOfPrimaryReportableSegmentsLineItems" xlink:label="DisclosureOfPrimaryReportableSegmentsLineItems"/>
    <definitionArc xlink:type="arc" xlink:arcrole="http://xbrl.org/int/dim/arcrole/domain-member" xlink:from="DisclosureOfPrimaryReportableSegmentsAbstract" xlink:to="DisclosureOfPrimaryReportableSegmentsLineItems" priority="0" order="2.0"/>
    <loc xlink:type="locator" xlink:href="../in-gaap-2012-03-31.xsd#in-gaap_Revenue" xlink:label="Revenue"/>
    <definitionArc xlink:type="arc" xlink:arcrole="http://xbrl.org/int/dim/arcrole/domain-member" xlink:from="DisclosureOfPrimaryReportableSegmentsLineItems" xlink:to="Revenue" priority="0" order="1.0"/>
    <loc xlink:type="locator" xlink:href="../in-gaap-2012-03-31.xsd#in-gaap_RevenuesFromTransactionsWithOtherReportableSegmentsOfSameEnterprise" xlink:label="RevenuesFromTransactionsWithOtherReportableSegmentsOfSameEnterprise"/>
    <definitionArc xlink:type="arc" xlink:arcrole="http://xbrl.org/int/dim/arcrole/domain-member" xlink:from="DisclosureOfPrimaryReportableSegmentsLineItems" xlink:to="RevenuesFromTransactionsWithOtherReportableSegmentsOfSameEnterprise" priority="0" order="2.0"/>
    <loc xlink:type="locator" xlink:href="../in-gaap-2012-03-31.xsd#in-gaap_RevenuesFromExternalCustomersAndTransactionsWithOtherReportableSegmentsOfSameEnterprise" xlink:label="RevenuesFromExternalCustomersAndTransactionsWithOtherReportableSegmentsOfSameEnterprise"/>
    <definitionArc xlink:type="arc" xlink:arcrole="http://xbrl.org/int/dim/arcrole/domain-member" xlink:from="DisclosureOfPrimaryReportableSegmentsLineItems" xlink:to="RevenuesFromExternalCustomersAndTransactionsWithOtherReportableSegmentsOfSameEnterprise" priority="0" order="3.0"/>
    <loc xlink:type="locator" xlink:href="../in-gaap-2012-03-31.xsd#in-gaap_SegmentResult" xlink:label="SegmentResult"/>
    <definitionArc xlink:type="arc" xlink:arcrole="http://xbrl.org/int/dim/arcrole/domain-member" xlink:from="DisclosureOfPrimaryReportableSegmentsLineItems" xlink:to="SegmentResult" priority="0" order="4.0"/>
    <loc xlink:type="locator" xlink:href="../in-gaap-2012-03-31.xsd#in-gaap_Assets" xlink:label="Assets"/>
    <definitionArc xlink:type="arc" xlink:arcrole="http://xbrl.org/int/dim/arcrole/domain-member" xlink:from="DisclosureOfPrimaryReportableSegmentsLineItems" xlink:to="Assets" priority="0" order="5.0"/>
    <loc xlink:type="locator" xlink:href="../in-gaap-2012-03-31.xsd#in-gaap_Liabilities" xlink:label="Liabilities"/>
    <definitionArc xlink:type="arc" xlink:arcrole="http://xbrl.org/int/dim/arcrole/domain-member" xlink:from="DisclosureOfPrimaryReportableSegmentsLineItems" xlink:to="Liabilities" priority="0" order="6.0"/>
    <loc xlink:type="locator" xlink:href="../in-gaap-2012-03-31.xsd#in-gaap_CostIncurredToAcquireTangibleAndIntangibleAssetsAbstract" xlink:label="CostIncurredToAcquireTangibleAndIntangibleAssetsAbstract"/>
    <definitionArc xlink:type="arc" xlink:arcrole="http://xbrl.org/int/dim/arcrole/domain-member" xlink:from="DisclosureOfPrimaryReportableSegmentsLineItems" xlink:to="CostIncurredToAcquireTangibleAndIntangibleAssetsAbstract" priority="0" order="7.0"/>
    <loc xlink:type="locator" xlink:href="../in-gaap-2012-03-31.xsd#in-gaap_CostIncurredToAcquireTangibleAssets" xlink:label="CostIncurredToAcquireTangibleAssets"/>
    <definitionArc xlink:type="arc" xlink:arcrole="http://xbrl.org/int/dim/arcrole/domain-member" xlink:from="CostIncurredToAcquireTangibleAndIntangibleAssetsAbstract" xlink:to="CostIncurredToAcquireTangibleAssets" priority="0" order="1.0"/>
    <loc xlink:type="locator" xlink:href="../in-gaap-2012-03-31.xsd#in-gaap_CostIncurredToAcquireIntangibleAssets" xlink:label="CostIncurredToAcquireIntangibleAssets"/>
    <definitionArc xlink:type="arc" xlink:arcrole="http://xbrl.org/int/dim/arcrole/domain-member" xlink:from="CostIncurredToAcquireTangibleAndIntangibleAssetsAbstract" xlink:to="CostIncurredToAcquireIntangibleAssets" priority="0" order="2.0"/>
    <loc xlink:type="locator" xlink:href="../in-gaap-2012-03-31.xsd#in-gaap_CostIncurredToAcquireTangibleAndIntangibleAssets" xlink:label="CostIncurredToAcquireTangibleAndIntangibleAssets"/>
    <definitionArc xlink:type="arc" xlink:arcrole="http://xbrl.org/int/dim/arcrole/domain-member" xlink:from="CostIncurredToAcquireTangibleAndIntangibleAssetsAbstract" xlink:to="CostIncurredToAcquireTangibleAndIntangibleAssets" priority="0" order="3.0"/>
    <loc xlink:type="locator" xlink:href="../in-gaap-2012-03-31.xsd#in-gaap_DepreciationAndAmortisationExpense" xlink:label="DepreciationAndAmortisationExpense"/>
    <definitionArc xlink:type="arc" xlink:arcrole="http://xbrl.org/int/dim/arcrole/domain-member" xlink:from="DisclosureOfPrimaryReportableSegmentsLineItems" xlink:to="DepreciationAndAmortisationExpense" priority="0" order="8.0"/>
    <loc xlink:type="locator" xlink:href="../in-gaap-2012-03-31.xsd#in-gaap_NoncashItemsOtherThanDepreciationAndAmortizationIncludedInArrivingAtSegmentResults" xlink:label="NoncashItemsOtherThanDepreciationAndAmortizationIncludedInArrivingAtSegmentResults"/>
    <definitionArc xlink:type="arc" xlink:arcrole="http://xbrl.org/int/dim/arcrole/domain-member" xlink:from="DisclosureOfPrimaryReportableSegmentsLineItems" xlink:to="NoncashItemsOtherThanDepreciationAndAmortizationIncludedInArrivingAtSegmentResults" priority="0" order="9.0"/>
    <loc xlink:type="locator" xlink:href="../in-gaap-2012-03-31.xsd#in-gaap_CashFlowsFromUsedInOperatingActivities" xlink:label="CashFlowsFromUsedInOperatingActivities"/>
    <definitionArc xlink:type="arc" xlink:arcrole="http://xbrl.org/int/dim/arcrole/domain-member" xlink:from="DisclosureOfPrimaryReportableSegmentsLineItems" xlink:to="CashFlowsFromUsedInOperatingActivities" priority="0" order="10.0"/>
    <loc xlink:type="locator" xlink:href="../in-gaap-2012-03-31.xsd#in-gaap_CashFlowsFromUsedInInvestingActivities" xlink:label="CashFlowsFromUsedInInvestingActivities"/>
    <definitionArc xlink:type="arc" xlink:arcrole="http://xbrl.org/int/dim/arcrole/domain-member" xlink:from="DisclosureOfPrimaryReportableSegmentsLineItems" xlink:to="CashFlowsFromUsedInInvestingActivities" priority="0" order="11.0"/>
    <loc xlink:type="locator" xlink:href="../in-gaap-2012-03-31.xsd#in-gaap_CashFlowsFromUsedInFinancingActivities" xlink:label="CashFlowsFromUsedInFinancingActivities"/>
    <definitionArc xlink:type="arc" xlink:arcrole="http://xbrl.org/int/dim/arcrole/domain-member" xlink:from="DisclosureOfPrimaryReportableSegmentsLineItems" xlink:to="CashFlowsFromUsedInFinancingActivities" priority="0" order="12.0"/>
    <loc xlink:type="locator" xlink:href="../in-gaap-2012-03-31.xsd#in-gaap_DescriptionOfMaterialReconcilingItems" xlink:label="DescriptionOfMaterialReconcilingItems"/>
    <definitionArc xlink:type="arc" xlink:arcrole="http://xbrl.org/int/dim/arcrole/domain-member" xlink:from="DisclosureOfPrimaryReportableSegmentsLineItems" xlink:to="DescriptionOfMaterialReconcilingItems" priority="0" order="13.0"/>
    <loc xlink:type="locator" xlink:href="../in-gaap-2012-03-31.xsd#in-gaap_DescriptionOfFactThatSegmentResultHasBeenArrivedAtAfterConsideringInterestAsPerAS16BorrowingCost" xlink:label="DescriptionOfFactThatSegmentResultHasBeenArrivedAtAfterConsideringInterestAsPerAS16BorrowingCost"/>
    <definitionArc xlink:type="arc" xlink:arcrole="http://xbrl.org/int/dim/arcrole/domain-member" xlink:from="DisclosureOfPrimaryReportableSegmentsLineItems" xlink:to="DescriptionOfFactThatSegmentResultHasBeenArrivedAtAfterConsideringInterestAsPerAS16BorrowingCost" priority="0" order="14.0"/>
    <loc xlink:type="locator" xlink:href="../in-gaap-2012-03-31.xsd#in-gaap_DescriptionOfTypesOfProductsAndServicesIncludedInEachReportedSegment" xlink:label="DescriptionOfTypesOfProductsAndServicesIncludedInEachReportedSegment"/>
    <definitionArc xlink:type="arc" xlink:arcrole="http://xbrl.org/int/dim/arcrole/domain-member" xlink:from="DisclosureOfPrimaryReportableSegmentsLineItems" xlink:to="DescriptionOfTypesOfProductsAndServicesIncludedInEachReportedSegment" priority="0" order="15.0"/>
    <loc xlink:type="locator" xlink:href="../in-gaap-2012-03-31.xsd#in-gaap_DescriptionOfCompositionOfGeographySegmentsIncludedInEachReportedSegment" xlink:label="DescriptionOfCompositionOfGeographySegmentsIncludedInEachReportedSegment"/>
    <definitionArc xlink:type="arc" xlink:arcrole="http://xbrl.org/int/dim/arcrole/domain-member" xlink:from="DisclosureOfPrimaryReportableSegmentsLineItems" xlink:to="DescriptionOfCompositionOfGeographySegmentsIncludedInEachReportedSegment" priority="0" order="16.0"/>
  </definitionLink>
  <definitionLink xlink:type="extended" xlink:role="http://www.icai.org/xbrl/taxonomy/role/in-gaap/NotesSegments1">
    <loc xlink:type="locator" xlink:href="../in-gaap-2012-03-31.xsd#in-gaap_CostIncurredToAcquireTangibleAndIntangibleAssetsAbstract" xlink:label="CostIncurredToAcquireTangibleAndIntangibleAssetsAbstract"/>
    <loc xlink:type="locator" xlink:href="../in-gaap-2012-03-31.xsd#in-gaap_CostIncurredToAcquireTangibleAssets" xlink:label="CostIncurredToAcquireTangibleAssets"/>
    <definitionArc xlink:type="arc" xlink:arcrole="http://xbrl.org/int/dim/arcrole/domain-member" xlink:from="CostIncurredToAcquireTangibleAndIntangibleAssetsAbstract" xlink:to="CostIncurredToAcquireTangibleAssets" priority="0" order="1.0"/>
    <loc xlink:type="locator" xlink:href="../in-gaap-2012-03-31.xsd#in-gaap_CostIncurredToAcquireIntangibleAssets" xlink:label="CostIncurredToAcquireIntangibleAssets"/>
    <definitionArc xlink:type="arc" xlink:arcrole="http://xbrl.org/int/dim/arcrole/domain-member" xlink:from="CostIncurredToAcquireTangibleAndIntangibleAssetsAbstract" xlink:to="CostIncurredToAcquireIntangibleAssets" priority="0" order="2.0"/>
    <loc xlink:type="locator" xlink:href="../in-gaap-2012-03-31.xsd#in-gaap_CostIncurredToAcquireTangibleAndIntangibleAssets" xlink:label="CostIncurredToAcquireTangibleAndIntangibleAssets"/>
    <definitionArc xlink:type="arc" xlink:arcrole="http://xbrl.org/int/dim/arcrole/domain-member" xlink:from="CostIncurredToAcquireTangibleAndIntangibleAssetsAbstract" xlink:to="CostIncurredToAcquireTangibleAndIntangibleAssets" priority="0" order="3.0"/>
    <loc xlink:type="locator" xlink:href="../in-gaap-2012-03-31.xsd#in-gaap_DisclosureOfSecondaryReportableSegmentsAbstract" xlink:label="DisclosureOfSecondaryReportableSegmentsAbstract"/>
    <loc xlink:type="locator" xlink:href="../in-gaap-2012-03-31.xsd#in-gaap_DisclosureOfSecondaryReportableSegmentsTable" xlink:label="DisclosureOfSecondaryReportableSegmentsTable"/>
    <definitionArc xlink:type="arc" xlink:arcrole="http://xbrl.org/int/dim/arcrole/all" xlink:from="DisclosureOfSecondaryReportableSegmentsAbstract" xlink:to="DisclosureOfSecondaryReportableSegmentsTable" priority="0" order="1.0" xbrldt:contextElement="scenario" xbrldt:closed="true"/>
    <loc xlink:type="locator" xlink:href="../in-gaap-2012-03-31.xsd#in-gaap_SecondaryReportableSegmentsAxis" xlink:label="SecondaryReportableSegmentsAxis"/>
    <definitionArc xlink:type="arc" xlink:arcrole="http://xbrl.org/int/dim/arcrole/hypercube-dimension" xlink:from="DisclosureOfSecondaryReportableSegmentsTable" xlink:to="SecondaryReportableSegmentsAxis" priority="0" order="1.0"/>
    <loc xlink:type="locator" xlink:href="../in-gaap-2012-03-31.xsd#in-gaap_EnterprisesTotalOfSecondaryReportableSegmentsMember" xlink:label="EnterprisesTotalOfSecondaryReportableSegmentsMember"/>
    <definitionArc xlink:type="arc" xlink:arcrole="http://xbrl.org/int/dim/arcrole/dimension-domain" xlink:from="SecondaryReportableSegmentsAxis" xlink:to="EnterprisesTotalOfSecondaryReportableSegmentsMember" priority="0" order="1.0"/>
    <loc xlink:type="locator" xlink:href="../in-gaap-2012-03-31.xsd#in-gaap_SecondaryReportableSegmentsTotalMember" xlink:label="SecondaryReportableSegmentsTotalMember"/>
    <definitionArc xlink:type="arc" xlink:arcrole="http://xbrl.org/int/dim/arcrole/domain-member" xlink:from="EnterprisesTotalOfSecondaryReportableSegmentsMember" xlink:to="SecondaryReportableSegmentsTotalMember" priority="0" order="1.0"/>
    <loc xlink:type="locator" xlink:href="../in-gaap-2012-03-31.xsd#in-gaap_SecondaryReportableSegments1Member" xlink:label="SecondaryReportableSegments1Member"/>
    <definitionArc xlink:type="arc" xlink:arcrole="http://xbrl.org/int/dim/arcrole/domain-member" xlink:from="SecondaryReportableSegmentsTotalMember" xlink:to="SecondaryReportableSegments1Member" priority="0" order="1.0"/>
    <loc xlink:type="locator" xlink:href="../in-gaap-2012-03-31.xsd#in-gaap_SecondaryReportableSegments2Member" xlink:label="SecondaryReportableSegments2Member"/>
    <definitionArc xlink:type="arc" xlink:arcrole="http://xbrl.org/int/dim/arcrole/domain-member" xlink:from="SecondaryReportableSegmentsTotalMember" xlink:to="SecondaryReportableSegments2Member" priority="0" order="2.0"/>
    <loc xlink:type="locator" xlink:href="../in-gaap-2012-03-31.xsd#in-gaap_SecondaryReportableSegments3Member" xlink:label="SecondaryReportableSegments3Member"/>
    <definitionArc xlink:type="arc" xlink:arcrole="http://xbrl.org/int/dim/arcrole/domain-member" xlink:from="SecondaryReportableSegmentsTotalMember" xlink:to="SecondaryReportableSegments3Member" priority="0" order="3.0"/>
    <loc xlink:type="locator" xlink:href="../in-gaap-2012-03-31.xsd#in-gaap_SecondaryReportableSegments4Member" xlink:label="SecondaryReportableSegments4Member"/>
    <definitionArc xlink:type="arc" xlink:arcrole="http://xbrl.org/int/dim/arcrole/domain-member" xlink:from="SecondaryReportableSegmentsTotalMember" xlink:to="SecondaryReportableSegments4Member" priority="0" order="4.0"/>
    <loc xlink:type="locator" xlink:href="../in-gaap-2012-03-31.xsd#in-gaap_SecondaryReportableSegments5Member" xlink:label="SecondaryReportableSegments5Member"/>
    <definitionArc xlink:type="arc" xlink:arcrole="http://xbrl.org/int/dim/arcrole/domain-member" xlink:from="SecondaryReportableSegmentsTotalMember" xlink:to="SecondaryReportableSegments5Member" priority="0" order="5.0"/>
    <loc xlink:type="locator" xlink:href="../in-gaap-2012-03-31.xsd#in-gaap_SecondaryReportableSegments6Member" xlink:label="SecondaryReportableSegments6Member"/>
    <definitionArc xlink:type="arc" xlink:arcrole="http://xbrl.org/int/dim/arcrole/domain-member" xlink:from="SecondaryReportableSegmentsTotalMember" xlink:to="SecondaryReportableSegments6Member" priority="0" order="6.0"/>
    <loc xlink:type="locator" xlink:href="../in-gaap-2012-03-31.xsd#in-gaap_SecondaryReportableSegments7Member" xlink:label="SecondaryReportableSegments7Member"/>
    <definitionArc xlink:type="arc" xlink:arcrole="http://xbrl.org/int/dim/arcrole/domain-member" xlink:from="SecondaryReportableSegmentsTotalMember" xlink:to="SecondaryReportableSegments7Member" priority="0" order="7.0"/>
    <loc xlink:type="locator" xlink:href="../in-gaap-2012-03-31.xsd#in-gaap_SecondaryReportableSegments8Member" xlink:label="SecondaryReportableSegments8Member"/>
    <definitionArc xlink:type="arc" xlink:arcrole="http://xbrl.org/int/dim/arcrole/domain-member" xlink:from="SecondaryReportableSegmentsTotalMember" xlink:to="SecondaryReportableSegments8Member" priority="0" order="8.0"/>
    <loc xlink:type="locator" xlink:href="../in-gaap-2012-03-31.xsd#in-gaap_SecondaryReportableSegments9Member" xlink:label="SecondaryReportableSegments9Member"/>
    <definitionArc xlink:type="arc" xlink:arcrole="http://xbrl.org/int/dim/arcrole/domain-member" xlink:from="SecondaryReportableSegmentsTotalMember" xlink:to="SecondaryReportableSegments9Member" priority="0" order="9.0"/>
    <loc xlink:type="locator" xlink:href="../in-gaap-2012-03-31.xsd#in-gaap_SecondaryReportableSegments10Member" xlink:label="SecondaryReportableSegments10Member"/>
    <definitionArc xlink:type="arc" xlink:arcrole="http://xbrl.org/int/dim/arcrole/domain-member" xlink:from="SecondaryReportableSegmentsTotalMember" xlink:to="SecondaryReportableSegments10Member" priority="0" order="10.0"/>
    <loc xlink:type="locator" xlink:href="../in-gaap-2012-03-31.xsd#in-gaap_SecondaryReportableSegments11Member" xlink:label="SecondaryReportableSegments11Member"/>
    <definitionArc xlink:type="arc" xlink:arcrole="http://xbrl.org/int/dim/arcrole/domain-member" xlink:from="SecondaryReportableSegmentsTotalMember" xlink:to="SecondaryReportableSegments11Member" priority="0" order="11.0"/>
    <loc xlink:type="locator" xlink:href="../in-gaap-2012-03-31.xsd#in-gaap_SecondaryReportableSegments12Member" xlink:label="SecondaryReportableSegments12Member"/>
    <definitionArc xlink:type="arc" xlink:arcrole="http://xbrl.org/int/dim/arcrole/domain-member" xlink:from="SecondaryReportableSegmentsTotalMember" xlink:to="SecondaryReportableSegments12Member" priority="0" order="12.0"/>
    <loc xlink:type="locator" xlink:href="../in-gaap-2012-03-31.xsd#in-gaap_SecondaryReportableSegments13Member" xlink:label="SecondaryReportableSegments13Member"/>
    <definitionArc xlink:type="arc" xlink:arcrole="http://xbrl.org/int/dim/arcrole/domain-member" xlink:from="SecondaryReportableSegmentsTotalMember" xlink:to="SecondaryReportableSegments13Member" priority="0" order="13.0"/>
    <loc xlink:type="locator" xlink:href="../in-gaap-2012-03-31.xsd#in-gaap_SecondaryReportableSegments14Member" xlink:label="SecondaryReportableSegments14Member"/>
    <definitionArc xlink:type="arc" xlink:arcrole="http://xbrl.org/int/dim/arcrole/domain-member" xlink:from="SecondaryReportableSegmentsTotalMember" xlink:to="SecondaryReportableSegments14Member" priority="0" order="14.0"/>
    <loc xlink:type="locator" xlink:href="../in-gaap-2012-03-31.xsd#in-gaap_SecondaryReportableSegments15Member" xlink:label="SecondaryReportableSegments15Member"/>
    <definitionArc xlink:type="arc" xlink:arcrole="http://xbrl.org/int/dim/arcrole/domain-member" xlink:from="SecondaryReportableSegmentsTotalMember" xlink:to="SecondaryReportableSegments15Member" priority="0" order="15.0"/>
    <loc xlink:type="locator" xlink:href="../in-gaap-2012-03-31.xsd#in-gaap_SecondaryReportableSegments16Member" xlink:label="SecondaryReportableSegments16Member"/>
    <definitionArc xlink:type="arc" xlink:arcrole="http://xbrl.org/int/dim/arcrole/domain-member" xlink:from="SecondaryReportableSegmentsTotalMember" xlink:to="SecondaryReportableSegments16Member" priority="0" order="16.0"/>
    <loc xlink:type="locator" xlink:href="../in-gaap-2012-03-31.xsd#in-gaap_SecondaryReportableSegments17Member" xlink:label="SecondaryReportableSegments17Member"/>
    <definitionArc xlink:type="arc" xlink:arcrole="http://xbrl.org/int/dim/arcrole/domain-member" xlink:from="SecondaryReportableSegmentsTotalMember" xlink:to="SecondaryReportableSegments17Member" priority="0" order="17.0"/>
    <loc xlink:type="locator" xlink:href="../in-gaap-2012-03-31.xsd#in-gaap_SecondaryReportableSegments18Member" xlink:label="SecondaryReportableSegments18Member"/>
    <definitionArc xlink:type="arc" xlink:arcrole="http://xbrl.org/int/dim/arcrole/domain-member" xlink:from="SecondaryReportableSegmentsTotalMember" xlink:to="SecondaryReportableSegments18Member" priority="0" order="18.0"/>
    <loc xlink:type="locator" xlink:href="../in-gaap-2012-03-31.xsd#in-gaap_SecondaryReportableSegments19Member" xlink:label="SecondaryReportableSegments19Member"/>
    <definitionArc xlink:type="arc" xlink:arcrole="http://xbrl.org/int/dim/arcrole/domain-member" xlink:from="SecondaryReportableSegmentsTotalMember" xlink:to="SecondaryReportableSegments19Member" priority="0" order="19.0"/>
    <loc xlink:type="locator" xlink:href="../in-gaap-2012-03-31.xsd#in-gaap_SecondaryReportableSegments20Member" xlink:label="SecondaryReportableSegments20Member"/>
    <definitionArc xlink:type="arc" xlink:arcrole="http://xbrl.org/int/dim/arcrole/domain-member" xlink:from="SecondaryReportableSegmentsTotalMember" xlink:to="SecondaryReportableSegments20Member" priority="0" order="20.0"/>
    <loc xlink:type="locator" xlink:href="../in-gaap-2012-03-31.xsd#in-gaap_MaterialReconcilingItemsForSecondaryReportableSegmentsMember" xlink:label="MaterialReconcilingItemsForSecondaryReportableSegmentsMember"/>
    <definitionArc xlink:type="arc" xlink:arcrole="http://xbrl.org/int/dim/arcrole/domain-member" xlink:from="EnterprisesTotalOfSecondaryReportableSegmentsMember" xlink:to="MaterialReconcilingItemsForSecondaryReportableSegmentsMember" priority="0" order="2.0"/>
    <loc xlink:type="locator" xlink:href="../in-gaap-2012-03-31.xsd#in-gaap_EliminationOfSecondaryIntersegmentAmountsMember" xlink:label="EliminationOfSecondaryIntersegmentAmountsMember"/>
    <definitionArc xlink:type="arc" xlink:arcrole="http://xbrl.org/int/dim/arcrole/domain-member" xlink:from="MaterialReconcilingItemsForSecondaryReportableSegmentsMember" xlink:to="EliminationOfSecondaryIntersegmentAmountsMember" priority="0" order="1.0"/>
    <loc xlink:type="locator" xlink:href="../in-gaap-2012-03-31.xsd#in-gaap_UnallocatedSecondarySegmentAmountsMember" xlink:label="UnallocatedSecondarySegmentAmountsMember"/>
    <definitionArc xlink:type="arc" xlink:arcrole="http://xbrl.org/int/dim/arcrole/domain-member" xlink:from="MaterialReconcilingItemsForSecondaryReportableSegmentsMember" xlink:to="UnallocatedSecondarySegmentAmountsMember" priority="0" order="2.0"/>
    <loc xlink:type="locator" xlink:href="../in-gaap-2012-03-31.xsd#in-gaap_DisclosureOfSecondaryReportableSegmentsLineItems" xlink:label="DisclosureOfSecondaryReportableSegmentsLineItems"/>
    <definitionArc xlink:type="arc" xlink:arcrole="http://xbrl.org/int/dim/arcrole/domain-member" xlink:from="DisclosureOfSecondaryReportableSegmentsAbstract" xlink:to="DisclosureOfSecondaryReportableSegmentsLineItems" priority="0" order="2.0"/>
    <loc xlink:type="locator" xlink:href="../in-gaap-2012-03-31.xsd#in-gaap_Revenue" xlink:label="Revenue"/>
    <definitionArc xlink:type="arc" xlink:arcrole="http://xbrl.org/int/dim/arcrole/domain-member" xlink:from="DisclosureOfSecondaryReportableSegmentsLineItems" xlink:to="Revenue" priority="0" order="1.0"/>
    <loc xlink:type="locator" xlink:href="../in-gaap-2012-03-31.xsd#in-gaap_RevenuesFromTransactionsWithOtherReportableSegmentsOfSameEnterprise" xlink:label="RevenuesFromTransactionsWithOtherReportableSegmentsOfSameEnterprise"/>
    <definitionArc xlink:type="arc" xlink:arcrole="http://xbrl.org/int/dim/arcrole/domain-member" xlink:from="DisclosureOfSecondaryReportableSegmentsLineItems" xlink:to="RevenuesFromTransactionsWithOtherReportableSegmentsOfSameEnterprise" priority="0" order="2.0"/>
    <loc xlink:type="locator" xlink:href="../in-gaap-2012-03-31.xsd#in-gaap_RevenuesFromExternalCustomersAndTransactionsWithOtherReportableSegmentsOfSameEnterprise" xlink:label="RevenuesFromExternalCustomersAndTransactionsWithOtherReportableSegmentsOfSameEnterprise"/>
    <definitionArc xlink:type="arc" xlink:arcrole="http://xbrl.org/int/dim/arcrole/domain-member" xlink:from="DisclosureOfSecondaryReportableSegmentsLineItems" xlink:to="RevenuesFromExternalCustomersAndTransactionsWithOtherReportableSegmentsOfSameEnterprise" priority="0" order="3.0"/>
    <loc xlink:type="locator" xlink:href="../in-gaap-2012-03-31.xsd#in-gaap_SegmentResult" xlink:label="SegmentResult"/>
    <definitionArc xlink:type="arc" xlink:arcrole="http://xbrl.org/int/dim/arcrole/domain-member" xlink:from="DisclosureOfSecondaryReportableSegmentsLineItems" xlink:to="SegmentResult" priority="0" order="4.0"/>
    <loc xlink:type="locator" xlink:href="../in-gaap-2012-03-31.xsd#in-gaap_Assets" xlink:label="Assets"/>
    <definitionArc xlink:type="arc" xlink:arcrole="http://xbrl.org/int/dim/arcrole/domain-member" xlink:from="DisclosureOfSecondaryReportableSegmentsLineItems" xlink:to="Assets" priority="0" order="5.0"/>
    <loc xlink:type="locator" xlink:href="../in-gaap-2012-03-31.xsd#in-gaap_Liabilities" xlink:label="Liabilities"/>
    <definitionArc xlink:type="arc" xlink:arcrole="http://xbrl.org/int/dim/arcrole/domain-member" xlink:from="DisclosureOfSecondaryReportableSegmentsLineItems" xlink:to="Liabilities" priority="0" order="6.0"/>
    <definitionArc xlink:type="arc" xlink:arcrole="http://xbrl.org/int/dim/arcrole/domain-member" xlink:from="DisclosureOfSecondaryReportableSegmentsLineItems" xlink:to="CostIncurredToAcquireTangibleAndIntangibleAssetsAbstract" priority="0" order="7.0"/>
    <loc xlink:type="locator" xlink:href="../in-gaap-2012-03-31.xsd#in-gaap_DepreciationAndAmortisationExpense" xlink:label="DepreciationAndAmortisationExpense"/>
    <definitionArc xlink:type="arc" xlink:arcrole="http://xbrl.org/int/dim/arcrole/domain-member" xlink:from="DisclosureOfSecondaryReportableSegmentsLineItems" xlink:to="DepreciationAndAmortisationExpense" priority="0" order="8.0"/>
    <loc xlink:type="locator" xlink:href="../in-gaap-2012-03-31.xsd#in-gaap_NoncashItemsOtherThanDepreciationAndAmortizationIncludedInArrivingAtSegmentResults" xlink:label="NoncashItemsOtherThanDepreciationAndAmortizationIncludedInArrivingAtSegmentResults"/>
    <definitionArc xlink:type="arc" xlink:arcrole="http://xbrl.org/int/dim/arcrole/domain-member" xlink:from="DisclosureOfSecondaryReportableSegmentsLineItems" xlink:to="NoncashItemsOtherThanDepreciationAndAmortizationIncludedInArrivingAtSegmentResults" priority="0" order="9.0"/>
    <loc xlink:type="locator" xlink:href="../in-gaap-2012-03-31.xsd#in-gaap_CashFlowsFromUsedInOperatingActivities" xlink:label="CashFlowsFromUsedInOperatingActivities"/>
    <definitionArc xlink:type="arc" xlink:arcrole="http://xbrl.org/int/dim/arcrole/domain-member" xlink:from="DisclosureOfSecondaryReportableSegmentsLineItems" xlink:to="CashFlowsFromUsedInOperatingActivities" priority="0" order="10.0"/>
    <loc xlink:type="locator" xlink:href="../in-gaap-2012-03-31.xsd#in-gaap_CashFlowsFromUsedInInvestingActivities" xlink:label="CashFlowsFromUsedInInvestingActivities"/>
    <definitionArc xlink:type="arc" xlink:arcrole="http://xbrl.org/int/dim/arcrole/domain-member" xlink:from="DisclosureOfSecondaryReportableSegmentsLineItems" xlink:to="CashFlowsFromUsedInInvestingActivities" priority="0" order="11.0"/>
    <loc xlink:type="locator" xlink:href="../in-gaap-2012-03-31.xsd#in-gaap_CashFlowsFromUsedInFinancingActivities" xlink:label="CashFlowsFromUsedInFinancingActivities"/>
    <definitionArc xlink:type="arc" xlink:arcrole="http://xbrl.org/int/dim/arcrole/domain-member" xlink:from="DisclosureOfSecondaryReportableSegmentsLineItems" xlink:to="CashFlowsFromUsedInFinancingActivities" priority="0" order="12.0"/>
    <loc xlink:type="locator" xlink:href="../in-gaap-2012-03-31.xsd#in-gaap_DescriptionOfMaterialReconcilingItems" xlink:label="DescriptionOfMaterialReconcilingItems"/>
    <definitionArc xlink:type="arc" xlink:arcrole="http://xbrl.org/int/dim/arcrole/domain-member" xlink:from="DisclosureOfSecondaryReportableSegmentsLineItems" xlink:to="DescriptionOfMaterialReconcilingItems" priority="0" order="13.0"/>
    <loc xlink:type="locator" xlink:href="../in-gaap-2012-03-31.xsd#in-gaap_DescriptionOfFactThatSegmentResultHasBeenArrivedAtAfterConsideringInterestAsPerAS16BorrowingCost" xlink:label="DescriptionOfFactThatSegmentResultHasBeenArrivedAtAfterConsideringInterestAsPerAS16BorrowingCost"/>
    <definitionArc xlink:type="arc" xlink:arcrole="http://xbrl.org/int/dim/arcrole/domain-member" xlink:from="DisclosureOfSecondaryReportableSegmentsLineItems" xlink:to="DescriptionOfFactThatSegmentResultHasBeenArrivedAtAfterConsideringInterestAsPerAS16BorrowingCost" priority="0" order="14.0"/>
    <loc xlink:type="locator" xlink:href="../in-gaap-2012-03-31.xsd#in-gaap_DescriptionOfTypesOfProductsAndServicesIncludedInEachReportedSegment" xlink:label="DescriptionOfTypesOfProductsAndServicesIncludedInEachReportedSegment"/>
    <definitionArc xlink:type="arc" xlink:arcrole="http://xbrl.org/int/dim/arcrole/domain-member" xlink:from="DisclosureOfSecondaryReportableSegmentsLineItems" xlink:to="DescriptionOfTypesOfProductsAndServicesIncludedInEachReportedSegment" priority="0" order="15.0"/>
    <loc xlink:type="locator" xlink:href="../in-gaap-2012-03-31.xsd#in-gaap_DescriptionOfCompositionOfGeographySegmentsIncludedInEachReportedSegment" xlink:label="DescriptionOfCompositionOfGeographySegmentsIncludedInEachReportedSegment"/>
    <definitionArc xlink:type="arc" xlink:arcrole="http://xbrl.org/int/dim/arcrole/domain-member" xlink:from="DisclosureOfSecondaryReportableSegmentsLineItems" xlink:to="DescriptionOfCompositionOfGeographySegmentsIncludedInEachReportedSegment" priority="0" order="16.0"/>
  </definitionLink>
  <definitionLink xlink:type="extended" xlink:role="http://www.icai.org/xbrl/taxonomy/role/in-gaap/NotesSegments2">
    <loc xlink:type="locator" xlink:href="../in-gaap-2012-03-31.xsd#in-gaap_AdditionalGeographicalDisclosureOfRevenueFromCustomersBasedOnCustomerLocationAbstract" xlink:label="AdditionalGeographicalDisclosureOfRevenueFromCustomersBasedOnCustomerLocationAbstract"/>
    <loc xlink:type="locator" xlink:href="../in-gaap-2012-03-31.xsd#in-gaap_AdditionalGeographicalDisclosureOfRevenueFromCustomersBasedOnCustomerLocationTable" xlink:label="AdditionalGeographicalDisclosureOfRevenueFromCustomersBasedOnCustomerLocationTable"/>
    <definitionArc xlink:type="arc" xlink:arcrole="http://xbrl.org/int/dim/arcrole/all" xlink:from="AdditionalGeographicalDisclosureOfRevenueFromCustomersBasedOnCustomerLocationAbstract" xlink:to="AdditionalGeographicalDisclosureOfRevenueFromCustomersBasedOnCustomerLocationTable" priority="0" order="1.0" xbrldt:contextElement="scenario" xbrldt:closed="true"/>
    <loc xlink:type="locator" xlink:href="../in-gaap-2012-03-31.xsd#in-gaap_GeographicalDisclosureOfRevenueFromCustomersBasedOnCustomerLocationAxis" xlink:label="GeographicalDisclosureOfRevenueFromCustomersBasedOnCustomerLocationAxis"/>
    <definitionArc xlink:type="arc" xlink:arcrole="http://xbrl.org/int/dim/arcrole/hypercube-dimension" xlink:from="AdditionalGeographicalDisclosureOfRevenueFromCustomersBasedOnCustomerLocationTable" xlink:to="GeographicalDisclosureOfRevenueFromCustomersBasedOnCustomerLocationAxis" priority="0" order="1.0"/>
    <loc xlink:type="locator" xlink:href="../in-gaap-2012-03-31.xsd#in-gaap_GeographicalDisclosureOfRevenueFromCustomersBasedOnCustomerLocationLineItems" xlink:label="GeographicalDisclosureOfRevenueFromCustomersBasedOnCustomerLocationLineItems"/>
    <definitionArc xlink:type="arc" xlink:arcrole="http://xbrl.org/int/dim/arcrole/domain-member" xlink:from="AdditionalGeographicalDisclosureOfRevenueFromCustomersBasedOnCustomerLocationAbstract" xlink:to="GeographicalDisclosureOfRevenueFromCustomersBasedOnCustomerLocationLineItems" priority="0" order="2.0"/>
    <loc xlink:type="locator" xlink:href="../in-gaap-2012-03-31.xsd#in-gaap_RevenueFromExternalCustomers" xlink:label="RevenueFromExternalCustomers"/>
    <definitionArc xlink:type="arc" xlink:arcrole="http://xbrl.org/int/dim/arcrole/domain-member" xlink:from="GeographicalDisclosureOfRevenueFromCustomersBasedOnCustomerLocationLineItems" xlink:to="RevenueFromExternalCustomers" priority="0" order="1.0"/>
  </definitionLink>
  <definitionLink xlink:type="extended" xlink:role="http://www.icai.org/xbrl/taxonomy/role/in-gaap/NotesSegments3">
    <loc xlink:type="locator" xlink:href="../in-gaap-2012-03-31.xsd#in-gaap_CostIncurredToAcquireTangibleAndIntangibleAssetsAbstract" xlink:label="CostIncurredToAcquireTangibleAndIntangibleAssetsAbstract"/>
    <loc xlink:type="locator" xlink:href="../in-gaap-2012-03-31.xsd#in-gaap_CostIncurredToAcquireTangibleAssets" xlink:label="CostIncurredToAcquireTangibleAssets"/>
    <definitionArc xlink:type="arc" xlink:arcrole="http://xbrl.org/int/dim/arcrole/domain-member" xlink:from="CostIncurredToAcquireTangibleAndIntangibleAssetsAbstract" xlink:to="CostIncurredToAcquireTangibleAssets" priority="0" order="1.0"/>
    <loc xlink:type="locator" xlink:href="../in-gaap-2012-03-31.xsd#in-gaap_CostIncurredToAcquireIntangibleAssets" xlink:label="CostIncurredToAcquireIntangibleAssets"/>
    <definitionArc xlink:type="arc" xlink:arcrole="http://xbrl.org/int/dim/arcrole/domain-member" xlink:from="CostIncurredToAcquireTangibleAndIntangibleAssetsAbstract" xlink:to="CostIncurredToAcquireIntangibleAssets" priority="0" order="2.0"/>
    <loc xlink:type="locator" xlink:href="../in-gaap-2012-03-31.xsd#in-gaap_CostIncurredToAcquireTangibleAndIntangibleAssets" xlink:label="CostIncurredToAcquireTangibleAndIntangibleAssets"/>
    <definitionArc xlink:type="arc" xlink:arcrole="http://xbrl.org/int/dim/arcrole/domain-member" xlink:from="CostIncurredToAcquireTangibleAndIntangibleAssetsAbstract" xlink:to="CostIncurredToAcquireTangibleAndIntangibleAssets" priority="0" order="3.0"/>
    <loc xlink:type="locator" xlink:href="../in-gaap-2012-03-31.xsd#in-gaap_AdditionalGeographicalDisclosureOfDetailsOnAssetsBasedOnLocationOfAssetsAbstract" xlink:label="AdditionalGeographicalDisclosureOfDetailsOnAssetsBasedOnLocationOfAssetsAbstract"/>
    <loc xlink:type="locator" xlink:href="../in-gaap-2012-03-31.xsd#in-gaap_AdditionalGeographicalDisclosureOfDetailsOnAssetsBasedOnLocationOfAssetsTable" xlink:label="AdditionalGeographicalDisclosureOfDetailsOnAssetsBasedOnLocationOfAssetsTable"/>
    <definitionArc xlink:type="arc" xlink:arcrole="http://xbrl.org/int/dim/arcrole/all" xlink:from="AdditionalGeographicalDisclosureOfDetailsOnAssetsBasedOnLocationOfAssetsAbstract" xlink:to="AdditionalGeographicalDisclosureOfDetailsOnAssetsBasedOnLocationOfAssetsTable" priority="0" order="1.0" xbrldt:contextElement="scenario" xbrldt:closed="true"/>
    <loc xlink:type="locator" xlink:href="../in-gaap-2012-03-31.xsd#in-gaap_GeographicalDisclosureOfDetailsOnAssetsBasedOnLocationOfAssetsAxis" xlink:label="GeographicalDisclosureOfDetailsOnAssetsBasedOnLocationOfAssetsAxis"/>
    <definitionArc xlink:type="arc" xlink:arcrole="http://xbrl.org/int/dim/arcrole/hypercube-dimension" xlink:from="AdditionalGeographicalDisclosureOfDetailsOnAssetsBasedOnLocationOfAssetsTable" xlink:to="GeographicalDisclosureOfDetailsOnAssetsBasedOnLocationOfAssetsAxis" priority="0" order="1.0"/>
    <loc xlink:type="locator" xlink:href="../in-gaap-2012-03-31.xsd#in-gaap_GeographicalDisclosureOfDetailsOnAssetsBasedOnLocationOfAssetsLineItems" xlink:label="GeographicalDisclosureOfDetailsOnAssetsBasedOnLocationOfAssetsLineItems"/>
    <definitionArc xlink:type="arc" xlink:arcrole="http://xbrl.org/int/dim/arcrole/domain-member" xlink:from="AdditionalGeographicalDisclosureOfDetailsOnAssetsBasedOnLocationOfAssetsAbstract" xlink:to="GeographicalDisclosureOfDetailsOnAssetsBasedOnLocationOfAssetsLineItems" priority="0" order="2.0"/>
    <loc xlink:type="locator" xlink:href="../in-gaap-2012-03-31.xsd#in-gaap_SegmentAssets" xlink:label="SegmentAssets"/>
    <definitionArc xlink:type="arc" xlink:arcrole="http://xbrl.org/int/dim/arcrole/domain-member" xlink:from="GeographicalDisclosureOfDetailsOnAssetsBasedOnLocationOfAssetsLineItems" xlink:to="SegmentAssets" priority="0" order="1.0"/>
    <definitionArc xlink:type="arc" xlink:arcrole="http://xbrl.org/int/dim/arcrole/domain-member" xlink:from="GeographicalDisclosureOfDetailsOnAssetsBasedOnLocationOfAssetsLineItems" xlink:to="CostIncurredToAcquireTangibleAndIntangibleAssetsAbstract" priority="0" order="2.0"/>
  </definitionLink>
</linkbase>
