<?xml version="1.0" encoding="US-ASCII"?>
<!-- Generated by Fujitsu Interstage XWand B0166 -->
<linkbase xmlns="http://www.xbrl.org/2003/linkbase" xmlns:xsi="http://www.w3.org/2001/XMLSchema-instance" xmlns:xbrldt="http://xbrl.org/2005/xbrldt" xmlns:xlink="http://www.w3.org/1999/xlink" xmlns:xbrli="http://www.xbrl.org/2003/instance">
  <roleRef roleURI="http://www.icai.org/xbrl/taxonomy/role/in-gaap/NotesAmalgamation" xlink:type="simple" xlink:href="../in-gaap-roles-2012-03-31.xsd#in-gaap-rol-202300"/>
  <arcroleRef arcroleURI="http://xbrl.org/int/dim/arcrole/all" xlink:type="simple" xlink:href="http://www.xbrl.org/2005/xbrldt-2005.xsd#all"/>
  <arcroleRef arcroleURI="http://xbrl.org/int/dim/arcrole/domain-member" xlink:type="simple" xlink:href="http://www.xbrl.org/2005/xbrldt-2005.xsd#domain-member"/>
  <arcroleRef arcroleURI="http://xbrl.org/int/dim/arcrole/hypercube-dimension" xlink:type="simple" xlink:href="http://www.xbrl.org/2005/xbrldt-2005.xsd#hypercube-dimension"/>
  <definitionLink xlink:type="extended" xlink:role="http://www.icai.org/xbrl/taxonomy/role/in-gaap/NotesAmalgamation">
    <loc xlink:type="locator" xlink:href="../in-gaap-2012-03-31.xsd#in-gaap_DisclosureOfAmalgamationsAbstract" xlink:label="DisclosureOfAmalgamationsAbstract"/>
    <loc xlink:type="locator" xlink:href="../in-gaap-2012-03-31.xsd#in-gaap_DisclosureOfAmalgamationsTable" xlink:label="DisclosureOfAmalgamationsTable"/>
    <definitionArc xlink:type="arc" xlink:arcrole="http://xbrl.org/int/dim/arcrole/all" xlink:from="DisclosureOfAmalgamationsAbstract" xlink:to="DisclosureOfAmalgamationsTable" priority="0" order="1.0" xbrldt:contextElement="scenario" xbrldt:closed="true"/>
    <loc xlink:type="locator" xlink:href="../in-gaap-2012-03-31.xsd#in-gaap_AmalgamationsAxis" xlink:label="AmalgamationsAxis"/>
    <definitionArc xlink:type="arc" xlink:arcrole="http://xbrl.org/int/dim/arcrole/hypercube-dimension" xlink:from="DisclosureOfAmalgamationsTable" xlink:to="AmalgamationsAxis" priority="0" order="1.0"/>
    <loc xlink:type="locator" xlink:href="../in-gaap-2012-03-31.xsd#in-gaap_DisclosureOfAmalgamationsLineItems" xlink:label="DisclosureOfAmalgamationsLineItems"/>
    <definitionArc xlink:type="arc" xlink:arcrole="http://xbrl.org/int/dim/arcrole/domain-member" xlink:from="DisclosureOfAmalgamationsAbstract" xlink:to="DisclosureOfAmalgamationsLineItems" priority="0" order="2.0"/>
    <loc xlink:type="locator" xlink:href="../in-gaap-2012-03-31.xsd#in-gaap_NameOfAmalgamatingCompany" xlink:label="NameOfAmalgamatingCompany"/>
    <definitionArc xlink:type="arc" xlink:arcrole="http://xbrl.org/int/dim/arcrole/domain-member" xlink:from="DisclosureOfAmalgamationsLineItems" xlink:to="NameOfAmalgamatingCompany" priority="0" order="1.0"/>
    <loc xlink:type="locator" xlink:href="../../IN-CA/in-ca-2012-03-31.xsd#in-ca_CountryOfIncorporationOrResidenceOfAmalgamatingCompany" xlink:label="CountryOfIncorporationOrResidenceOfAmalgamatingCompany"/>
    <definitionArc xlink:type="arc" xlink:arcrole="http://xbrl.org/int/dim/arcrole/domain-member" xlink:from="DisclosureOfAmalgamationsLineItems" xlink:to="CountryOfIncorporationOrResidenceOfAmalgamatingCompany" priority="0" order="2.0"/>
    <loc xlink:type="locator" xlink:href="../../IN-CA/in-ca-2012-03-31.xsd#in-ca_CINOfAmalgamatingCompany" xlink:label="CINOfAmalgamatingCompany"/>
    <definitionArc xlink:type="arc" xlink:arcrole="http://xbrl.org/int/dim/arcrole/domain-member" xlink:from="DisclosureOfAmalgamationsLineItems" xlink:to="CINOfAmalgamatingCompany" priority="0" order="3.0"/>
    <loc xlink:type="locator" xlink:href="../in-gaap-2012-03-31.xsd#in-gaap_GeneralNatureOfBusinessOfAmalgamatingCompany" xlink:label="GeneralNatureOfBusinessOfAmalgamatingCompany"/>
    <definitionArc xlink:type="arc" xlink:arcrole="http://xbrl.org/int/dim/arcrole/domain-member" xlink:from="DisclosureOfAmalgamationsLineItems" xlink:to="GeneralNatureOfBusinessOfAmalgamatingCompany" priority="0" order="4.0"/>
    <loc xlink:type="locator" xlink:href="../in-gaap-2012-03-31.xsd#in-gaap_EffectiveDateOfAmalgamationForAccountingPurposes" xlink:label="EffectiveDateOfAmalgamationForAccountingPurposes"/>
    <definitionArc xlink:type="arc" xlink:arcrole="http://xbrl.org/int/dim/arcrole/domain-member" xlink:from="DisclosureOfAmalgamationsLineItems" xlink:to="EffectiveDateOfAmalgamationForAccountingPurposes" priority="0" order="5.0"/>
    <loc xlink:type="locator" xlink:href="../in-gaap-2012-03-31.xsd#in-gaap_MethodOfAccountingUsedToReflectAmalgamation" xlink:label="MethodOfAccountingUsedToReflectAmalgamation"/>
    <definitionArc xlink:type="arc" xlink:arcrole="http://xbrl.org/int/dim/arcrole/domain-member" xlink:from="DisclosureOfAmalgamationsLineItems" xlink:to="MethodOfAccountingUsedToReflectAmalgamation" priority="0" order="6.0"/>
    <loc xlink:type="locator" xlink:href="../in-gaap-2012-03-31.xsd#in-gaap_DescriptionOfParticularsOfSchemeSanctionedUnderStatute" xlink:label="DescriptionOfParticularsOfSchemeSanctionedUnderStatute"/>
    <definitionArc xlink:type="arc" xlink:arcrole="http://xbrl.org/int/dim/arcrole/domain-member" xlink:from="DisclosureOfAmalgamationsLineItems" xlink:to="DescriptionOfParticularsOfSchemeSanctionedUnderStatute" priority="0" order="7.0"/>
    <loc xlink:type="locator" xlink:href="../in-gaap-2012-03-31.xsd#in-gaap_AdjustmentsRelatedMergerAcquisitions" xlink:label="AdjustmentsRelatedMergerAcquisitions"/>
    <definitionArc xlink:type="arc" xlink:arcrole="http://xbrl.org/int/dim/arcrole/domain-member" xlink:from="DisclosureOfAmalgamationsLineItems" xlink:to="AdjustmentsRelatedMergerAcquisitions" priority="0" order="8.0"/>
    <loc xlink:type="locator" xlink:href="../in-gaap-2012-03-31.xsd#in-gaap_AdditionalDisclosuresForAmalgamationsAccountedUnderPoolingOfInterestMethodAbstract" xlink:label="AdditionalDisclosuresForAmalgamationsAccountedUnderPoolingOfInterestMethodAbstract"/>
    <definitionArc xlink:type="arc" xlink:arcrole="http://xbrl.org/int/dim/arcrole/domain-member" xlink:from="DisclosureOfAmalgamationsLineItems" xlink:to="AdditionalDisclosuresForAmalgamationsAccountedUnderPoolingOfInterestMethodAbstract" priority="0" order="9.0"/>
    <loc xlink:type="locator" xlink:href="../in-gaap-2012-03-31.xsd#in-gaap_DescriptionOfSharesIssued" xlink:label="DescriptionOfSharesIssued"/>
    <definitionArc xlink:type="arc" xlink:arcrole="http://xbrl.org/int/dim/arcrole/domain-member" xlink:from="AdditionalDisclosuresForAmalgamationsAccountedUnderPoolingOfInterestMethodAbstract" xlink:to="DescriptionOfSharesIssued" priority="0" order="1.0"/>
    <loc xlink:type="locator" xlink:href="../in-gaap-2012-03-31.xsd#in-gaap_NumberOfSharesIssued" xlink:label="NumberOfSharesIssued"/>
    <definitionArc xlink:type="arc" xlink:arcrole="http://xbrl.org/int/dim/arcrole/domain-member" xlink:from="AdditionalDisclosuresForAmalgamationsAccountedUnderPoolingOfInterestMethodAbstract" xlink:to="NumberOfSharesIssued" priority="0" order="2.0"/>
    <loc xlink:type="locator" xlink:href="../in-gaap-2012-03-31.xsd#in-gaap_PercentageOfEachCompanysSharesExchangedToEffectAmalgamation" xlink:label="PercentageOfEachCompanysSharesExchangedToEffectAmalgamation"/>
    <definitionArc xlink:type="arc" xlink:arcrole="http://xbrl.org/int/dim/arcrole/domain-member" xlink:from="AdditionalDisclosuresForAmalgamationsAccountedUnderPoolingOfInterestMethodAbstract" xlink:to="PercentageOfEachCompanysSharesExchangedToEffectAmalgamation" priority="0" order="3.0"/>
    <loc xlink:type="locator" xlink:href="../in-gaap-2012-03-31.xsd#in-gaap_AmountOfDifferenceBetweenConsiderationAndValueOfNetIdentifiableAssetsAcquiredPoolingOfInterest" xlink:label="AmountOfDifferenceBetweenConsiderationAndValueOfNetIdentifiableAssetsAcquiredPoolingOfInterest"/>
    <definitionArc xlink:type="arc" xlink:arcrole="http://xbrl.org/int/dim/arcrole/domain-member" xlink:from="AdditionalDisclosuresForAmalgamationsAccountedUnderPoolingOfInterestMethodAbstract" xlink:to="AmountOfDifferenceBetweenConsiderationAndValueOfNetIdentifiableAssetsAcquiredPoolingOfInterest" priority="0" order="4.0"/>
    <loc xlink:type="locator" xlink:href="../in-gaap-2012-03-31.xsd#in-gaap_TreatmentOfDifferenceBetweenConsiderationAndValueOfNetIdentifiableAssetsAcquiredPoolingOfInterest" xlink:label="TreatmentOfDifferenceBetweenConsiderationAndValueOfNetIdentifiableAssetsAcquiredPoolingOfInterest"/>
    <definitionArc xlink:type="arc" xlink:arcrole="http://xbrl.org/int/dim/arcrole/domain-member" xlink:from="AdditionalDisclosuresForAmalgamationsAccountedUnderPoolingOfInterestMethodAbstract" xlink:to="TreatmentOfDifferenceBetweenConsiderationAndValueOfNetIdentifiableAssetsAcquiredPoolingOfInterest" priority="0" order="5.0"/>
    <loc xlink:type="locator" xlink:href="../in-gaap-2012-03-31.xsd#in-gaap_AdditionalDisclosuresForAmalgamationsAccountedUnderPurchaseMethodAbstract" xlink:label="AdditionalDisclosuresForAmalgamationsAccountedUnderPurchaseMethodAbstract"/>
    <definitionArc xlink:type="arc" xlink:arcrole="http://xbrl.org/int/dim/arcrole/domain-member" xlink:from="DisclosureOfAmalgamationsLineItems" xlink:to="AdditionalDisclosuresForAmalgamationsAccountedUnderPurchaseMethodAbstract" priority="0" order="10.0"/>
    <loc xlink:type="locator" xlink:href="../in-gaap-2012-03-31.xsd#in-gaap_ConsiderationForAmalgamation" xlink:label="ConsiderationForAmalgamation"/>
    <definitionArc xlink:type="arc" xlink:arcrole="http://xbrl.org/int/dim/arcrole/domain-member" xlink:from="AdditionalDisclosuresForAmalgamationsAccountedUnderPurchaseMethodAbstract" xlink:to="ConsiderationForAmalgamation" priority="0" order="1.0"/>
    <loc xlink:type="locator" xlink:href="../in-gaap-2012-03-31.xsd#in-gaap_DescriptionOfConsiderationPaidOrContingentlyPayable" xlink:label="DescriptionOfConsiderationPaidOrContingentlyPayable"/>
    <definitionArc xlink:type="arc" xlink:arcrole="http://xbrl.org/int/dim/arcrole/domain-member" xlink:from="AdditionalDisclosuresForAmalgamationsAccountedUnderPurchaseMethodAbstract" xlink:to="DescriptionOfConsiderationPaidOrContingentlyPayable" priority="0" order="2.0"/>
    <loc xlink:type="locator" xlink:href="../in-gaap-2012-03-31.xsd#in-gaap_AmountOfDifferenceBetweenConsiderationAndValueOfNetIdentifiableAssetsAcquiredPurchaseMethod" xlink:label="AmountOfDifferenceBetweenConsiderationAndValueOfNetIdentifiableAssetsAcquiredPurchaseMethod"/>
    <definitionArc xlink:type="arc" xlink:arcrole="http://xbrl.org/int/dim/arcrole/domain-member" xlink:from="AdditionalDisclosuresForAmalgamationsAccountedUnderPurchaseMethodAbstract" xlink:to="AmountOfDifferenceBetweenConsiderationAndValueOfNetIdentifiableAssetsAcquiredPurchaseMethod" priority="0" order="3.0"/>
    <loc xlink:type="locator" xlink:href="../in-gaap-2012-03-31.xsd#in-gaap_TreatmentOfDifferenceBetweenConsiderationAndValueOfNetIdentifiableAssetsAcquiredPurchaseMethod" xlink:label="TreatmentOfDifferenceBetweenConsiderationAndValueOfNetIdentifiableAssetsAcquiredPurchaseMethod"/>
    <definitionArc xlink:type="arc" xlink:arcrole="http://xbrl.org/int/dim/arcrole/domain-member" xlink:from="AdditionalDisclosuresForAmalgamationsAccountedUnderPurchaseMethodAbstract" xlink:to="TreatmentOfDifferenceBetweenConsiderationAndValueOfNetIdentifiableAssetsAcquiredPurchaseMethod" priority="0" order="4.0"/>
    <loc xlink:type="locator" xlink:href="../in-gaap-2012-03-31.xsd#in-gaap_PeriodOfAmortizationOfGoodwill" xlink:label="PeriodOfAmortizationOfGoodwill"/>
    <definitionArc xlink:type="arc" xlink:arcrole="http://xbrl.org/int/dim/arcrole/domain-member" xlink:from="AdditionalDisclosuresForAmalgamationsAccountedUnderPurchaseMethodAbstract" xlink:to="PeriodOfAmortizationOfGoodwill" priority="0" order="5.0"/>
  </definitionLink>
</linkbase>
