<?xml version="1.0" encoding="US-ASCII"?>
<!-- Generated by Fujitsu Interstage XWand B0166 -->
<linkbase xmlns="http://www.xbrl.org/2003/linkbase" xmlns:xsi="http://www.w3.org/2001/XMLSchema-instance" xmlns:xbrldt="http://xbrl.org/2005/xbrldt" xmlns:xlink="http://www.w3.org/1999/xlink" xmlns:xbrli="http://www.xbrl.org/2003/instance">
  <roleRef roleURI="http://www.icai.org/xbrl/taxonomy/role/in-gaap/NotesNoncurrentInvestments" xlink:type="simple" xlink:href="../in-gaap-roles-2012-03-31.xsd#in-gaap-rol-200400"/>
  <arcroleRef arcroleURI="http://xbrl.org/int/dim/arcrole/all" xlink:type="simple" xlink:href="http://www.xbrl.org/2005/xbrldt-2005.xsd#all"/>
  <arcroleRef arcroleURI="http://xbrl.org/int/dim/arcrole/dimension-domain" xlink:type="simple" xlink:href="http://www.xbrl.org/2005/xbrldt-2005.xsd#dimension-domain"/>
  <arcroleRef arcroleURI="http://xbrl.org/int/dim/arcrole/domain-member" xlink:type="simple" xlink:href="http://www.xbrl.org/2005/xbrldt-2005.xsd#domain-member"/>
  <arcroleRef arcroleURI="http://xbrl.org/int/dim/arcrole/hypercube-dimension" xlink:type="simple" xlink:href="http://www.xbrl.org/2005/xbrldt-2005.xsd#hypercube-dimension"/>
  <definitionLink xlink:type="extended" xlink:role="http://www.icai.org/xbrl/taxonomy/role/in-gaap/NotesNoncurrentInvestments">
    <loc xlink:type="locator" xlink:href="../in-gaap-2012-03-31.xsd#in-gaap_DisclosureOfDetailsOfNoncurrentInvestmentsAbstract" xlink:label="DisclosureOfDetailsOfNoncurrentInvestmentsAbstract"/>
    <loc xlink:type="locator" xlink:href="../in-gaap-2012-03-31.xsd#in-gaap_DetailsOfNoncurrentInvestmentsTable" xlink:label="DetailsOfNoncurrentInvestmentsTable"/>
    <definitionArc xlink:type="arc" xlink:arcrole="http://xbrl.org/int/dim/arcrole/all" xlink:from="DisclosureOfDetailsOfNoncurrentInvestmentsAbstract" xlink:to="DetailsOfNoncurrentInvestmentsTable" priority="0" order="1.0" xbrldt:contextElement="scenario" xbrldt:closed="true"/>
    <loc xlink:type="locator" xlink:href="../in-gaap-2012-03-31.xsd#in-gaap_ClassificationOfNoncurrentInvestmentsAxis" xlink:label="ClassificationOfNoncurrentInvestmentsAxis"/>
    <definitionArc xlink:type="arc" xlink:arcrole="http://xbrl.org/int/dim/arcrole/hypercube-dimension" xlink:from="DetailsOfNoncurrentInvestmentsTable" xlink:to="ClassificationOfNoncurrentInvestmentsAxis" priority="0" order="1.0"/>
    <loc xlink:type="locator" xlink:href="../in-gaap-2012-03-31.xsd#in-gaap_CompanyTotalNoncurrentInvestmentsMember" xlink:label="CompanyTotalNoncurrentInvestmentsMember"/>
    <definitionArc xlink:type="arc" xlink:arcrole="http://xbrl.org/int/dim/arcrole/dimension-domain" xlink:from="ClassificationOfNoncurrentInvestmentsAxis" xlink:to="CompanyTotalNoncurrentInvestmentsMember" priority="0" order="1.0"/>
    <loc xlink:type="locator" xlink:href="../in-gaap-2012-03-31.xsd#in-gaap_InvestmentPropertyMember" xlink:label="InvestmentPropertyMember"/>
    <definitionArc xlink:type="arc" xlink:arcrole="http://xbrl.org/int/dim/arcrole/domain-member" xlink:from="CompanyTotalNoncurrentInvestmentsMember" xlink:to="InvestmentPropertyMember" priority="0" order="1.0"/>
    <loc xlink:type="locator" xlink:href="../in-gaap-2012-03-31.xsd#in-gaap_InvestmentsInEquityInstrumentsMember" xlink:label="InvestmentsInEquityInstrumentsMember"/>
    <definitionArc xlink:type="arc" xlink:arcrole="http://xbrl.org/int/dim/arcrole/domain-member" xlink:from="CompanyTotalNoncurrentInvestmentsMember" xlink:to="InvestmentsInEquityInstrumentsMember" priority="0" order="2.0"/>
    <loc xlink:type="locator" xlink:href="../../IN-CA/in-ca-2012-03-31.xsd#in-ca_InvestmentInPublicSectorEquityInstrumentsMember" xlink:label="InvestmentInPublicSectorEquityInstrumentsMember"/>
    <definitionArc xlink:type="arc" xlink:arcrole="http://xbrl.org/int/dim/arcrole/domain-member" xlink:from="InvestmentsInEquityInstrumentsMember" xlink:to="InvestmentInPublicSectorEquityInstrumentsMember" priority="0" order="1.0"/>
    <loc xlink:type="locator" xlink:href="../../IN-CA/in-ca-2012-03-31.xsd#in-ca_InvestmentInSubsidiariesEquityInstrumentsMember" xlink:label="InvestmentInSubsidiariesEquityInstrumentsMember"/>
    <definitionArc xlink:type="arc" xlink:arcrole="http://xbrl.org/int/dim/arcrole/domain-member" xlink:from="InvestmentsInEquityInstrumentsMember" xlink:to="InvestmentInSubsidiariesEquityInstrumentsMember" priority="0" order="2.0"/>
    <loc xlink:type="locator" xlink:href="../../IN-CA/in-ca-2012-03-31.xsd#in-ca_InvestmentInOtherIndianCompaniesEquityInstrumentsMember" xlink:label="InvestmentInOtherIndianCompaniesEquityInstrumentsMember"/>
    <definitionArc xlink:type="arc" xlink:arcrole="http://xbrl.org/int/dim/arcrole/domain-member" xlink:from="InvestmentsInEquityInstrumentsMember" xlink:to="InvestmentInOtherIndianCompaniesEquityInstrumentsMember" priority="0" order="3.0"/>
    <loc xlink:type="locator" xlink:href="../../IN-CA/in-ca-2012-03-31.xsd#in-ca_InvestmentInEquityInstrumentsOthersMember" xlink:label="InvestmentInEquityInstrumentsOthersMember"/>
    <definitionArc xlink:type="arc" xlink:arcrole="http://xbrl.org/int/dim/arcrole/domain-member" xlink:from="InvestmentsInEquityInstrumentsMember" xlink:to="InvestmentInEquityInstrumentsOthersMember" priority="0" order="4.0"/>
    <loc xlink:type="locator" xlink:href="../in-gaap-2012-03-31.xsd#in-gaap_InvestmentsInPreferenceSharesMember" xlink:label="InvestmentsInPreferenceSharesMember"/>
    <definitionArc xlink:type="arc" xlink:arcrole="http://xbrl.org/int/dim/arcrole/domain-member" xlink:from="CompanyTotalNoncurrentInvestmentsMember" xlink:to="InvestmentsInPreferenceSharesMember" priority="0" order="3.0"/>
    <loc xlink:type="locator" xlink:href="../../IN-CA/in-ca-2012-03-31.xsd#in-ca_InvestmentInPublicSectorPreferenceSharesMember" xlink:label="InvestmentInPublicSectorPreferenceSharesMember"/>
    <definitionArc xlink:type="arc" xlink:arcrole="http://xbrl.org/int/dim/arcrole/domain-member" xlink:from="InvestmentsInPreferenceSharesMember" xlink:to="InvestmentInPublicSectorPreferenceSharesMember" priority="0" order="1.0"/>
    <loc xlink:type="locator" xlink:href="../../IN-CA/in-ca-2012-03-31.xsd#in-ca_InvestmentInSubsidiariesPreferenceSharesMember" xlink:label="InvestmentInSubsidiariesPreferenceSharesMember"/>
    <definitionArc xlink:type="arc" xlink:arcrole="http://xbrl.org/int/dim/arcrole/domain-member" xlink:from="InvestmentsInPreferenceSharesMember" xlink:to="InvestmentInSubsidiariesPreferenceSharesMember" priority="0" order="2.0"/>
    <loc xlink:type="locator" xlink:href="../../IN-CA/in-ca-2012-03-31.xsd#in-ca_InvestmentInOtherIndianCompaniesPreferenceSharesMember" xlink:label="InvestmentInOtherIndianCompaniesPreferenceSharesMember"/>
    <definitionArc xlink:type="arc" xlink:arcrole="http://xbrl.org/int/dim/arcrole/domain-member" xlink:from="InvestmentsInPreferenceSharesMember" xlink:to="InvestmentInOtherIndianCompaniesPreferenceSharesMember" priority="0" order="3.0"/>
    <loc xlink:type="locator" xlink:href="../../IN-CA/in-ca-2012-03-31.xsd#in-ca_InvestmentInPreferenceSharesOthersMember" xlink:label="InvestmentInPreferenceSharesOthersMember"/>
    <definitionArc xlink:type="arc" xlink:arcrole="http://xbrl.org/int/dim/arcrole/domain-member" xlink:from="InvestmentsInPreferenceSharesMember" xlink:to="InvestmentInPreferenceSharesOthersMember" priority="0" order="4.0"/>
    <loc xlink:type="locator" xlink:href="../in-gaap-2012-03-31.xsd#in-gaap_InvestmentsInGovernmentOrTrustSecuritiesMember" xlink:label="InvestmentsInGovernmentOrTrustSecuritiesMember"/>
    <definitionArc xlink:type="arc" xlink:arcrole="http://xbrl.org/int/dim/arcrole/domain-member" xlink:from="CompanyTotalNoncurrentInvestmentsMember" xlink:to="InvestmentsInGovernmentOrTrustSecuritiesMember" priority="0" order="4.0"/>
    <loc xlink:type="locator" xlink:href="../in-gaap-2012-03-31.xsd#in-gaap_InvestmentsInDebenturesOrBondsMember" xlink:label="InvestmentsInDebenturesOrBondsMember"/>
    <definitionArc xlink:type="arc" xlink:arcrole="http://xbrl.org/int/dim/arcrole/domain-member" xlink:from="CompanyTotalNoncurrentInvestmentsMember" xlink:to="InvestmentsInDebenturesOrBondsMember" priority="0" order="5.0"/>
    <loc xlink:type="locator" xlink:href="../in-gaap-2012-03-31.xsd#in-gaap_InvestmentsInMutualFundsMember" xlink:label="InvestmentsInMutualFundsMember"/>
    <definitionArc xlink:type="arc" xlink:arcrole="http://xbrl.org/int/dim/arcrole/domain-member" xlink:from="CompanyTotalNoncurrentInvestmentsMember" xlink:to="InvestmentsInMutualFundsMember" priority="0" order="6.0"/>
    <loc xlink:type="locator" xlink:href="../in-gaap-2012-03-31.xsd#in-gaap_InvestmentsInPartnershipFirmsMember" xlink:label="InvestmentsInPartnershipFirmsMember"/>
    <definitionArc xlink:type="arc" xlink:arcrole="http://xbrl.org/int/dim/arcrole/domain-member" xlink:from="CompanyTotalNoncurrentInvestmentsMember" xlink:to="InvestmentsInPartnershipFirmsMember" priority="0" order="7.0"/>
    <loc xlink:type="locator" xlink:href="../../IN-CA/in-ca-2012-03-31.xsd#in-ca_InvestmentInForeignSourcesMember" xlink:label="InvestmentInForeignSourcesMember"/>
    <definitionArc xlink:type="arc" xlink:arcrole="http://xbrl.org/int/dim/arcrole/domain-member" xlink:from="CompanyTotalNoncurrentInvestmentsMember" xlink:to="InvestmentInForeignSourcesMember" priority="0" order="8.0"/>
    <loc xlink:type="locator" xlink:href="../in-gaap-2012-03-31.xsd#in-gaap_OtherNoncurrentInvestmentsMember" xlink:label="OtherNoncurrentInvestmentsMember"/>
    <definitionArc xlink:type="arc" xlink:arcrole="http://xbrl.org/int/dim/arcrole/domain-member" xlink:from="CompanyTotalNoncurrentInvestmentsMember" xlink:to="OtherNoncurrentInvestmentsMember" priority="0" order="9.0"/>
    <loc xlink:type="locator" xlink:href="../in-gaap-2012-03-31.xsd#in-gaap_SubclassificationOfNoncurrentInvestmentsAxis" xlink:label="SubclassificationOfNoncurrentInvestmentsAxis"/>
    <definitionArc xlink:type="arc" xlink:arcrole="http://xbrl.org/int/dim/arcrole/hypercube-dimension" xlink:from="DetailsOfNoncurrentInvestmentsTable" xlink:to="SubclassificationOfNoncurrentInvestmentsAxis" priority="0" order="2.0"/>
    <loc xlink:type="locator" xlink:href="../in-gaap-2012-03-31.xsd#in-gaap_NoncurrentTradeAndOtherInvestmentsMember" xlink:label="NoncurrentTradeAndOtherInvestmentsMember"/>
    <definitionArc xlink:type="arc" xlink:arcrole="http://xbrl.org/int/dim/arcrole/dimension-domain" xlink:from="SubclassificationOfNoncurrentInvestmentsAxis" xlink:to="NoncurrentTradeAndOtherInvestmentsMember" priority="0" order="1.0"/>
    <loc xlink:type="locator" xlink:href="../in-gaap-2012-03-31.xsd#in-gaap_NoncurrentTradeInvestmentsMember" xlink:label="NoncurrentTradeInvestmentsMember"/>
    <definitionArc xlink:type="arc" xlink:arcrole="http://xbrl.org/int/dim/arcrole/domain-member" xlink:from="NoncurrentTradeAndOtherInvestmentsMember" xlink:to="NoncurrentTradeInvestmentsMember" priority="0" order="1.0"/>
    <loc xlink:type="locator" xlink:href="../in-gaap-2012-03-31.xsd#in-gaap_NoncurrentOtherInvestmentsMember" xlink:label="NoncurrentOtherInvestmentsMember"/>
    <definitionArc xlink:type="arc" xlink:arcrole="http://xbrl.org/int/dim/arcrole/domain-member" xlink:from="NoncurrentTradeAndOtherInvestmentsMember" xlink:to="NoncurrentOtherInvestmentsMember" priority="0" order="2.0"/>
    <loc xlink:type="locator" xlink:href="../in-gaap-2012-03-31.xsd#in-gaap_DetailsOfNoncurrentInvestmentsLineItems" xlink:label="DetailsOfNoncurrentInvestmentsLineItems"/>
    <definitionArc xlink:type="arc" xlink:arcrole="http://xbrl.org/int/dim/arcrole/domain-member" xlink:from="DisclosureOfDetailsOfNoncurrentInvestmentsAbstract" xlink:to="DetailsOfNoncurrentInvestmentsLineItems" priority="0" order="2.0"/>
    <loc xlink:type="locator" xlink:href="../in-gaap-2012-03-31.xsd#in-gaap_NatureOfOtherNoncurrentInvestments" xlink:label="NatureOfOtherNoncurrentInvestments"/>
    <definitionArc xlink:type="arc" xlink:arcrole="http://xbrl.org/int/dim/arcrole/domain-member" xlink:from="DetailsOfNoncurrentInvestmentsLineItems" xlink:to="NatureOfOtherNoncurrentInvestments" priority="0" order="1.0"/>
    <loc xlink:type="locator" xlink:href="../in-gaap-2012-03-31.xsd#in-gaap_NoncurrentInvestments" xlink:label="NoncurrentInvestments"/>
    <definitionArc xlink:type="arc" xlink:arcrole="http://xbrl.org/int/dim/arcrole/domain-member" xlink:from="DetailsOfNoncurrentInvestmentsLineItems" xlink:to="NoncurrentInvestments" priority="0" order="2.0"/>
    <loc xlink:type="locator" xlink:href="../in-gaap-2012-03-31.xsd#in-gaap_NameOfBodyCorporateInWhomInvestmentHasBeenMade" xlink:label="NameOfBodyCorporateInWhomInvestmentHasBeenMade"/>
    <definitionArc xlink:type="arc" xlink:arcrole="http://xbrl.org/int/dim/arcrole/domain-member" xlink:from="DetailsOfNoncurrentInvestmentsLineItems" xlink:to="NameOfBodyCorporateInWhomInvestmentHasBeenMade" priority="0" order="3.0"/>
    <loc xlink:type="locator" xlink:href="../in-gaap-2012-03-31.xsd#in-gaap_DetailsOfWhetherSuchBodyCorporateIsSubsidiaryAssociateJointVentureOrControlledSpecialPurposeEntity" xlink:label="DetailsOfWhetherSuchBodyCorporateIsSubsidiaryAssociateJointVentureOrControlledSpecialPurposeEntity"/>
    <definitionArc xlink:type="arc" xlink:arcrole="http://xbrl.org/int/dim/arcrole/domain-member" xlink:from="DetailsOfNoncurrentInvestmentsLineItems" xlink:to="DetailsOfWhetherSuchBodyCorporateIsSubsidiaryAssociateJointVentureOrControlledSpecialPurposeEntity" priority="0" order="4.0"/>
    <loc xlink:type="locator" xlink:href="../in-gaap-2012-03-31.xsd#in-gaap_NatureOfNoncurrentInvestmentMadeInBodyCorporate" xlink:label="NatureOfNoncurrentInvestmentMadeInBodyCorporate"/>
    <definitionArc xlink:type="arc" xlink:arcrole="http://xbrl.org/int/dim/arcrole/domain-member" xlink:from="DetailsOfNoncurrentInvestmentsLineItems" xlink:to="NatureOfNoncurrentInvestmentMadeInBodyCorporate" priority="0" order="5.0"/>
    <loc xlink:type="locator" xlink:href="../in-gaap-2012-03-31.xsd#in-gaap_ExtentOfNoncurrentInvestmentMadeInBodyCorporate" xlink:label="ExtentOfNoncurrentInvestmentMadeInBodyCorporate"/>
    <definitionArc xlink:type="arc" xlink:arcrole="http://xbrl.org/int/dim/arcrole/domain-member" xlink:from="DetailsOfNoncurrentInvestmentsLineItems" xlink:to="ExtentOfNoncurrentInvestmentMadeInBodyCorporate" priority="0" order="6.0"/>
    <loc xlink:type="locator" xlink:href="../in-gaap-2012-03-31.xsd#in-gaap_DetailsOfNoncurrentInvestmentsMadeInBodyCorporateWhichArePartlyPaid" xlink:label="DetailsOfNoncurrentInvestmentsMadeInBodyCorporateWhichArePartlyPaid"/>
    <definitionArc xlink:type="arc" xlink:arcrole="http://xbrl.org/int/dim/arcrole/domain-member" xlink:from="DetailsOfNoncurrentInvestmentsLineItems" xlink:to="DetailsOfNoncurrentInvestmentsMadeInBodyCorporateWhichArePartlyPaid" priority="0" order="7.0"/>
    <loc xlink:type="locator" xlink:href="../in-gaap-2012-03-31.xsd#in-gaap_DetailsOfNoncurrentInvestmentMadeInPartnershipFirmsAbstract" xlink:label="DetailsOfNoncurrentInvestmentMadeInPartnershipFirmsAbstract"/>
    <definitionArc xlink:type="arc" xlink:arcrole="http://xbrl.org/int/dim/arcrole/domain-member" xlink:from="DetailsOfNoncurrentInvestmentsLineItems" xlink:to="DetailsOfNoncurrentInvestmentMadeInPartnershipFirmsAbstract" priority="0" order="8.0"/>
    <loc xlink:type="locator" xlink:href="../in-gaap-2012-03-31.xsd#in-gaap_DetailsOfNoncurrentInvestmentMadeInPartnershipFirmsExplanatoryTextBlock" xlink:label="DetailsOfNoncurrentInvestmentMadeInPartnershipFirmsExplanatoryTextBlock"/>
    <definitionArc xlink:type="arc" xlink:arcrole="http://xbrl.org/int/dim/arcrole/domain-member" xlink:from="DetailsOfNoncurrentInvestmentMadeInPartnershipFirmsAbstract" xlink:to="DetailsOfNoncurrentInvestmentMadeInPartnershipFirmsExplanatoryTextBlock" priority="0" order="1.0"/>
    <loc xlink:type="locator" xlink:href="../in-gaap-2012-03-31.xsd#in-gaap_NameOfPartnershipFirmWhereNoncurrentInvestmentIsMade" xlink:label="NameOfPartnershipFirmWhereNoncurrentInvestmentIsMade"/>
    <definitionArc xlink:type="arc" xlink:arcrole="http://xbrl.org/int/dim/arcrole/domain-member" xlink:from="DetailsOfNoncurrentInvestmentMadeInPartnershipFirmsAbstract" xlink:to="NameOfPartnershipFirmWhereNoncurrentInvestmentIsMade" priority="0" order="2.0"/>
    <loc xlink:type="locator" xlink:href="../in-gaap-2012-03-31.xsd#in-gaap_NamesOfAllPartnersInPartnershipFirm" xlink:label="NamesOfAllPartnersInPartnershipFirm"/>
    <definitionArc xlink:type="arc" xlink:arcrole="http://xbrl.org/int/dim/arcrole/domain-member" xlink:from="DetailsOfNoncurrentInvestmentMadeInPartnershipFirmsAbstract" xlink:to="NamesOfAllPartnersInPartnershipFirm" priority="0" order="3.0"/>
    <loc xlink:type="locator" xlink:href="../in-gaap-2012-03-31.xsd#in-gaap_DetailsOfCapitalOfPartnershipFirmAbstract" xlink:label="DetailsOfCapitalOfPartnershipFirmAbstract"/>
    <definitionArc xlink:type="arc" xlink:arcrole="http://xbrl.org/int/dim/arcrole/domain-member" xlink:from="DetailsOfNoncurrentInvestmentMadeInPartnershipFirmsAbstract" xlink:to="DetailsOfCapitalOfPartnershipFirmAbstract" priority="0" order="4.0"/>
    <loc xlink:type="locator" xlink:href="../in-gaap-2012-03-31.xsd#in-gaap_TotalCapitalOfPartnershipFirm" xlink:label="TotalCapitalOfPartnershipFirm"/>
    <definitionArc xlink:type="arc" xlink:arcrole="http://xbrl.org/int/dim/arcrole/domain-member" xlink:from="DetailsOfCapitalOfPartnershipFirmAbstract" xlink:to="TotalCapitalOfPartnershipFirm" priority="0" order="1.0"/>
    <loc xlink:type="locator" xlink:href="../in-gaap-2012-03-31.xsd#in-gaap_DateToWhichCapitalOfPartnershipFirmRelates" xlink:label="DateToWhichCapitalOfPartnershipFirmRelates"/>
    <definitionArc xlink:type="arc" xlink:arcrole="http://xbrl.org/int/dim/arcrole/domain-member" xlink:from="DetailsOfCapitalOfPartnershipFirmAbstract" xlink:to="DateToWhichCapitalOfPartnershipFirmRelates" priority="0" order="2.0"/>
    <loc xlink:type="locator" xlink:href="../in-gaap-2012-03-31.xsd#in-gaap_DetailsOfShareOfEachPartnerInCapitalOfPartnershipFirm" xlink:label="DetailsOfShareOfEachPartnerInCapitalOfPartnershipFirm"/>
    <definitionArc xlink:type="arc" xlink:arcrole="http://xbrl.org/int/dim/arcrole/domain-member" xlink:from="DetailsOfNoncurrentInvestmentMadeInPartnershipFirmsAbstract" xlink:to="DetailsOfShareOfEachPartnerInCapitalOfPartnershipFirm" priority="0" order="5.0"/>
    <loc xlink:type="locator" xlink:href="../in-gaap-2012-03-31.xsd#in-gaap_DetailsOfShareOfEachPartnerInProfitsOfPartnershipFirm" xlink:label="DetailsOfShareOfEachPartnerInProfitsOfPartnershipFirm"/>
    <definitionArc xlink:type="arc" xlink:arcrole="http://xbrl.org/int/dim/arcrole/domain-member" xlink:from="DetailsOfNoncurrentInvestmentMadeInPartnershipFirmsAbstract" xlink:to="DetailsOfShareOfEachPartnerInProfitsOfPartnershipFirm" priority="0" order="6.0"/>
    <loc xlink:type="locator" xlink:href="../in-gaap-2012-03-31.xsd#in-gaap_DetailsOfNoncurrentInvestmentsCarriedAtOtherThanCostAbstract" xlink:label="DetailsOfNoncurrentInvestmentsCarriedAtOtherThanCostAbstract"/>
    <definitionArc xlink:type="arc" xlink:arcrole="http://xbrl.org/int/dim/arcrole/domain-member" xlink:from="DetailsOfNoncurrentInvestmentsLineItems" xlink:to="DetailsOfNoncurrentInvestmentsCarriedAtOtherThanCostAbstract" priority="0" order="9.0"/>
    <loc xlink:type="locator" xlink:href="../in-gaap-2012-03-31.xsd#in-gaap_BasisOfValuationForNoncurrentInvestmentsCarriedAtOtherThanAtCost" xlink:label="BasisOfValuationForNoncurrentInvestmentsCarriedAtOtherThanAtCost"/>
    <definitionArc xlink:type="arc" xlink:arcrole="http://xbrl.org/int/dim/arcrole/domain-member" xlink:from="DetailsOfNoncurrentInvestmentsCarriedAtOtherThanCostAbstract" xlink:to="BasisOfValuationForNoncurrentInvestmentsCarriedAtOtherThanAtCost" priority="0" order="1.0"/>
    <loc xlink:type="locator" xlink:href="../in-gaap-2012-03-31.xsd#in-gaap_DetailsOfAcquisitionAndDisposalOfInvestmentsAbstract" xlink:label="DetailsOfAcquisitionAndDisposalOfInvestmentsAbstract"/>
    <definitionArc xlink:type="arc" xlink:arcrole="http://xbrl.org/int/dim/arcrole/domain-member" xlink:from="DetailsOfNoncurrentInvestmentsLineItems" xlink:to="DetailsOfAcquisitionAndDisposalOfInvestmentsAbstract" priority="0" order="10.0"/>
    <loc xlink:type="locator" xlink:href="../in-gaap-2012-03-31.xsd#in-gaap_NatureOfInvestmentPurchasedOrSoldDuringPeriod" xlink:label="NatureOfInvestmentPurchasedOrSoldDuringPeriod"/>
    <definitionArc xlink:type="arc" xlink:arcrole="http://xbrl.org/int/dim/arcrole/domain-member" xlink:from="DetailsOfAcquisitionAndDisposalOfInvestmentsAbstract" xlink:to="NatureOfInvestmentPurchasedOrSoldDuringPeriod" priority="0" order="1.0"/>
    <loc xlink:type="locator" xlink:href="../in-gaap-2012-03-31.xsd#in-gaap_TypeOfInvestment" xlink:label="TypeOfInvestment"/>
    <definitionArc xlink:type="arc" xlink:arcrole="http://xbrl.org/int/dim/arcrole/domain-member" xlink:from="DetailsOfAcquisitionAndDisposalOfInvestmentsAbstract" xlink:to="TypeOfInvestment" priority="0" order="2.0"/>
    <loc xlink:type="locator" xlink:href="../in-gaap-2012-03-31.xsd#in-gaap_NumberOfUnitsPurchased" xlink:label="NumberOfUnitsPurchased"/>
    <definitionArc xlink:type="arc" xlink:arcrole="http://xbrl.org/int/dim/arcrole/domain-member" xlink:from="DetailsOfAcquisitionAndDisposalOfInvestmentsAbstract" xlink:to="NumberOfUnitsPurchased" priority="0" order="3.0"/>
    <loc xlink:type="locator" xlink:href="../in-gaap-2012-03-31.xsd#in-gaap_FaceValueOfUnitsPurchased" xlink:label="FaceValueOfUnitsPurchased"/>
    <definitionArc xlink:type="arc" xlink:arcrole="http://xbrl.org/int/dim/arcrole/domain-member" xlink:from="DetailsOfAcquisitionAndDisposalOfInvestmentsAbstract" xlink:to="FaceValueOfUnitsPurchased" priority="0" order="4.0"/>
    <loc xlink:type="locator" xlink:href="../in-gaap-2012-03-31.xsd#in-gaap_PurchasePricePerUnit" xlink:label="PurchasePricePerUnit"/>
    <definitionArc xlink:type="arc" xlink:arcrole="http://xbrl.org/int/dim/arcrole/domain-member" xlink:from="DetailsOfAcquisitionAndDisposalOfInvestmentsAbstract" xlink:to="PurchasePricePerUnit" priority="0" order="5.0"/>
    <loc xlink:type="locator" xlink:href="../in-gaap-2012-03-31.xsd#in-gaap_NumberOfUnitsSold" xlink:label="NumberOfUnitsSold"/>
    <definitionArc xlink:type="arc" xlink:arcrole="http://xbrl.org/int/dim/arcrole/domain-member" xlink:from="DetailsOfAcquisitionAndDisposalOfInvestmentsAbstract" xlink:to="NumberOfUnitsSold" priority="0" order="6.0"/>
    <loc xlink:type="locator" xlink:href="../in-gaap-2012-03-31.xsd#in-gaap_SellingPricePerUnit" xlink:label="SellingPricePerUnit"/>
    <definitionArc xlink:type="arc" xlink:arcrole="http://xbrl.org/int/dim/arcrole/domain-member" xlink:from="DetailsOfAcquisitionAndDisposalOfInvestmentsAbstract" xlink:to="SellingPricePerUnit" priority="0" order="7.0"/>
  </definitionLink>
</linkbase>
