<?xml version="1.0" encoding="US-ASCII"?>
<!-- Generated by Fujitsu Interstage XWand B0166 -->
<linkbase xmlns="http://www.xbrl.org/2003/linkbase" xmlns:xsi="http://www.w3.org/2001/XMLSchema-instance" xmlns:xbrldt="http://xbrl.org/2005/xbrldt" xmlns:xlink="http://www.w3.org/1999/xlink" xmlns:xbrli="http://www.xbrl.org/2003/instance">
  <roleRef roleURI="http://www.icai.org/xbrl/taxonomy/role/in-gaap/NotesReservesAndSurplus" xlink:type="simple" xlink:href="../in-gaap-roles-2012-03-31.xsd#in-gaap-rol-200200"/>
  <arcroleRef arcroleURI="http://xbrl.org/int/dim/arcrole/all" xlink:type="simple" xlink:href="http://www.xbrl.org/2005/xbrldt-2005.xsd#all"/>
  <arcroleRef arcroleURI="http://xbrl.org/int/dim/arcrole/dimension-domain" xlink:type="simple" xlink:href="http://www.xbrl.org/2005/xbrldt-2005.xsd#dimension-domain"/>
  <arcroleRef arcroleURI="http://xbrl.org/int/dim/arcrole/domain-member" xlink:type="simple" xlink:href="http://www.xbrl.org/2005/xbrldt-2005.xsd#domain-member"/>
  <arcroleRef arcroleURI="http://xbrl.org/int/dim/arcrole/hypercube-dimension" xlink:type="simple" xlink:href="http://www.xbrl.org/2005/xbrldt-2005.xsd#hypercube-dimension"/>
  <definitionLink xlink:type="extended" xlink:role="http://www.icai.org/xbrl/taxonomy/role/in-gaap/NotesReservesAndSurplus">
    <loc xlink:type="locator" xlink:href="../in-gaap-2012-03-31.xsd#in-gaap_StatementOfChangesInReservesAbstract" xlink:label="StatementOfChangesInReservesAbstract"/>
    <loc xlink:type="locator" xlink:href="../in-gaap-2012-03-31.xsd#in-gaap_StatementOfChangesInReservesTable" xlink:label="StatementOfChangesInReservesTable"/>
    <definitionArc xlink:type="arc" xlink:arcrole="http://xbrl.org/int/dim/arcrole/all" xlink:from="StatementOfChangesInReservesAbstract" xlink:to="StatementOfChangesInReservesTable" priority="0" order="1.0" xbrldt:contextElement="scenario" xbrldt:closed="true"/>
    <loc xlink:type="locator" xlink:href="../in-gaap-2012-03-31.xsd#in-gaap_ComponentsOfReservesAxis" xlink:label="ComponentsOfReservesAxis"/>
    <definitionArc xlink:type="arc" xlink:arcrole="http://xbrl.org/int/dim/arcrole/hypercube-dimension" xlink:from="StatementOfChangesInReservesTable" xlink:to="ComponentsOfReservesAxis" priority="0" order="1.0"/>
    <loc xlink:type="locator" xlink:href="../in-gaap-2012-03-31.xsd#in-gaap_CompanyTotalReservesMember" xlink:label="CompanyTotalReservesMember"/>
    <definitionArc xlink:type="arc" xlink:arcrole="http://xbrl.org/int/dim/arcrole/dimension-domain" xlink:from="ComponentsOfReservesAxis" xlink:to="CompanyTotalReservesMember" priority="0" order="1.0"/>
    <loc xlink:type="locator" xlink:href="../in-gaap-2012-03-31.xsd#in-gaap_CapitalReservesMember" xlink:label="CapitalReservesMember"/>
    <definitionArc xlink:type="arc" xlink:arcrole="http://xbrl.org/int/dim/arcrole/domain-member" xlink:from="CompanyTotalReservesMember" xlink:to="CapitalReservesMember" priority="0" order="1.0"/>
    <loc xlink:type="locator" xlink:href="../in-gaap-2012-03-31.xsd#in-gaap_CapitalRedemptionReservesMember" xlink:label="CapitalRedemptionReservesMember"/>
    <definitionArc xlink:type="arc" xlink:arcrole="http://xbrl.org/int/dim/arcrole/domain-member" xlink:from="CompanyTotalReservesMember" xlink:to="CapitalRedemptionReservesMember" priority="0" order="2.0"/>
    <loc xlink:type="locator" xlink:href="../in-gaap-2012-03-31.xsd#in-gaap_SecuritiesPremiumAccountMember" xlink:label="SecuritiesPremiumAccountMember"/>
    <definitionArc xlink:type="arc" xlink:arcrole="http://xbrl.org/int/dim/arcrole/domain-member" xlink:from="CompanyTotalReservesMember" xlink:to="SecuritiesPremiumAccountMember" priority="0" order="3.0"/>
    <loc xlink:type="locator" xlink:href="../in-gaap-2012-03-31.xsd#in-gaap_DebentureRedemptionReserveMember" xlink:label="DebentureRedemptionReserveMember"/>
    <definitionArc xlink:type="arc" xlink:arcrole="http://xbrl.org/int/dim/arcrole/domain-member" xlink:from="CompanyTotalReservesMember" xlink:to="DebentureRedemptionReserveMember" priority="0" order="4.0"/>
    <loc xlink:type="locator" xlink:href="../in-gaap-2012-03-31.xsd#in-gaap_RevaluationReserveMember" xlink:label="RevaluationReserveMember"/>
    <definitionArc xlink:type="arc" xlink:arcrole="http://xbrl.org/int/dim/arcrole/domain-member" xlink:from="CompanyTotalReservesMember" xlink:to="RevaluationReserveMember" priority="0" order="5.0"/>
    <loc xlink:type="locator" xlink:href="../in-gaap-2012-03-31.xsd#in-gaap_RevaluationReserveFixedAssetsMember" xlink:label="RevaluationReserveFixedAssetsMember"/>
    <definitionArc xlink:type="arc" xlink:arcrole="http://xbrl.org/int/dim/arcrole/domain-member" xlink:from="RevaluationReserveMember" xlink:to="RevaluationReserveFixedAssetsMember" priority="0" order="1.0"/>
    <loc xlink:type="locator" xlink:href="../in-gaap-2012-03-31.xsd#in-gaap_RevaluationReserveInvestmentsMember" xlink:label="RevaluationReserveInvestmentsMember"/>
    <definitionArc xlink:type="arc" xlink:arcrole="http://xbrl.org/int/dim/arcrole/domain-member" xlink:from="RevaluationReserveMember" xlink:to="RevaluationReserveInvestmentsMember" priority="0" order="2.0"/>
    <loc xlink:type="locator" xlink:href="../in-gaap-2012-03-31.xsd#in-gaap_ShareOptionsOutstandingAccountMember" xlink:label="ShareOptionsOutstandingAccountMember"/>
    <definitionArc xlink:type="arc" xlink:arcrole="http://xbrl.org/int/dim/arcrole/domain-member" xlink:from="CompanyTotalReservesMember" xlink:to="ShareOptionsOutstandingAccountMember" priority="0" order="6.0"/>
    <loc xlink:type="locator" xlink:href="../in-gaap-2012-03-31.xsd#in-gaap_CapitalReserveConsolidationMember" xlink:label="CapitalReserveConsolidationMember"/>
    <definitionArc xlink:type="arc" xlink:arcrole="http://xbrl.org/int/dim/arcrole/domain-member" xlink:from="CompanyTotalReservesMember" xlink:to="CapitalReserveConsolidationMember" priority="0" order="7.0"/>
    <loc xlink:type="locator" xlink:href="../in-gaap-2012-03-31.xsd#in-gaap_EmployeeStockOptionsOutstandingMember" xlink:label="EmployeeStockOptionsOutstandingMember"/>
    <definitionArc xlink:type="arc" xlink:arcrole="http://xbrl.org/int/dim/arcrole/domain-member" xlink:from="CompanyTotalReservesMember" xlink:to="EmployeeStockOptionsOutstandingMember" priority="0" order="8.0"/>
    <loc xlink:type="locator" xlink:href="../in-gaap-2012-03-31.xsd#in-gaap_DeferredEmployeeCompensationMember" xlink:label="DeferredEmployeeCompensationMember"/>
    <definitionArc xlink:type="arc" xlink:arcrole="http://xbrl.org/int/dim/arcrole/domain-member" xlink:from="CompanyTotalReservesMember" xlink:to="DeferredEmployeeCompensationMember" priority="0" order="9.0"/>
    <loc xlink:type="locator" xlink:href="../in-gaap-2012-03-31.xsd#in-gaap_OtherReservesMember" xlink:label="OtherReservesMember"/>
    <definitionArc xlink:type="arc" xlink:arcrole="http://xbrl.org/int/dim/arcrole/domain-member" xlink:from="CompanyTotalReservesMember" xlink:to="OtherReservesMember" priority="0" order="10.0"/>
    <loc xlink:type="locator" xlink:href="../in-gaap-2012-03-31.xsd#in-gaap_SubsidyIncentiveReserveMember" xlink:label="SubsidyIncentiveReserveMember"/>
    <definitionArc xlink:type="arc" xlink:arcrole="http://xbrl.org/int/dim/arcrole/domain-member" xlink:from="OtherReservesMember" xlink:to="SubsidyIncentiveReserveMember" priority="0" order="1.0"/>
    <loc xlink:type="locator" xlink:href="../in-gaap-2012-03-31.xsd#in-gaap_RestructuringReserveMember" xlink:label="RestructuringReserveMember"/>
    <definitionArc xlink:type="arc" xlink:arcrole="http://xbrl.org/int/dim/arcrole/domain-member" xlink:from="OtherReservesMember" xlink:to="RestructuringReserveMember" priority="0" order="2.0"/>
    <loc xlink:type="locator" xlink:href="../in-gaap-2012-03-31.xsd#in-gaap_AmalgamationReserveMember" xlink:label="AmalgamationReserveMember"/>
    <definitionArc xlink:type="arc" xlink:arcrole="http://xbrl.org/int/dim/arcrole/domain-member" xlink:from="OtherReservesMember" xlink:to="AmalgamationReserveMember" priority="0" order="3.0"/>
    <loc xlink:type="locator" xlink:href="../in-gaap-2012-03-31.xsd#in-gaap_BondRedemptionReserveMember" xlink:label="BondRedemptionReserveMember"/>
    <definitionArc xlink:type="arc" xlink:arcrole="http://xbrl.org/int/dim/arcrole/domain-member" xlink:from="OtherReservesMember" xlink:to="BondRedemptionReserveMember" priority="0" order="4.0"/>
    <loc xlink:type="locator" xlink:href="../in-gaap-2012-03-31.xsd#in-gaap_SinkingFundReserveMember" xlink:label="SinkingFundReserveMember"/>
    <definitionArc xlink:type="arc" xlink:arcrole="http://xbrl.org/int/dim/arcrole/domain-member" xlink:from="OtherReservesMember" xlink:to="SinkingFundReserveMember" priority="0" order="5.0"/>
    <loc xlink:type="locator" xlink:href="../in-gaap-2012-03-31.xsd#in-gaap_ContingencyReserveMember" xlink:label="ContingencyReserveMember"/>
    <definitionArc xlink:type="arc" xlink:arcrole="http://xbrl.org/int/dim/arcrole/domain-member" xlink:from="OtherReservesMember" xlink:to="ContingencyReserveMember" priority="0" order="6.0"/>
    <loc xlink:type="locator" xlink:href="../in-gaap-2012-03-31.xsd#in-gaap_SpecialReserveMember" xlink:label="SpecialReserveMember"/>
    <definitionArc xlink:type="arc" xlink:arcrole="http://xbrl.org/int/dim/arcrole/domain-member" xlink:from="OtherReservesMember" xlink:to="SpecialReserveMember" priority="0" order="7.0"/>
    <loc xlink:type="locator" xlink:href="../in-gaap-2012-03-31.xsd#in-gaap_HedgingReserveMember" xlink:label="HedgingReserveMember"/>
    <definitionArc xlink:type="arc" xlink:arcrole="http://xbrl.org/int/dim/arcrole/domain-member" xlink:from="OtherReservesMember" xlink:to="HedgingReserveMember" priority="0" order="8.0"/>
    <loc xlink:type="locator" xlink:href="../in-gaap-2012-03-31.xsd#in-gaap_GeneralReserveMember" xlink:label="GeneralReserveMember"/>
    <definitionArc xlink:type="arc" xlink:arcrole="http://xbrl.org/int/dim/arcrole/domain-member" xlink:from="OtherReservesMember" xlink:to="GeneralReserveMember" priority="0" order="9.0"/>
    <loc xlink:type="locator" xlink:href="../in-gaap-2012-03-31.xsd#in-gaap_OtherFundsMember" xlink:label="OtherFundsMember"/>
    <definitionArc xlink:type="arc" xlink:arcrole="http://xbrl.org/int/dim/arcrole/domain-member" xlink:from="CompanyTotalReservesMember" xlink:to="OtherFundsMember" priority="0" order="11.0"/>
    <loc xlink:type="locator" xlink:href="../in-gaap-2012-03-31.xsd#in-gaap_ForeignCurrencyTranslationReserveMember" xlink:label="ForeignCurrencyTranslationReserveMember"/>
    <definitionArc xlink:type="arc" xlink:arcrole="http://xbrl.org/int/dim/arcrole/domain-member" xlink:from="CompanyTotalReservesMember" xlink:to="ForeignCurrencyTranslationReserveMember" priority="0" order="12.0"/>
    <loc xlink:type="locator" xlink:href="../in-gaap-2012-03-31.xsd#in-gaap_SurplusMember" xlink:label="SurplusMember"/>
    <definitionArc xlink:type="arc" xlink:arcrole="http://xbrl.org/int/dim/arcrole/domain-member" xlink:from="CompanyTotalReservesMember" xlink:to="SurplusMember" priority="0" order="13.0"/>
    <loc xlink:type="locator" xlink:href="../in-gaap-2012-03-31.xsd#in-gaap_StatementOfChangesInReservesLineItems" xlink:label="StatementOfChangesInReservesLineItems"/>
    <definitionArc xlink:type="arc" xlink:arcrole="http://xbrl.org/int/dim/arcrole/domain-member" xlink:from="StatementOfChangesInReservesAbstract" xlink:to="StatementOfChangesInReservesLineItems" priority="0" order="2.0"/>
    <loc xlink:type="locator" xlink:href="../in-gaap-2012-03-31.xsd#in-gaap_ChangesInReservesAbstract" xlink:label="ChangesInReservesAbstract"/>
    <definitionArc xlink:type="arc" xlink:arcrole="http://xbrl.org/int/dim/arcrole/domain-member" xlink:from="StatementOfChangesInReservesLineItems" xlink:to="ChangesInReservesAbstract" priority="0" order="2.0"/>
    <loc xlink:type="locator" xlink:href="../in-gaap-2012-03-31.xsd#in-gaap_AdditionsToReserves" xlink:label="AdditionsToReserves"/>
    <definitionArc xlink:type="arc" xlink:arcrole="http://xbrl.org/int/dim/arcrole/domain-member" xlink:from="ChangesInReservesAbstract" xlink:to="AdditionsToReserves" priority="0" order="1.0"/>
    <loc xlink:type="locator" xlink:href="../in-gaap-2012-03-31.xsd#in-gaap_DeductionsToReservesAbstract" xlink:label="DeductionsToReservesAbstract"/>
    <definitionArc xlink:type="arc" xlink:arcrole="http://xbrl.org/int/dim/arcrole/domain-member" xlink:from="ChangesInReservesAbstract" xlink:to="DeductionsToReservesAbstract" priority="0" order="2.0"/>
    <loc xlink:type="locator" xlink:href="../../IN-CA/in-ca-2012-03-31.xsd#in-ca_SecuritiesPremiumAdjustedBonusShares" xlink:label="SecuritiesPremiumAdjustedBonusShares"/>
    <definitionArc xlink:type="arc" xlink:arcrole="http://xbrl.org/int/dim/arcrole/domain-member" xlink:from="DeductionsToReservesAbstract" xlink:to="SecuritiesPremiumAdjustedBonusShares" priority="0" order="1.0"/>
    <loc xlink:type="locator" xlink:href="../../IN-CA/in-ca-2012-03-31.xsd#in-ca_SecuritiesPremiumAdjustedWritingOffPreliminaryExpenses" xlink:label="SecuritiesPremiumAdjustedWritingOffPreliminaryExpenses"/>
    <definitionArc xlink:type="arc" xlink:arcrole="http://xbrl.org/int/dim/arcrole/domain-member" xlink:from="DeductionsToReservesAbstract" xlink:to="SecuritiesPremiumAdjustedWritingOffPreliminaryExpenses" priority="0" order="2.0"/>
    <loc xlink:type="locator" xlink:href="../../IN-CA/in-ca-2012-03-31.xsd#in-ca_SecuritiesPremiumAdjustedWritingOffDiscountExpensesIssueSharesDebentures" xlink:label="SecuritiesPremiumAdjustedWritingOffDiscountExpensesIssueSharesDebentures"/>
    <definitionArc xlink:type="arc" xlink:arcrole="http://xbrl.org/int/dim/arcrole/domain-member" xlink:from="DeductionsToReservesAbstract" xlink:to="SecuritiesPremiumAdjustedWritingOffDiscountExpensesIssueSharesDebentures" priority="0" order="3.0"/>
    <loc xlink:type="locator" xlink:href="../../IN-CA/in-ca-2012-03-31.xsd#in-ca_SecuritiesPremiumAdjustedPremiumPayableRedemptionPreferenceSharesDebentures" xlink:label="SecuritiesPremiumAdjustedPremiumPayableRedemptionPreferenceSharesDebentures"/>
    <definitionArc xlink:type="arc" xlink:arcrole="http://xbrl.org/int/dim/arcrole/domain-member" xlink:from="DeductionsToReservesAbstract" xlink:to="SecuritiesPremiumAdjustedPremiumPayableRedemptionPreferenceSharesDebentures" priority="0" order="4.0"/>
    <loc xlink:type="locator" xlink:href="../in-gaap-2012-03-31.xsd#in-gaap_OtherUtilisationOfSecuritiesPremiumIfPermitted" xlink:label="OtherUtilisationOfSecuritiesPremiumIfPermitted"/>
    <definitionArc xlink:type="arc" xlink:arcrole="http://xbrl.org/int/dim/arcrole/domain-member" xlink:from="DeductionsToReservesAbstract" xlink:to="OtherUtilisationOfSecuritiesPremiumIfPermitted" priority="0" order="5.0"/>
    <loc xlink:type="locator" xlink:href="../in-gaap-2012-03-31.xsd#in-gaap_OtherDeductionsToReserves" xlink:label="OtherDeductionsToReserves"/>
    <definitionArc xlink:type="arc" xlink:arcrole="http://xbrl.org/int/dim/arcrole/domain-member" xlink:from="DeductionsToReservesAbstract" xlink:to="OtherDeductionsToReserves" priority="0" order="6.0"/>
    <loc xlink:type="locator" xlink:href="../in-gaap-2012-03-31.xsd#in-gaap_DeductionsToReserves" xlink:label="DeductionsToReserves"/>
    <definitionArc xlink:type="arc" xlink:arcrole="http://xbrl.org/int/dim/arcrole/domain-member" xlink:from="DeductionsToReservesAbstract" xlink:to="DeductionsToReserves" priority="0" order="7.0"/>
    <loc xlink:type="locator" xlink:href="../in-gaap-2012-03-31.xsd#in-gaap_AppropriationsForDividendAndDividendTaxAbstract" xlink:label="AppropriationsForDividendAndDividendTaxAbstract"/>
    <definitionArc xlink:type="arc" xlink:arcrole="http://xbrl.org/int/dim/arcrole/domain-member" xlink:from="ChangesInReservesAbstract" xlink:to="AppropriationsForDividendAndDividendTaxAbstract" priority="0" order="3.0"/>
    <loc xlink:type="locator" xlink:href="../in-gaap-2012-03-31.xsd#in-gaap_DividendAppropriationAbstract" xlink:label="DividendAppropriationAbstract"/>
    <definitionArc xlink:type="arc" xlink:arcrole="http://xbrl.org/int/dim/arcrole/domain-member" xlink:from="AppropriationsForDividendAndDividendTaxAbstract" xlink:to="DividendAppropriationAbstract" priority="0" order="1.0"/>
    <loc xlink:type="locator" xlink:href="../in-gaap-2012-03-31.xsd#in-gaap_InterimDividendAppropriationAbstract" xlink:label="InterimDividendAppropriationAbstract"/>
    <definitionArc xlink:type="arc" xlink:arcrole="http://xbrl.org/int/dim/arcrole/domain-member" xlink:from="DividendAppropriationAbstract" xlink:to="InterimDividendAppropriationAbstract" priority="0" order="1.0"/>
    <loc xlink:type="locator" xlink:href="../in-gaap-2012-03-31.xsd#in-gaap_InterimEquityDividendAppropriation" xlink:label="InterimEquityDividendAppropriation"/>
    <definitionArc xlink:type="arc" xlink:arcrole="http://xbrl.org/int/dim/arcrole/domain-member" xlink:from="InterimDividendAppropriationAbstract" xlink:to="InterimEquityDividendAppropriation" priority="0" order="1.0"/>
    <loc xlink:type="locator" xlink:href="../in-gaap-2012-03-31.xsd#in-gaap_InterimPreferredDividendAppropriation" xlink:label="InterimPreferredDividendAppropriation"/>
    <definitionArc xlink:type="arc" xlink:arcrole="http://xbrl.org/int/dim/arcrole/domain-member" xlink:from="InterimDividendAppropriationAbstract" xlink:to="InterimPreferredDividendAppropriation" priority="0" order="2.0"/>
    <loc xlink:type="locator" xlink:href="../in-gaap-2012-03-31.xsd#in-gaap_InterimSpecialDividendAppropriation" xlink:label="InterimSpecialDividendAppropriation"/>
    <definitionArc xlink:type="arc" xlink:arcrole="http://xbrl.org/int/dim/arcrole/domain-member" xlink:from="InterimDividendAppropriationAbstract" xlink:to="InterimSpecialDividendAppropriation" priority="0" order="3.0"/>
    <loc xlink:type="locator" xlink:href="../in-gaap-2012-03-31.xsd#in-gaap_InterimDividendAppropriation" xlink:label="InterimDividendAppropriation"/>
    <definitionArc xlink:type="arc" xlink:arcrole="http://xbrl.org/int/dim/arcrole/domain-member" xlink:from="InterimDividendAppropriationAbstract" xlink:to="InterimDividendAppropriation" priority="0" order="4.0"/>
    <loc xlink:type="locator" xlink:href="../in-gaap-2012-03-31.xsd#in-gaap_FinalDividendAppropriationAbstract" xlink:label="FinalDividendAppropriationAbstract"/>
    <definitionArc xlink:type="arc" xlink:arcrole="http://xbrl.org/int/dim/arcrole/domain-member" xlink:from="DividendAppropriationAbstract" xlink:to="FinalDividendAppropriationAbstract" priority="0" order="2.0"/>
    <loc xlink:type="locator" xlink:href="../in-gaap-2012-03-31.xsd#in-gaap_FinalEquityDividendAppropriation" xlink:label="FinalEquityDividendAppropriation"/>
    <definitionArc xlink:type="arc" xlink:arcrole="http://xbrl.org/int/dim/arcrole/domain-member" xlink:from="FinalDividendAppropriationAbstract" xlink:to="FinalEquityDividendAppropriation" priority="0" order="1.0"/>
    <loc xlink:type="locator" xlink:href="../in-gaap-2012-03-31.xsd#in-gaap_FinalPreferredDividendAppropriation" xlink:label="FinalPreferredDividendAppropriation"/>
    <definitionArc xlink:type="arc" xlink:arcrole="http://xbrl.org/int/dim/arcrole/domain-member" xlink:from="FinalDividendAppropriationAbstract" xlink:to="FinalPreferredDividendAppropriation" priority="0" order="2.0"/>
    <loc xlink:type="locator" xlink:href="../in-gaap-2012-03-31.xsd#in-gaap_FinalSpecialDividendAppropriation" xlink:label="FinalSpecialDividendAppropriation"/>
    <definitionArc xlink:type="arc" xlink:arcrole="http://xbrl.org/int/dim/arcrole/domain-member" xlink:from="FinalDividendAppropriationAbstract" xlink:to="FinalSpecialDividendAppropriation" priority="0" order="3.0"/>
    <loc xlink:type="locator" xlink:href="../in-gaap-2012-03-31.xsd#in-gaap_FinalDividendAppropriation" xlink:label="FinalDividendAppropriation"/>
    <definitionArc xlink:type="arc" xlink:arcrole="http://xbrl.org/int/dim/arcrole/domain-member" xlink:from="FinalDividendAppropriationAbstract" xlink:to="FinalDividendAppropriation" priority="0" order="4.0"/>
    <loc xlink:type="locator" xlink:href="../in-gaap-2012-03-31.xsd#in-gaap_DividendAppropriation" xlink:label="DividendAppropriation"/>
    <definitionArc xlink:type="arc" xlink:arcrole="http://xbrl.org/int/dim/arcrole/domain-member" xlink:from="DividendAppropriationAbstract" xlink:to="DividendAppropriation" priority="0" order="3.0"/>
    <loc xlink:type="locator" xlink:href="../in-gaap-2012-03-31.xsd#in-gaap_DividendTaxAppropriationAbstract" xlink:label="DividendTaxAppropriationAbstract"/>
    <definitionArc xlink:type="arc" xlink:arcrole="http://xbrl.org/int/dim/arcrole/domain-member" xlink:from="AppropriationsForDividendAndDividendTaxAbstract" xlink:to="DividendTaxAppropriationAbstract" priority="0" order="2.0"/>
    <loc xlink:type="locator" xlink:href="../in-gaap-2012-03-31.xsd#in-gaap_EquityDividendTaxAppropriation" xlink:label="EquityDividendTaxAppropriation"/>
    <definitionArc xlink:type="arc" xlink:arcrole="http://xbrl.org/int/dim/arcrole/domain-member" xlink:from="DividendTaxAppropriationAbstract" xlink:to="EquityDividendTaxAppropriation" priority="0" order="1.0"/>
    <loc xlink:type="locator" xlink:href="../in-gaap-2012-03-31.xsd#in-gaap_PreferredDividendTaxAppropriation" xlink:label="PreferredDividendTaxAppropriation"/>
    <definitionArc xlink:type="arc" xlink:arcrole="http://xbrl.org/int/dim/arcrole/domain-member" xlink:from="DividendTaxAppropriationAbstract" xlink:to="PreferredDividendTaxAppropriation" priority="0" order="2.0"/>
    <loc xlink:type="locator" xlink:href="../in-gaap-2012-03-31.xsd#in-gaap_DividendTaxAppropriation" xlink:label="DividendTaxAppropriation"/>
    <definitionArc xlink:type="arc" xlink:arcrole="http://xbrl.org/int/dim/arcrole/domain-member" xlink:from="DividendTaxAppropriationAbstract" xlink:to="DividendTaxAppropriation" priority="0" order="3.0"/>
    <loc xlink:type="locator" xlink:href="../in-gaap-2012-03-31.xsd#in-gaap_TransferToGeneralReserve" xlink:label="TransferToGeneralReserve"/>
    <definitionArc xlink:type="arc" xlink:arcrole="http://xbrl.org/int/dim/arcrole/domain-member" xlink:from="AppropriationsForDividendAndDividendTaxAbstract" xlink:to="TransferToGeneralReserve" priority="0" order="3.0"/>
    <loc xlink:type="locator" xlink:href="../in-gaap-2012-03-31.xsd#in-gaap_AppropriationsForDividendDividendTaxAndGeneralReserve" xlink:label="AppropriationsForDividendDividendTaxAndGeneralReserve"/>
    <definitionArc xlink:type="arc" xlink:arcrole="http://xbrl.org/int/dim/arcrole/domain-member" xlink:from="AppropriationsForDividendAndDividendTaxAbstract" xlink:to="AppropriationsForDividendDividendTaxAndGeneralReserve" priority="0" order="4.0"/>
    <loc xlink:type="locator" xlink:href="../in-gaap-2012-03-31.xsd#in-gaap_AppropriationTowardsBonusShares" xlink:label="AppropriationTowardsBonusShares"/>
    <definitionArc xlink:type="arc" xlink:arcrole="http://xbrl.org/int/dim/arcrole/domain-member" xlink:from="ChangesInReservesAbstract" xlink:to="AppropriationTowardsBonusShares" priority="0" order="4.0"/>
    <loc xlink:type="locator" xlink:href="../in-gaap-2012-03-31.xsd#in-gaap_ChangesInReserves" xlink:label="ChangesInReserves"/>
    <definitionArc xlink:type="arc" xlink:arcrole="http://xbrl.org/int/dim/arcrole/domain-member" xlink:from="ChangesInReservesAbstract" xlink:to="ChangesInReserves" priority="0" order="5.0"/>
    <loc xlink:type="locator" xlink:href="../in-gaap-2012-03-31.xsd#in-gaap_Reserves" xlink:label="Reserves"/>
    <definitionArc xlink:type="arc" xlink:arcrole="http://xbrl.org/int/dim/arcrole/domain-member" xlink:from="StatementOfChangesInReservesLineItems" xlink:to="Reserves" priority="0" order="1.0"/>
    <loc xlink:type="locator" xlink:href="../in-gaap-2012-03-31.xsd#in-gaap_Reserves" xlink:label="Reserves_2"/>
    <definitionArc xlink:type="arc" xlink:arcrole="http://xbrl.org/int/dim/arcrole/domain-member" xlink:from="StatementOfChangesInReservesLineItems" xlink:to="Reserves_2" priority="0" order="3.0"/>
    <loc xlink:type="locator" xlink:href="../in-gaap-2012-03-31.xsd#in-gaap_DescriptionOfNatureAndPurposeOfOtherReserves" xlink:label="DescriptionOfNatureAndPurposeOfOtherReserves"/>
    <definitionArc xlink:type="arc" xlink:arcrole="http://xbrl.org/int/dim/arcrole/domain-member" xlink:from="StatementOfChangesInReservesLineItems" xlink:to="DescriptionOfNatureAndPurposeOfOtherReserves" priority="0" order="4.0"/>
    <loc xlink:type="locator" xlink:href="../in-gaap-2012-03-31.xsd#in-gaap_VenturersShareOfPostAcquisitionReservesOfJointlyControlledEnterprise" xlink:label="VenturersShareOfPostAcquisitionReservesOfJointlyControlledEnterprise"/>
    <definitionArc xlink:type="arc" xlink:arcrole="http://xbrl.org/int/dim/arcrole/domain-member" xlink:from="StatementOfChangesInReservesLineItems" xlink:to="VenturersShareOfPostAcquisitionReservesOfJointlyControlledEnterprise" priority="0" order="5.0"/>
    <loc xlink:type="locator" xlink:href="../../IN-CA/in-ca-2012-03-31.xsd#in-ca_DisclosureOfDetailsOfTransferToCapitalRedemptionReserveOnAccountOfCompanyPurchasesOfOwnShares" xlink:label="DisclosureOfDetailsOfTransferToCapitalRedemptionReserveOnAccountOfCompanyPurchasesOfOwnShares"/>
    <definitionArc xlink:type="arc" xlink:arcrole="http://xbrl.org/int/dim/arcrole/domain-member" xlink:from="StatementOfChangesInReservesLineItems" xlink:to="DisclosureOfDetailsOfTransferToCapitalRedemptionReserveOnAccountOfCompanyPurchasesOfOwnShares" priority="0" order="6.0"/>
  </definitionLink>
</linkbase>
