<?xml version="1.0" encoding="US-ASCII"?>
<!-- Generated by Fujitsu Interstage XWand B0166 -->
<linkbase xmlns="http://www.xbrl.org/2003/linkbase" xmlns:xsi="http://www.w3.org/2001/XMLSchema-instance" xmlns:xbrldt="http://xbrl.org/2005/xbrldt" xmlns:xlink="http://www.w3.org/1999/xlink" xmlns:xbrli="http://www.xbrl.org/2003/instance">
  <roleRef roleURI="http://www.icai.org/xbrl/taxonomy/role/in-gaap/AxisDefaults" xlink:type="simple" xlink:href="../in-gaap-roles-2012-03-31.xsd#in-gaap-rol-990000"/>
  <arcroleRef arcroleURI="http://xbrl.org/int/dim/arcrole/dimension-default" xlink:type="simple" xlink:href="http://www.xbrl.org/2005/xbrldt-2005.xsd#dimension-default"/>
  <definitionLink xlink:type="extended" xlink:role="http://www.icai.org/xbrl/taxonomy/role/in-gaap/AxisDefaults">
    <loc xlink:type="locator" xlink:href="../in-gaap-2012-03-31.xsd#in-gaap_ClassesOfShareCapitalAxis" xlink:label="ClassesOfShareCapitalAxis"/>
    <loc xlink:type="locator" xlink:href="../in-gaap-2012-03-31.xsd#in-gaap_ClassesOfShareCapitalMember" xlink:label="ClassesOfShareCapitalMember"/>
    <definitionArc xlink:type="arc" xlink:arcrole="http://xbrl.org/int/dim/arcrole/dimension-default" xlink:from="ClassesOfShareCapitalAxis" xlink:to="ClassesOfShareCapitalMember" priority="0" order="1.0"/>
    <loc xlink:type="locator" xlink:href="../in-gaap-2012-03-31.xsd#in-gaap_NameOfShareholderAxis" xlink:label="NameOfShareholderAxis"/>
    <loc xlink:type="locator" xlink:href="../in-gaap-2012-03-31.xsd#in-gaap_NameOfShareholderMember" xlink:label="NameOfShareholderMember"/>
    <definitionArc xlink:type="arc" xlink:arcrole="http://xbrl.org/int/dim/arcrole/dimension-default" xlink:from="NameOfShareholderAxis" xlink:to="NameOfShareholderMember" priority="0" order="1.0"/>
    <loc xlink:type="locator" xlink:href="../in-gaap-2012-03-31.xsd#in-gaap_ComponentsOfReservesAxis" xlink:label="ComponentsOfReservesAxis"/>
    <loc xlink:type="locator" xlink:href="../in-gaap-2012-03-31.xsd#in-gaap_CompanyTotalReservesMember" xlink:label="CompanyTotalReservesMember"/>
    <definitionArc xlink:type="arc" xlink:arcrole="http://xbrl.org/int/dim/arcrole/dimension-default" xlink:from="ComponentsOfReservesAxis" xlink:to="CompanyTotalReservesMember" priority="0" order="1.0"/>
    <loc xlink:type="locator" xlink:href="../in-gaap-2012-03-31.xsd#in-gaap_LongTermAndShortTermClassificationOfBorrowingAxis" xlink:label="LongTermAndShortTermClassificationOfBorrowingAxis"/>
    <loc xlink:type="locator" xlink:href="../in-gaap-2012-03-31.xsd#in-gaap_LongTermAndShortTermBorrowingMember" xlink:label="LongTermAndShortTermBorrowingMember"/>
    <definitionArc xlink:type="arc" xlink:arcrole="http://xbrl.org/int/dim/arcrole/dimension-default" xlink:from="LongTermAndShortTermClassificationOfBorrowingAxis" xlink:to="LongTermAndShortTermBorrowingMember" priority="0" order="1.0"/>
    <loc xlink:type="locator" xlink:href="../in-gaap-2012-03-31.xsd#in-gaap_ClassificationOfBorrowingsAxis" xlink:label="ClassificationOfBorrowingsAxis"/>
    <loc xlink:type="locator" xlink:href="../in-gaap-2012-03-31.xsd#in-gaap_BorrowingsMember" xlink:label="BorrowingsMember"/>
    <definitionArc xlink:type="arc" xlink:arcrole="http://xbrl.org/int/dim/arcrole/dimension-default" xlink:from="ClassificationOfBorrowingsAxis" xlink:to="BorrowingsMember" priority="0" order="1.0"/>
    <loc xlink:type="locator" xlink:href="../in-gaap-2012-03-31.xsd#in-gaap_SubclassificationOfBorrowingsAxis" xlink:label="SubclassificationOfBorrowingsAxis"/>
    <loc xlink:type="locator" xlink:href="../in-gaap-2012-03-31.xsd#in-gaap_SecuredUnsecuredBorrowingsMember" xlink:label="SecuredUnsecuredBorrowingsMember"/>
    <definitionArc xlink:type="arc" xlink:arcrole="http://xbrl.org/int/dim/arcrole/dimension-default" xlink:from="SubclassificationOfBorrowingsAxis" xlink:to="SecuredUnsecuredBorrowingsMember" priority="0" order="1.0"/>
    <loc xlink:type="locator" xlink:href="../in-gaap-2012-03-31.xsd#in-gaap_DetailsOfBondsOrDebenturesAxis" xlink:label="DetailsOfBondsOrDebenturesAxis"/>
    <loc xlink:type="locator" xlink:href="../in-gaap-2012-03-31.xsd#in-gaap_BondsAndDebenturesMember" xlink:label="BondsAndDebenturesMember"/>
    <definitionArc xlink:type="arc" xlink:arcrole="http://xbrl.org/int/dim/arcrole/dimension-default" xlink:from="DetailsOfBondsOrDebenturesAxis" xlink:to="BondsAndDebenturesMember" priority="0" order="1.0"/>
    <loc xlink:type="locator" xlink:href="../in-gaap-2012-03-31.xsd#in-gaap_ClassificationOfNoncurrentInvestmentsAxis" xlink:label="ClassificationOfNoncurrentInvestmentsAxis"/>
    <loc xlink:type="locator" xlink:href="../in-gaap-2012-03-31.xsd#in-gaap_CompanyTotalNoncurrentInvestmentsMember" xlink:label="CompanyTotalNoncurrentInvestmentsMember"/>
    <definitionArc xlink:type="arc" xlink:arcrole="http://xbrl.org/int/dim/arcrole/dimension-default" xlink:from="ClassificationOfNoncurrentInvestmentsAxis" xlink:to="CompanyTotalNoncurrentInvestmentsMember" priority="0" order="1.0"/>
    <loc xlink:type="locator" xlink:href="../in-gaap-2012-03-31.xsd#in-gaap_SubclassificationOfNoncurrentInvestmentsAxis" xlink:label="SubclassificationOfNoncurrentInvestmentsAxis"/>
    <loc xlink:type="locator" xlink:href="../in-gaap-2012-03-31.xsd#in-gaap_NoncurrentTradeAndOtherInvestmentsMember" xlink:label="NoncurrentTradeAndOtherInvestmentsMember"/>
    <definitionArc xlink:type="arc" xlink:arcrole="http://xbrl.org/int/dim/arcrole/dimension-default" xlink:from="SubclassificationOfNoncurrentInvestmentsAxis" xlink:to="NoncurrentTradeAndOtherInvestmentsMember" priority="0" order="1.0"/>
    <loc xlink:type="locator" xlink:href="../in-gaap-2012-03-31.xsd#in-gaap_ClassificationOfCurrentInvestmentsAxis" xlink:label="ClassificationOfCurrentInvestmentsAxis"/>
    <loc xlink:type="locator" xlink:href="../in-gaap-2012-03-31.xsd#in-gaap_CompanyTotalCurrentInvestmentsMember" xlink:label="CompanyTotalCurrentInvestmentsMember"/>
    <definitionArc xlink:type="arc" xlink:arcrole="http://xbrl.org/int/dim/arcrole/dimension-default" xlink:from="ClassificationOfCurrentInvestmentsAxis" xlink:to="CompanyTotalCurrentInvestmentsMember" priority="0" order="1.0"/>
    <loc xlink:type="locator" xlink:href="../in-gaap-2012-03-31.xsd#in-gaap_SubclassificationOfCurrentInvestmentsAxis" xlink:label="SubclassificationOfCurrentInvestmentsAxis"/>
    <loc xlink:type="locator" xlink:href="../in-gaap-2012-03-31.xsd#in-gaap_CurrentInvestmentsAndCurrentPortionOfLongTermInvestmentsMember" xlink:label="CurrentInvestmentsAndCurrentPortionOfLongTermInvestmentsMember"/>
    <definitionArc xlink:type="arc" xlink:arcrole="http://xbrl.org/int/dim/arcrole/dimension-default" xlink:from="SubclassificationOfCurrentInvestmentsAxis" xlink:to="CurrentInvestmentsAndCurrentPortionOfLongTermInvestmentsMember" priority="0" order="1.0"/>
    <loc xlink:type="locator" xlink:href="../in-gaap-2012-03-31.xsd#in-gaap_ClassificationOfProvisionsAxis" xlink:label="ClassificationOfProvisionsAxis"/>
    <loc xlink:type="locator" xlink:href="../in-gaap-2012-03-31.xsd#in-gaap_LongAndShortTermProvisionsMember" xlink:label="LongAndShortTermProvisionsMember"/>
    <definitionArc xlink:type="arc" xlink:arcrole="http://xbrl.org/int/dim/arcrole/dimension-default" xlink:from="ClassificationOfProvisionsAxis" xlink:to="LongAndShortTermProvisionsMember" priority="0" order="1.0"/>
    <loc xlink:type="locator" xlink:href="../in-gaap-2012-03-31.xsd#in-gaap_BreakupOfProvisionsAxis" xlink:label="BreakupOfProvisionsAxis"/>
    <loc xlink:type="locator" xlink:href="../in-gaap-2012-03-31.xsd#in-gaap_ProvisionsMember" xlink:label="ProvisionsMember"/>
    <definitionArc xlink:type="arc" xlink:arcrole="http://xbrl.org/int/dim/arcrole/dimension-default" xlink:from="BreakupOfProvisionsAxis" xlink:to="ProvisionsMember" priority="0" order="1.0"/>
    <loc xlink:type="locator" xlink:href="../in-gaap-2012-03-31.xsd#in-gaap_DetailsOfProducingPropertiesAxis" xlink:label="DetailsOfProducingPropertiesAxis"/>
    <loc xlink:type="locator" xlink:href="../in-gaap-2012-03-31.xsd#in-gaap_CarryingAmountOfProducingPropertiesMember" xlink:label="CarryingAmountOfProducingPropertiesMember"/>
    <definitionArc xlink:type="arc" xlink:arcrole="http://xbrl.org/int/dim/arcrole/dimension-default" xlink:from="DetailsOfProducingPropertiesAxis" xlink:to="CarryingAmountOfProducingPropertiesMember" priority="0" order="1.0"/>
    <loc xlink:type="locator" xlink:href="../in-gaap-2012-03-31.xsd#in-gaap_ClassesOfPreProducingPropertiesAxis" xlink:label="ClassesOfPreProducingPropertiesAxis"/>
    <loc xlink:type="locator" xlink:href="../in-gaap-2012-03-31.xsd#in-gaap_CompanyTotalOfPreProducingPropertiesMember" xlink:label="CompanyTotalOfPreProducingPropertiesMember"/>
    <definitionArc xlink:type="arc" xlink:arcrole="http://xbrl.org/int/dim/arcrole/dimension-default" xlink:from="ClassesOfPreProducingPropertiesAxis" xlink:to="CompanyTotalOfPreProducingPropertiesMember" priority="0" order="1.0"/>
    <loc xlink:type="locator" xlink:href="../in-gaap-2012-03-31.xsd#in-gaap_DetailsOfPreProducingPropertiesAxis" xlink:label="DetailsOfPreProducingPropertiesAxis"/>
    <loc xlink:type="locator" xlink:href="../in-gaap-2012-03-31.xsd#in-gaap_CarryingAmountOfPreProducingPropertiesMember" xlink:label="CarryingAmountOfPreProducingPropertiesMember"/>
    <definitionArc xlink:type="arc" xlink:arcrole="http://xbrl.org/int/dim/arcrole/dimension-default" xlink:from="DetailsOfPreProducingPropertiesAxis" xlink:to="CarryingAmountOfPreProducingPropertiesMember" priority="0" order="1.0"/>
    <loc xlink:type="locator" xlink:href="../in-gaap-2012-03-31.xsd#in-gaap_LongTermAndShortTermClassificationOfLoansAndAdvancesAxis" xlink:label="LongTermAndShortTermClassificationOfLoansAndAdvancesAxis"/>
    <loc xlink:type="locator" xlink:href="../in-gaap-2012-03-31.xsd#in-gaap_LongTermAndShortTermLoansAndAdvancesMember" xlink:label="LongTermAndShortTermLoansAndAdvancesMember"/>
    <definitionArc xlink:type="arc" xlink:arcrole="http://xbrl.org/int/dim/arcrole/dimension-default" xlink:from="LongTermAndShortTermClassificationOfLoansAndAdvancesAxis" xlink:to="LongTermAndShortTermLoansAndAdvancesMember" priority="0" order="1.0"/>
    <loc xlink:type="locator" xlink:href="../in-gaap-2012-03-31.xsd#in-gaap_ClassificationOfLoansAndAdvancesAxis" xlink:label="ClassificationOfLoansAndAdvancesAxis"/>
    <loc xlink:type="locator" xlink:href="../in-gaap-2012-03-31.xsd#in-gaap_LoansAndAdvancesMember" xlink:label="LoansAndAdvancesMember"/>
    <definitionArc xlink:type="arc" xlink:arcrole="http://xbrl.org/int/dim/arcrole/dimension-default" xlink:from="ClassificationOfLoansAndAdvancesAxis" xlink:to="LoansAndAdvancesMember" priority="0" order="1.0"/>
    <loc xlink:type="locator" xlink:href="../in-gaap-2012-03-31.xsd#in-gaap_SubclassificationOfLoansAndAdvancesAxis" xlink:label="SubclassificationOfLoansAndAdvancesAxis"/>
    <loc xlink:type="locator" xlink:href="../in-gaap-2012-03-31.xsd#in-gaap_SecuredUnsecuredAndDoubtfulLoansAndAdvancesMember" xlink:label="SecuredUnsecuredAndDoubtfulLoansAndAdvancesMember"/>
    <definitionArc xlink:type="arc" xlink:arcrole="http://xbrl.org/int/dim/arcrole/dimension-default" xlink:from="SubclassificationOfLoansAndAdvancesAxis" xlink:to="SecuredUnsecuredAndDoubtfulLoansAndAdvancesMember" priority="0" order="1.0"/>
    <loc xlink:type="locator" xlink:href="../in-gaap-2012-03-31.xsd#in-gaap_ClassificationOfLongTermTradeReceivablesAxis" xlink:label="ClassificationOfLongTermTradeReceivablesAxis"/>
    <loc xlink:type="locator" xlink:href="../in-gaap-2012-03-31.xsd#in-gaap_CompanyTotalLongTermTradeReceivablesMember" xlink:label="CompanyTotalLongTermTradeReceivablesMember"/>
    <definitionArc xlink:type="arc" xlink:arcrole="http://xbrl.org/int/dim/arcrole/dimension-default" xlink:from="ClassificationOfLongTermTradeReceivablesAxis" xlink:to="CompanyTotalLongTermTradeReceivablesMember" priority="0" order="1.0"/>
    <loc xlink:type="locator" xlink:href="../in-gaap-2012-03-31.xsd#in-gaap_ClassificationOfInventoriesAxis" xlink:label="ClassificationOfInventoriesAxis"/>
    <loc xlink:type="locator" xlink:href="../in-gaap-2012-03-31.xsd#in-gaap_CompanyTotalInventoriesMember" xlink:label="CompanyTotalInventoriesMember"/>
    <definitionArc xlink:type="arc" xlink:arcrole="http://xbrl.org/int/dim/arcrole/dimension-default" xlink:from="ClassificationOfInventoriesAxis" xlink:to="CompanyTotalInventoriesMember" priority="0" order="1.0"/>
    <loc xlink:type="locator" xlink:href="../in-gaap-2012-03-31.xsd#in-gaap_SubclassificationOfTradeReceivablesAxis" xlink:label="SubclassificationOfTradeReceivablesAxis"/>
    <loc xlink:type="locator" xlink:href="../in-gaap-2012-03-31.xsd#in-gaap_CompanyTotalTradeReceivablesMember" xlink:label="CompanyTotalTradeReceivablesMember"/>
    <definitionArc xlink:type="arc" xlink:arcrole="http://xbrl.org/int/dim/arcrole/dimension-default" xlink:from="SubclassificationOfTradeReceivablesAxis" xlink:to="CompanyTotalTradeReceivablesMember" priority="0" order="1.0"/>
    <loc xlink:type="locator" xlink:href="../in-gaap-2012-03-31.xsd#in-gaap_ClassesOfTangibleAssetsAxis" xlink:label="ClassesOfTangibleAssetsAxis"/>
    <loc xlink:type="locator" xlink:href="../in-gaap-2012-03-31.xsd#in-gaap_CompanyTotalTangibleAssetsMember" xlink:label="CompanyTotalTangibleAssetsMember"/>
    <definitionArc xlink:type="arc" xlink:arcrole="http://xbrl.org/int/dim/arcrole/dimension-default" xlink:from="ClassesOfTangibleAssetsAxis" xlink:to="CompanyTotalTangibleAssetsMember" priority="0" order="1.0"/>
    <loc xlink:type="locator" xlink:href="../in-gaap-2012-03-31.xsd#in-gaap_SubClassesOfTangibleAssetsAxis" xlink:label="SubClassesOfTangibleAssetsAxis"/>
    <loc xlink:type="locator" xlink:href="../in-gaap-2012-03-31.xsd#in-gaap_OwnedAndLeasedAssetsMember" xlink:label="OwnedAndLeasedAssetsMember"/>
    <definitionArc xlink:type="arc" xlink:arcrole="http://xbrl.org/int/dim/arcrole/dimension-default" xlink:from="SubClassesOfTangibleAssetsAxis" xlink:to="OwnedAndLeasedAssetsMember" priority="0" order="1.0"/>
    <loc xlink:type="locator" xlink:href="../in-gaap-2012-03-31.xsd#in-gaap_CarryingAmountAccumulatedDepreciationAndGrossCarryingAmountAxis" xlink:label="CarryingAmountAccumulatedDepreciationAndGrossCarryingAmountAxis"/>
    <loc xlink:type="locator" xlink:href="../in-gaap-2012-03-31.xsd#in-gaap_CarryingAmountMember" xlink:label="CarryingAmountMember"/>
    <definitionArc xlink:type="arc" xlink:arcrole="http://xbrl.org/int/dim/arcrole/dimension-default" xlink:from="CarryingAmountAccumulatedDepreciationAndGrossCarryingAmountAxis" xlink:to="CarryingAmountMember" priority="0" order="1.0"/>
    <loc xlink:type="locator" xlink:href="../in-gaap-2012-03-31.xsd#in-gaap_ClassesOfIntangibleAssetsAxis" xlink:label="ClassesOfIntangibleAssetsAxis"/>
    <loc xlink:type="locator" xlink:href="../in-gaap-2012-03-31.xsd#in-gaap_CompanyTotalIntangibleAssetsMember" xlink:label="CompanyTotalIntangibleAssetsMember"/>
    <definitionArc xlink:type="arc" xlink:arcrole="http://xbrl.org/int/dim/arcrole/dimension-default" xlink:from="ClassesOfIntangibleAssetsAxis" xlink:to="CompanyTotalIntangibleAssetsMember" priority="0" order="1.0"/>
    <loc xlink:type="locator" xlink:href="../in-gaap-2012-03-31.xsd#in-gaap_SubClassesOfIntangibleAssetsAxis" xlink:label="SubClassesOfIntangibleAssetsAxis"/>
    <loc xlink:type="locator" xlink:href="../in-gaap-2012-03-31.xsd#in-gaap_InternallyGeneratedAndOtherThanInternallyGeneratedIntangibleAssetsMember" xlink:label="InternallyGeneratedAndOtherThanInternallyGeneratedIntangibleAssetsMember"/>
    <definitionArc xlink:type="arc" xlink:arcrole="http://xbrl.org/int/dim/arcrole/dimension-default" xlink:from="SubClassesOfIntangibleAssetsAxis" xlink:to="InternallyGeneratedAndOtherThanInternallyGeneratedIntangibleAssetsMember" priority="0" order="1.0"/>
    <loc xlink:type="locator" xlink:href="../in-gaap-2012-03-31.xsd#in-gaap_CarryingAmountAccumulatedAmortizationAndImpairmentAndGrossCarryingAmountAxis" xlink:label="CarryingAmountAccumulatedAmortizationAndImpairmentAndGrossCarryingAmountAxis"/>
    <loc xlink:type="locator" xlink:href="../in-gaap-2012-03-31.xsd#in-gaap_CarryingAmountMember" xlink:label="CarryingAmountMember_2"/>
    <definitionArc xlink:type="arc" xlink:arcrole="http://xbrl.org/int/dim/arcrole/dimension-default" xlink:from="CarryingAmountAccumulatedAmortizationAndImpairmentAndGrossCarryingAmountAxis" xlink:to="CarryingAmountMember_2" priority="0" order="1.0"/>
    <loc xlink:type="locator" xlink:href="../in-gaap-2012-03-31.xsd#in-gaap_MaterialIndividualIntangibleAssetsAxis" xlink:label="MaterialIndividualIntangibleAssetsAxis"/>
    <loc xlink:type="locator" xlink:href="../in-gaap-2012-03-31.xsd#in-gaap_MaterialIndividualIntangibleAssetsMember" xlink:label="MaterialIndividualIntangibleAssetsMember"/>
    <definitionArc xlink:type="arc" xlink:arcrole="http://xbrl.org/int/dim/arcrole/dimension-default" xlink:from="MaterialIndividualIntangibleAssetsAxis" xlink:to="MaterialIndividualIntangibleAssetsMember" priority="0" order="1.0"/>
    <loc xlink:type="locator" xlink:href="../in-gaap-2012-03-31.xsd#in-gaap_DefinedBenefitPlansAxis" xlink:label="DefinedBenefitPlansAxis"/>
    <loc xlink:type="locator" xlink:href="../in-gaap-2012-03-31.xsd#in-gaap_DefinedBenefitPlansMember" xlink:label="DefinedBenefitPlansMember"/>
    <definitionArc xlink:type="arc" xlink:arcrole="http://xbrl.org/int/dim/arcrole/dimension-default" xlink:from="DefinedBenefitPlansAxis" xlink:to="DefinedBenefitPlansMember" priority="0" order="1.0"/>
    <loc xlink:type="locator" xlink:href="../in-gaap-2012-03-31.xsd#in-gaap_PrimaryReportableSegmentsAxis" xlink:label="PrimaryReportableSegmentsAxis"/>
    <loc xlink:type="locator" xlink:href="../in-gaap-2012-03-31.xsd#in-gaap_EnterprisesTotalOfPrimaryReportableSegmentsMember" xlink:label="EnterprisesTotalOfPrimaryReportableSegmentsMember"/>
    <definitionArc xlink:type="arc" xlink:arcrole="http://xbrl.org/int/dim/arcrole/dimension-default" xlink:from="PrimaryReportableSegmentsAxis" xlink:to="EnterprisesTotalOfPrimaryReportableSegmentsMember" priority="0" order="1.0"/>
    <loc xlink:type="locator" xlink:href="../in-gaap-2012-03-31.xsd#in-gaap_SecondaryReportableSegmentsAxis" xlink:label="SecondaryReportableSegmentsAxis"/>
    <loc xlink:type="locator" xlink:href="../in-gaap-2012-03-31.xsd#in-gaap_EnterprisesTotalOfSecondaryReportableSegmentsMember" xlink:label="EnterprisesTotalOfSecondaryReportableSegmentsMember"/>
    <definitionArc xlink:type="arc" xlink:arcrole="http://xbrl.org/int/dim/arcrole/dimension-default" xlink:from="SecondaryReportableSegmentsAxis" xlink:to="EnterprisesTotalOfSecondaryReportableSegmentsMember" priority="0" order="1.0"/>
    <loc xlink:type="locator" xlink:href="../in-gaap-2012-03-31.xsd#in-gaap_MaturityAxis" xlink:label="MaturityAxis"/>
    <loc xlink:type="locator" xlink:href="../in-gaap-2012-03-31.xsd#in-gaap_AggregatedTimeBandsMember" xlink:label="AggregatedTimeBandsMember"/>
    <definitionArc xlink:type="arc" xlink:arcrole="http://xbrl.org/int/dim/arcrole/dimension-default" xlink:from="MaturityAxis" xlink:to="AggregatedTimeBandsMember" priority="0" order="1.0"/>
    <loc xlink:type="locator" xlink:href="../in-gaap-2012-03-31.xsd#in-gaap_ClassesOfAssetsAxis" xlink:label="ClassesOfAssetsAxis"/>
    <loc xlink:type="locator" xlink:href="../in-gaap-2012-03-31.xsd#in-gaap_ClassesOfAssetsMember" xlink:label="ClassesOfAssetsMember"/>
    <definitionArc xlink:type="arc" xlink:arcrole="http://xbrl.org/int/dim/arcrole/dimension-default" xlink:from="ClassesOfAssetsAxis" xlink:to="ClassesOfAssetsMember" priority="0" order="1.0"/>
    <loc xlink:type="locator" xlink:href="../in-gaap-2012-03-31.xsd#in-gaap_IndividualAssetsOrCashGeneratingUnitsAxis" xlink:label="IndividualAssetsOrCashGeneratingUnitsAxis"/>
    <loc xlink:type="locator" xlink:href="../in-gaap-2012-03-31.xsd#in-gaap_TotalForIndividualAssetsOrCashGeneratingUnitsMember" xlink:label="TotalForIndividualAssetsOrCashGeneratingUnitsMember"/>
    <definitionArc xlink:type="arc" xlink:arcrole="http://xbrl.org/int/dim/arcrole/dimension-default" xlink:from="IndividualAssetsOrCashGeneratingUnitsAxis" xlink:to="TotalForIndividualAssetsOrCashGeneratingUnitsMember" priority="0" order="1.0"/>
    <loc xlink:type="locator" xlink:href="../in-gaap-2012-03-31.xsd#in-gaap_DetailsOfRelatedPartiesAndTransactionsWithRelatedPartiesAxis" xlink:label="DetailsOfRelatedPartiesAndTransactionsWithRelatedPartiesAxis"/>
    <loc xlink:type="locator" xlink:href="../in-gaap-2012-03-31.xsd#in-gaap_DetailsOfRelatedPartiesAndTransactionsWithRelatedPartiesMember" xlink:label="DetailsOfRelatedPartiesAndTransactionsWithRelatedPartiesMember"/>
    <definitionArc xlink:type="arc" xlink:arcrole="http://xbrl.org/int/dim/arcrole/dimension-default" xlink:from="DetailsOfRelatedPartiesAndTransactionsWithRelatedPartiesAxis" xlink:to="DetailsOfRelatedPartiesAndTransactionsWithRelatedPartiesMember" priority="0" order="1.0"/>
    <loc xlink:type="locator" xlink:href="../in-gaap-2012-03-31.xsd#in-gaap_ClassesOfOtherProvisionsAxis" xlink:label="ClassesOfOtherProvisionsAxis"/>
    <loc xlink:type="locator" xlink:href="../in-gaap-2012-03-31.xsd#in-gaap_CompanyTotalOtherProvisionsMember" xlink:label="CompanyTotalOtherProvisionsMember"/>
    <definitionArc xlink:type="arc" xlink:arcrole="http://xbrl.org/int/dim/arcrole/dimension-default" xlink:from="ClassesOfOtherProvisionsAxis" xlink:to="CompanyTotalOtherProvisionsMember" priority="0" order="1.0"/>
    <loc xlink:type="locator" xlink:href="../in-gaap-2012-03-31.xsd#in-gaap_ClassesOfContingentLiabilitiesAxis" xlink:label="ClassesOfContingentLiabilitiesAxis"/>
    <loc xlink:type="locator" xlink:href="../in-gaap-2012-03-31.xsd#in-gaap_CompanyTotalContingentLiabilitiesMember" xlink:label="CompanyTotalContingentLiabilitiesMember"/>
    <definitionArc xlink:type="arc" xlink:arcrole="http://xbrl.org/int/dim/arcrole/dimension-default" xlink:from="ClassesOfContingentLiabilitiesAxis" xlink:to="CompanyTotalContingentLiabilitiesMember" priority="0" order="1.0"/>
    <loc xlink:type="locator" xlink:href="../in-gaap-2012-03-31.xsd#in-gaap_InvestmentsInAssociatesAxis" xlink:label="InvestmentsInAssociatesAxis"/>
    <loc xlink:type="locator" xlink:href="../in-gaap-2012-03-31.xsd#in-gaap_EnterprisesTotalForInvestmentsInAssociatesMember" xlink:label="EnterprisesTotalForInvestmentsInAssociatesMember"/>
    <definitionArc xlink:type="arc" xlink:arcrole="http://xbrl.org/int/dim/arcrole/dimension-default" xlink:from="InvestmentsInAssociatesAxis" xlink:to="EnterprisesTotalForInvestmentsInAssociatesMember" priority="0" order="1.0"/>
    <loc xlink:type="locator" xlink:href="../in-gaap-2012-03-31.xsd#in-gaap_InterestsInSignificantJointVenturesAxis" xlink:label="InterestsInSignificantJointVenturesAxis"/>
    <loc xlink:type="locator" xlink:href="../in-gaap-2012-03-31.xsd#in-gaap_EnterprisesTotalForJointVenturesMember" xlink:label="EnterprisesTotalForJointVenturesMember"/>
    <definitionArc xlink:type="arc" xlink:arcrole="http://xbrl.org/int/dim/arcrole/dimension-default" xlink:from="InterestsInSignificantJointVenturesAxis" xlink:to="EnterprisesTotalForJointVenturesMember" priority="0" order="1.0"/>
    <loc xlink:type="locator" xlink:href="../in-gaap-2012-03-31.xsd#in-gaap_TypesOfEmployeeSharebasedPaymentArrangementsAxis" xlink:label="TypesOfEmployeeSharebasedPaymentArrangementsAxis"/>
    <loc xlink:type="locator" xlink:href="../in-gaap-2012-03-31.xsd#in-gaap_EmployeeSharebasedPaymentArrangementsMember" xlink:label="EmployeeSharebasedPaymentArrangementsMember"/>
    <definitionArc xlink:type="arc" xlink:arcrole="http://xbrl.org/int/dim/arcrole/dimension-default" xlink:from="TypesOfEmployeeSharebasedPaymentArrangementsAxis" xlink:to="EmployeeSharebasedPaymentArrangementsMember" priority="0" order="1.0"/>
    <loc xlink:type="locator" xlink:href="../in-gaap-2012-03-31.xsd#in-gaap_GroupsOfStockOptionsAxis" xlink:label="GroupsOfStockOptionsAxis"/>
    <loc xlink:type="locator" xlink:href="../in-gaap-2012-03-31.xsd#in-gaap_StockOptionsMember" xlink:label="StockOptionsMember"/>
    <definitionArc xlink:type="arc" xlink:arcrole="http://xbrl.org/int/dim/arcrole/dimension-default" xlink:from="GroupsOfStockOptionsAxis" xlink:to="StockOptionsMember" priority="0" order="1.0"/>
    <loc xlink:type="locator" xlink:href="../in-gaap-2012-03-31.xsd#in-gaap_RangesOfExercisePricesForOutstandingStockOptionsAxis" xlink:label="RangesOfExercisePricesForOutstandingStockOptionsAxis"/>
    <loc xlink:type="locator" xlink:href="../in-gaap-2012-03-31.xsd#in-gaap_RangesOfExercisePricesForOutstandingStockOptionsMember" xlink:label="RangesOfExercisePricesForOutstandingStockOptionsMember"/>
    <definitionArc xlink:type="arc" xlink:arcrole="http://xbrl.org/int/dim/arcrole/dimension-default" xlink:from="RangesOfExercisePricesForOutstandingStockOptionsAxis" xlink:to="RangesOfExercisePricesForOutstandingStockOptionsMember" priority="0" order="1.0"/>
    <loc xlink:type="locator" xlink:href="../in-gaap-2012-03-31.xsd#in-gaap_CategoriesOfManufacturedAndTradedGoodsAxis" xlink:label="CategoriesOfManufacturedAndTradedGoodsAxis"/>
    <loc xlink:type="locator" xlink:href="../in-gaap-2012-03-31.xsd#in-gaap_ManufacturedAndTradedGoodsMember" xlink:label="ManufacturedAndTradedGoodsMember"/>
    <definitionArc xlink:type="arc" xlink:arcrole="http://xbrl.org/int/dim/arcrole/dimension-default" xlink:from="CategoriesOfManufacturedAndTradedGoodsAxis" xlink:to="ManufacturedAndTradedGoodsMember" priority="0" order="1.0"/>
    <loc xlink:type="locator" xlink:href="../in-gaap-2012-03-31.xsd#in-gaap_CategoriesOfTradedGoodsAxis" xlink:label="CategoriesOfTradedGoodsAxis"/>
    <loc xlink:type="locator" xlink:href="../in-gaap-2012-03-31.xsd#in-gaap_TradedGoodsMember" xlink:label="TradedGoodsMember"/>
    <definitionArc xlink:type="arc" xlink:arcrole="http://xbrl.org/int/dim/arcrole/dimension-default" xlink:from="CategoriesOfTradedGoodsAxis" xlink:to="TradedGoodsMember" priority="0" order="1.0"/>
    <loc xlink:type="locator" xlink:href="../in-gaap-2012-03-31.xsd#in-gaap_DetailsOfRawMaterialsSparePartsAndComponentsConsumedAxis" xlink:label="DetailsOfRawMaterialsSparePartsAndComponentsConsumedAxis"/>
    <loc xlink:type="locator" xlink:href="../in-gaap-2012-03-31.xsd#in-gaap_RawMaterialsSparePartsAndComponentsConsumedMember" xlink:label="RawMaterialsSparePartsAndComponentsConsumedMember"/>
    <definitionArc xlink:type="arc" xlink:arcrole="http://xbrl.org/int/dim/arcrole/dimension-default" xlink:from="DetailsOfRawMaterialsSparePartsAndComponentsConsumedAxis" xlink:to="RawMaterialsSparePartsAndComponentsConsumedMember" priority="0" order="1.0"/>
    <loc xlink:type="locator" xlink:href="../in-gaap-2012-03-31.xsd#in-gaap_SubclassificationOfRawMaterialsSparePartsAndComponentsConsumedAxis" xlink:label="SubclassificationOfRawMaterialsSparePartsAndComponentsConsumedAxis"/>
    <loc xlink:type="locator" xlink:href="../in-gaap-2012-03-31.xsd#in-gaap_ImportedAndIndigenousMember" xlink:label="ImportedAndIndigenousMember"/>
    <definitionArc xlink:type="arc" xlink:arcrole="http://xbrl.org/int/dim/arcrole/dimension-default" xlink:from="SubclassificationOfRawMaterialsSparePartsAndComponentsConsumedAxis" xlink:to="ImportedAndIndigenousMember" priority="0" order="1.0"/>
    <loc xlink:type="locator" xlink:href="../../IN-CA/in-ca-2012-03-31.xsd#in-ca_AuditorsQualificationsReservationsOrAdverseRemarksInAuditorsReportAxis" xlink:label="AuditorsQualificationsReservationsOrAdverseRemarksInAuditorsReportAxis"/>
    <loc xlink:type="locator" xlink:href="../../IN-CA/in-ca-2012-03-31.xsd#in-ca_AuditorsOpinionMember" xlink:label="AuditorsOpinionMember"/>
    <definitionArc xlink:type="arc" xlink:arcrole="http://xbrl.org/int/dim/arcrole/dimension-default" xlink:from="AuditorsQualificationsReservationsOrAdverseRemarksInAuditorsReportAxis" xlink:to="AuditorsOpinionMember" priority="0" order="1.0"/>
  </definitionLink>
</linkbase>
