<?xml version="1.0" encoding="US-ASCII"?>
<!-- Generated by Fujitsu Interstage XWand B0166 -->
<linkbase xmlns="http://www.xbrl.org/2003/linkbase" xmlns:xsi="http://www.w3.org/2001/XMLSchema-instance" xmlns:xbrldt="http://xbrl.org/2005/xbrldt" xmlns:xlink="http://www.w3.org/1999/xlink" xmlns:xbrli="http://www.xbrl.org/2003/instance">
  <roleRef roleURI="http://www.icai.org/xbrl/taxonomy/role/in-gaap/NotesAdditionalInformationStatementOfProfitAndLoss" xlink:type="simple" xlink:href="../in-gaap-roles-2012-03-31.xsd#in-gaap-rol-300600"/>
  <roleRef roleURI="http://www.icai.org/xbrl/taxonomy/role/in-gaap/NotesAdditionalInformationStatementOfProfitAndLoss1" xlink:type="simple" xlink:href="../in-gaap-roles-2012-03-31.xsd#in-gaap-rol-300600a"/>
  <roleRef roleURI="http://www.icai.org/xbrl/taxonomy/role/in-gaap/NotesAdditionalInformationStatementOfProfitAndLoss2" xlink:type="simple" xlink:href="../in-gaap-roles-2012-03-31.xsd#in-gaap-rol-300600b"/>
  <arcroleRef arcroleURI="http://xbrl.org/int/dim/arcrole/all" xlink:type="simple" xlink:href="http://www.xbrl.org/2005/xbrldt-2005.xsd#all"/>
  <arcroleRef arcroleURI="http://xbrl.org/int/dim/arcrole/dimension-domain" xlink:type="simple" xlink:href="http://www.xbrl.org/2005/xbrldt-2005.xsd#dimension-domain"/>
  <arcroleRef arcroleURI="http://xbrl.org/int/dim/arcrole/domain-member" xlink:type="simple" xlink:href="http://www.xbrl.org/2005/xbrldt-2005.xsd#domain-member"/>
  <arcroleRef arcroleURI="http://xbrl.org/int/dim/arcrole/hypercube-dimension" xlink:type="simple" xlink:href="http://www.xbrl.org/2005/xbrldt-2005.xsd#hypercube-dimension"/>
  <definitionLink xlink:type="extended" xlink:role="http://www.icai.org/xbrl/taxonomy/role/in-gaap/NotesAdditionalInformationStatementOfProfitAndLoss">
    <loc xlink:type="locator" xlink:href="../in-gaap-2012-03-31.xsd#in-gaap_DetailsOfManufacturedAndTradedGoodsAbstract" xlink:label="DetailsOfManufacturedAndTradedGoodsAbstract"/>
    <loc xlink:type="locator" xlink:href="../in-gaap-2012-03-31.xsd#in-gaap_DetailsOfManufacturedAndTradedGoodsTable" xlink:label="DetailsOfManufacturedAndTradedGoodsTable"/>
    <definitionArc xlink:type="arc" xlink:arcrole="http://xbrl.org/int/dim/arcrole/all" xlink:from="DetailsOfManufacturedAndTradedGoodsAbstract" xlink:to="DetailsOfManufacturedAndTradedGoodsTable" priority="0" order="1.0" xbrldt:contextElement="scenario" xbrldt:closed="true"/>
    <loc xlink:type="locator" xlink:href="../in-gaap-2012-03-31.xsd#in-gaap_CategoriesOfManufacturedAndTradedGoodsAxis" xlink:label="CategoriesOfManufacturedAndTradedGoodsAxis"/>
    <definitionArc xlink:type="arc" xlink:arcrole="http://xbrl.org/int/dim/arcrole/hypercube-dimension" xlink:from="DetailsOfManufacturedAndTradedGoodsTable" xlink:to="CategoriesOfManufacturedAndTradedGoodsAxis" priority="0" order="1.0"/>
    <loc xlink:type="locator" xlink:href="../in-gaap-2012-03-31.xsd#in-gaap_ManufacturedAndTradedGoodsMember" xlink:label="ManufacturedAndTradedGoodsMember"/>
    <definitionArc xlink:type="arc" xlink:arcrole="http://xbrl.org/int/dim/arcrole/dimension-domain" xlink:from="CategoriesOfManufacturedAndTradedGoodsAxis" xlink:to="ManufacturedAndTradedGoodsMember" priority="0" order="1.0"/>
    <loc xlink:type="locator" xlink:href="../in-gaap-2012-03-31.xsd#in-gaap_ManufacturedGoodsMember" xlink:label="ManufacturedGoodsMember"/>
    <definitionArc xlink:type="arc" xlink:arcrole="http://xbrl.org/int/dim/arcrole/domain-member" xlink:from="ManufacturedAndTradedGoodsMember" xlink:to="ManufacturedGoodsMember" priority="0" order="1.0"/>
    <loc xlink:type="locator" xlink:href="../in-gaap-2012-03-31.xsd#in-gaap_FinishedGoodsCategory1Member" xlink:label="FinishedGoodsCategory1Member"/>
    <definitionArc xlink:type="arc" xlink:arcrole="http://xbrl.org/int/dim/arcrole/domain-member" xlink:from="ManufacturedGoodsMember" xlink:to="FinishedGoodsCategory1Member" priority="0" order="1.0"/>
    <loc xlink:type="locator" xlink:href="../in-gaap-2012-03-31.xsd#in-gaap_FinishedGoodsCategory2Member" xlink:label="FinishedGoodsCategory2Member"/>
    <definitionArc xlink:type="arc" xlink:arcrole="http://xbrl.org/int/dim/arcrole/domain-member" xlink:from="ManufacturedGoodsMember" xlink:to="FinishedGoodsCategory2Member" priority="0" order="2.0"/>
    <loc xlink:type="locator" xlink:href="../in-gaap-2012-03-31.xsd#in-gaap_FinishedGoodsCategory3Member" xlink:label="FinishedGoodsCategory3Member"/>
    <definitionArc xlink:type="arc" xlink:arcrole="http://xbrl.org/int/dim/arcrole/domain-member" xlink:from="ManufacturedGoodsMember" xlink:to="FinishedGoodsCategory3Member" priority="0" order="3.0"/>
    <loc xlink:type="locator" xlink:href="../in-gaap-2012-03-31.xsd#in-gaap_FinishedGoodsCategory4Member" xlink:label="FinishedGoodsCategory4Member"/>
    <definitionArc xlink:type="arc" xlink:arcrole="http://xbrl.org/int/dim/arcrole/domain-member" xlink:from="ManufacturedGoodsMember" xlink:to="FinishedGoodsCategory4Member" priority="0" order="4.0"/>
    <loc xlink:type="locator" xlink:href="../in-gaap-2012-03-31.xsd#in-gaap_FinishedGoodsCategory5Member" xlink:label="FinishedGoodsCategory5Member"/>
    <definitionArc xlink:type="arc" xlink:arcrole="http://xbrl.org/int/dim/arcrole/domain-member" xlink:from="ManufacturedGoodsMember" xlink:to="FinishedGoodsCategory5Member" priority="0" order="5.0"/>
    <loc xlink:type="locator" xlink:href="../in-gaap-2012-03-31.xsd#in-gaap_FinishedGoodsCategory6Member" xlink:label="FinishedGoodsCategory6Member"/>
    <definitionArc xlink:type="arc" xlink:arcrole="http://xbrl.org/int/dim/arcrole/domain-member" xlink:from="ManufacturedGoodsMember" xlink:to="FinishedGoodsCategory6Member" priority="0" order="6.0"/>
    <loc xlink:type="locator" xlink:href="../in-gaap-2012-03-31.xsd#in-gaap_FinishedGoodsCategory7Member" xlink:label="FinishedGoodsCategory7Member"/>
    <definitionArc xlink:type="arc" xlink:arcrole="http://xbrl.org/int/dim/arcrole/domain-member" xlink:from="ManufacturedGoodsMember" xlink:to="FinishedGoodsCategory7Member" priority="0" order="7.0"/>
    <loc xlink:type="locator" xlink:href="../in-gaap-2012-03-31.xsd#in-gaap_FinishedGoodsCategory8Member" xlink:label="FinishedGoodsCategory8Member"/>
    <definitionArc xlink:type="arc" xlink:arcrole="http://xbrl.org/int/dim/arcrole/domain-member" xlink:from="ManufacturedGoodsMember" xlink:to="FinishedGoodsCategory8Member" priority="0" order="8.0"/>
    <loc xlink:type="locator" xlink:href="../in-gaap-2012-03-31.xsd#in-gaap_FinishedGoodsCategory9Member" xlink:label="FinishedGoodsCategory9Member"/>
    <definitionArc xlink:type="arc" xlink:arcrole="http://xbrl.org/int/dim/arcrole/domain-member" xlink:from="ManufacturedGoodsMember" xlink:to="FinishedGoodsCategory9Member" priority="0" order="9.0"/>
    <loc xlink:type="locator" xlink:href="../in-gaap-2012-03-31.xsd#in-gaap_FinishedGoodsCategory10Member" xlink:label="FinishedGoodsCategory10Member"/>
    <definitionArc xlink:type="arc" xlink:arcrole="http://xbrl.org/int/dim/arcrole/domain-member" xlink:from="ManufacturedGoodsMember" xlink:to="FinishedGoodsCategory10Member" priority="0" order="10.0"/>
    <loc xlink:type="locator" xlink:href="../in-gaap-2012-03-31.xsd#in-gaap_FinishedGoodsCategory11Member" xlink:label="FinishedGoodsCategory11Member"/>
    <definitionArc xlink:type="arc" xlink:arcrole="http://xbrl.org/int/dim/arcrole/domain-member" xlink:from="ManufacturedGoodsMember" xlink:to="FinishedGoodsCategory11Member" priority="0" order="11.0"/>
    <loc xlink:type="locator" xlink:href="../in-gaap-2012-03-31.xsd#in-gaap_FinishedGoodsCategory12Member" xlink:label="FinishedGoodsCategory12Member"/>
    <definitionArc xlink:type="arc" xlink:arcrole="http://xbrl.org/int/dim/arcrole/domain-member" xlink:from="ManufacturedGoodsMember" xlink:to="FinishedGoodsCategory12Member" priority="0" order="12.0"/>
    <loc xlink:type="locator" xlink:href="../in-gaap-2012-03-31.xsd#in-gaap_FinishedGoodsCategory13Member" xlink:label="FinishedGoodsCategory13Member"/>
    <definitionArc xlink:type="arc" xlink:arcrole="http://xbrl.org/int/dim/arcrole/domain-member" xlink:from="ManufacturedGoodsMember" xlink:to="FinishedGoodsCategory13Member" priority="0" order="13.0"/>
    <loc xlink:type="locator" xlink:href="../in-gaap-2012-03-31.xsd#in-gaap_FinishedGoodsCategory14Member" xlink:label="FinishedGoodsCategory14Member"/>
    <definitionArc xlink:type="arc" xlink:arcrole="http://xbrl.org/int/dim/arcrole/domain-member" xlink:from="ManufacturedGoodsMember" xlink:to="FinishedGoodsCategory14Member" priority="0" order="14.0"/>
    <loc xlink:type="locator" xlink:href="../in-gaap-2012-03-31.xsd#in-gaap_FinishedGoodsCategory15Member" xlink:label="FinishedGoodsCategory15Member"/>
    <definitionArc xlink:type="arc" xlink:arcrole="http://xbrl.org/int/dim/arcrole/domain-member" xlink:from="ManufacturedGoodsMember" xlink:to="FinishedGoodsCategory15Member" priority="0" order="15.0"/>
    <loc xlink:type="locator" xlink:href="../in-gaap-2012-03-31.xsd#in-gaap_FinishedGoodsCategory16Member" xlink:label="FinishedGoodsCategory16Member"/>
    <definitionArc xlink:type="arc" xlink:arcrole="http://xbrl.org/int/dim/arcrole/domain-member" xlink:from="ManufacturedGoodsMember" xlink:to="FinishedGoodsCategory16Member" priority="0" order="16.0"/>
    <loc xlink:type="locator" xlink:href="../in-gaap-2012-03-31.xsd#in-gaap_FinishedGoodsCategory17Member" xlink:label="FinishedGoodsCategory17Member"/>
    <definitionArc xlink:type="arc" xlink:arcrole="http://xbrl.org/int/dim/arcrole/domain-member" xlink:from="ManufacturedGoodsMember" xlink:to="FinishedGoodsCategory17Member" priority="0" order="17.0"/>
    <loc xlink:type="locator" xlink:href="../in-gaap-2012-03-31.xsd#in-gaap_FinishedGoodsCategory18Member" xlink:label="FinishedGoodsCategory18Member"/>
    <definitionArc xlink:type="arc" xlink:arcrole="http://xbrl.org/int/dim/arcrole/domain-member" xlink:from="ManufacturedGoodsMember" xlink:to="FinishedGoodsCategory18Member" priority="0" order="18.0"/>
    <loc xlink:type="locator" xlink:href="../in-gaap-2012-03-31.xsd#in-gaap_FinishedGoodsCategory19Member" xlink:label="FinishedGoodsCategory19Member"/>
    <definitionArc xlink:type="arc" xlink:arcrole="http://xbrl.org/int/dim/arcrole/domain-member" xlink:from="ManufacturedGoodsMember" xlink:to="FinishedGoodsCategory19Member" priority="0" order="19.0"/>
    <loc xlink:type="locator" xlink:href="../in-gaap-2012-03-31.xsd#in-gaap_FinishedGoodsCategory20Member" xlink:label="FinishedGoodsCategory20Member"/>
    <definitionArc xlink:type="arc" xlink:arcrole="http://xbrl.org/int/dim/arcrole/domain-member" xlink:from="ManufacturedGoodsMember" xlink:to="FinishedGoodsCategory20Member" priority="0" order="20.0"/>
    <loc xlink:type="locator" xlink:href="../in-gaap-2012-03-31.xsd#in-gaap_FinishedGoodsCategory21Member" xlink:label="FinishedGoodsCategory21Member"/>
    <definitionArc xlink:type="arc" xlink:arcrole="http://xbrl.org/int/dim/arcrole/domain-member" xlink:from="ManufacturedGoodsMember" xlink:to="FinishedGoodsCategory21Member" priority="0" order="21.0"/>
    <loc xlink:type="locator" xlink:href="../in-gaap-2012-03-31.xsd#in-gaap_FinishedGoodsCategory22Member" xlink:label="FinishedGoodsCategory22Member"/>
    <definitionArc xlink:type="arc" xlink:arcrole="http://xbrl.org/int/dim/arcrole/domain-member" xlink:from="ManufacturedGoodsMember" xlink:to="FinishedGoodsCategory22Member" priority="0" order="22.0"/>
    <loc xlink:type="locator" xlink:href="../in-gaap-2012-03-31.xsd#in-gaap_FinishedGoodsCategory23Member" xlink:label="FinishedGoodsCategory23Member"/>
    <definitionArc xlink:type="arc" xlink:arcrole="http://xbrl.org/int/dim/arcrole/domain-member" xlink:from="ManufacturedGoodsMember" xlink:to="FinishedGoodsCategory23Member" priority="0" order="23.0"/>
    <loc xlink:type="locator" xlink:href="../in-gaap-2012-03-31.xsd#in-gaap_FinishedGoodsCategory24Member" xlink:label="FinishedGoodsCategory24Member"/>
    <definitionArc xlink:type="arc" xlink:arcrole="http://xbrl.org/int/dim/arcrole/domain-member" xlink:from="ManufacturedGoodsMember" xlink:to="FinishedGoodsCategory24Member" priority="0" order="24.0"/>
    <loc xlink:type="locator" xlink:href="../in-gaap-2012-03-31.xsd#in-gaap_FinishedGoodsCategory25Member" xlink:label="FinishedGoodsCategory25Member"/>
    <definitionArc xlink:type="arc" xlink:arcrole="http://xbrl.org/int/dim/arcrole/domain-member" xlink:from="ManufacturedGoodsMember" xlink:to="FinishedGoodsCategory25Member" priority="0" order="25.0"/>
    <loc xlink:type="locator" xlink:href="../in-gaap-2012-03-31.xsd#in-gaap_FinishedGoodsCategory26Member" xlink:label="FinishedGoodsCategory26Member"/>
    <definitionArc xlink:type="arc" xlink:arcrole="http://xbrl.org/int/dim/arcrole/domain-member" xlink:from="ManufacturedGoodsMember" xlink:to="FinishedGoodsCategory26Member" priority="0" order="26.0"/>
    <loc xlink:type="locator" xlink:href="../in-gaap-2012-03-31.xsd#in-gaap_FinishedGoodsCategory27Member" xlink:label="FinishedGoodsCategory27Member"/>
    <definitionArc xlink:type="arc" xlink:arcrole="http://xbrl.org/int/dim/arcrole/domain-member" xlink:from="ManufacturedGoodsMember" xlink:to="FinishedGoodsCategory27Member" priority="0" order="27.0"/>
    <loc xlink:type="locator" xlink:href="../in-gaap-2012-03-31.xsd#in-gaap_FinishedGoodsCategory28Member" xlink:label="FinishedGoodsCategory28Member"/>
    <definitionArc xlink:type="arc" xlink:arcrole="http://xbrl.org/int/dim/arcrole/domain-member" xlink:from="ManufacturedGoodsMember" xlink:to="FinishedGoodsCategory28Member" priority="0" order="28.0"/>
    <loc xlink:type="locator" xlink:href="../in-gaap-2012-03-31.xsd#in-gaap_FinishedGoodsCategory29Member" xlink:label="FinishedGoodsCategory29Member"/>
    <definitionArc xlink:type="arc" xlink:arcrole="http://xbrl.org/int/dim/arcrole/domain-member" xlink:from="ManufacturedGoodsMember" xlink:to="FinishedGoodsCategory29Member" priority="0" order="29.0"/>
    <loc xlink:type="locator" xlink:href="../in-gaap-2012-03-31.xsd#in-gaap_FinishedGoodsCategory30Member" xlink:label="FinishedGoodsCategory30Member"/>
    <definitionArc xlink:type="arc" xlink:arcrole="http://xbrl.org/int/dim/arcrole/domain-member" xlink:from="ManufacturedGoodsMember" xlink:to="FinishedGoodsCategory30Member" priority="0" order="30.0"/>
    <loc xlink:type="locator" xlink:href="../in-gaap-2012-03-31.xsd#in-gaap_FinishedGoodsCategory31Member" xlink:label="FinishedGoodsCategory31Member"/>
    <definitionArc xlink:type="arc" xlink:arcrole="http://xbrl.org/int/dim/arcrole/domain-member" xlink:from="ManufacturedGoodsMember" xlink:to="FinishedGoodsCategory31Member" priority="0" order="31.0"/>
    <loc xlink:type="locator" xlink:href="../in-gaap-2012-03-31.xsd#in-gaap_FinishedGoodsCategory32Member" xlink:label="FinishedGoodsCategory32Member"/>
    <definitionArc xlink:type="arc" xlink:arcrole="http://xbrl.org/int/dim/arcrole/domain-member" xlink:from="ManufacturedGoodsMember" xlink:to="FinishedGoodsCategory32Member" priority="0" order="32.0"/>
    <loc xlink:type="locator" xlink:href="../in-gaap-2012-03-31.xsd#in-gaap_FinishedGoodsCategory33Member" xlink:label="FinishedGoodsCategory33Member"/>
    <definitionArc xlink:type="arc" xlink:arcrole="http://xbrl.org/int/dim/arcrole/domain-member" xlink:from="ManufacturedGoodsMember" xlink:to="FinishedGoodsCategory33Member" priority="0" order="33.0"/>
    <loc xlink:type="locator" xlink:href="../in-gaap-2012-03-31.xsd#in-gaap_FinishedGoodsCategory34Member" xlink:label="FinishedGoodsCategory34Member"/>
    <definitionArc xlink:type="arc" xlink:arcrole="http://xbrl.org/int/dim/arcrole/domain-member" xlink:from="ManufacturedGoodsMember" xlink:to="FinishedGoodsCategory34Member" priority="0" order="34.0"/>
    <loc xlink:type="locator" xlink:href="../in-gaap-2012-03-31.xsd#in-gaap_FinishedGoodsCategory35Member" xlink:label="FinishedGoodsCategory35Member"/>
    <definitionArc xlink:type="arc" xlink:arcrole="http://xbrl.org/int/dim/arcrole/domain-member" xlink:from="ManufacturedGoodsMember" xlink:to="FinishedGoodsCategory35Member" priority="0" order="35.0"/>
    <loc xlink:type="locator" xlink:href="../in-gaap-2012-03-31.xsd#in-gaap_FinishedGoodsCategory36Member" xlink:label="FinishedGoodsCategory36Member"/>
    <definitionArc xlink:type="arc" xlink:arcrole="http://xbrl.org/int/dim/arcrole/domain-member" xlink:from="ManufacturedGoodsMember" xlink:to="FinishedGoodsCategory36Member" priority="0" order="36.0"/>
    <loc xlink:type="locator" xlink:href="../in-gaap-2012-03-31.xsd#in-gaap_FinishedGoodsCategory37Member" xlink:label="FinishedGoodsCategory37Member"/>
    <definitionArc xlink:type="arc" xlink:arcrole="http://xbrl.org/int/dim/arcrole/domain-member" xlink:from="ManufacturedGoodsMember" xlink:to="FinishedGoodsCategory37Member" priority="0" order="37.0"/>
    <loc xlink:type="locator" xlink:href="../in-gaap-2012-03-31.xsd#in-gaap_FinishedGoodsCategory38Member" xlink:label="FinishedGoodsCategory38Member"/>
    <definitionArc xlink:type="arc" xlink:arcrole="http://xbrl.org/int/dim/arcrole/domain-member" xlink:from="ManufacturedGoodsMember" xlink:to="FinishedGoodsCategory38Member" priority="0" order="38.0"/>
    <loc xlink:type="locator" xlink:href="../in-gaap-2012-03-31.xsd#in-gaap_FinishedGoodsCategory39Member" xlink:label="FinishedGoodsCategory39Member"/>
    <definitionArc xlink:type="arc" xlink:arcrole="http://xbrl.org/int/dim/arcrole/domain-member" xlink:from="ManufacturedGoodsMember" xlink:to="FinishedGoodsCategory39Member" priority="0" order="39.0"/>
    <loc xlink:type="locator" xlink:href="../in-gaap-2012-03-31.xsd#in-gaap_FinishedGoodsCategory40Member" xlink:label="FinishedGoodsCategory40Member"/>
    <definitionArc xlink:type="arc" xlink:arcrole="http://xbrl.org/int/dim/arcrole/domain-member" xlink:from="ManufacturedGoodsMember" xlink:to="FinishedGoodsCategory40Member" priority="0" order="40.0"/>
    <loc xlink:type="locator" xlink:href="../in-gaap-2012-03-31.xsd#in-gaap_FinishedGoodsCategory41Member" xlink:label="FinishedGoodsCategory41Member"/>
    <definitionArc xlink:type="arc" xlink:arcrole="http://xbrl.org/int/dim/arcrole/domain-member" xlink:from="ManufacturedGoodsMember" xlink:to="FinishedGoodsCategory41Member" priority="0" order="41.0"/>
    <loc xlink:type="locator" xlink:href="../in-gaap-2012-03-31.xsd#in-gaap_FinishedGoodsCategory42Member" xlink:label="FinishedGoodsCategory42Member"/>
    <definitionArc xlink:type="arc" xlink:arcrole="http://xbrl.org/int/dim/arcrole/domain-member" xlink:from="ManufacturedGoodsMember" xlink:to="FinishedGoodsCategory42Member" priority="0" order="42.0"/>
    <loc xlink:type="locator" xlink:href="../in-gaap-2012-03-31.xsd#in-gaap_FinishedGoodsCategory43Member" xlink:label="FinishedGoodsCategory43Member"/>
    <definitionArc xlink:type="arc" xlink:arcrole="http://xbrl.org/int/dim/arcrole/domain-member" xlink:from="ManufacturedGoodsMember" xlink:to="FinishedGoodsCategory43Member" priority="0" order="43.0"/>
    <loc xlink:type="locator" xlink:href="../in-gaap-2012-03-31.xsd#in-gaap_FinishedGoodsCategory44Member" xlink:label="FinishedGoodsCategory44Member"/>
    <definitionArc xlink:type="arc" xlink:arcrole="http://xbrl.org/int/dim/arcrole/domain-member" xlink:from="ManufacturedGoodsMember" xlink:to="FinishedGoodsCategory44Member" priority="0" order="44.0"/>
    <loc xlink:type="locator" xlink:href="../in-gaap-2012-03-31.xsd#in-gaap_FinishedGoodsCategory45Member" xlink:label="FinishedGoodsCategory45Member"/>
    <definitionArc xlink:type="arc" xlink:arcrole="http://xbrl.org/int/dim/arcrole/domain-member" xlink:from="ManufacturedGoodsMember" xlink:to="FinishedGoodsCategory45Member" priority="0" order="45.0"/>
    <loc xlink:type="locator" xlink:href="../in-gaap-2012-03-31.xsd#in-gaap_FinishedGoodsCategory46Member" xlink:label="FinishedGoodsCategory46Member"/>
    <definitionArc xlink:type="arc" xlink:arcrole="http://xbrl.org/int/dim/arcrole/domain-member" xlink:from="ManufacturedGoodsMember" xlink:to="FinishedGoodsCategory46Member" priority="0" order="46.0"/>
    <loc xlink:type="locator" xlink:href="../in-gaap-2012-03-31.xsd#in-gaap_FinishedGoodsCategory47Member" xlink:label="FinishedGoodsCategory47Member"/>
    <definitionArc xlink:type="arc" xlink:arcrole="http://xbrl.org/int/dim/arcrole/domain-member" xlink:from="ManufacturedGoodsMember" xlink:to="FinishedGoodsCategory47Member" priority="0" order="47.0"/>
    <loc xlink:type="locator" xlink:href="../in-gaap-2012-03-31.xsd#in-gaap_FinishedGoodsCategory48Member" xlink:label="FinishedGoodsCategory48Member"/>
    <definitionArc xlink:type="arc" xlink:arcrole="http://xbrl.org/int/dim/arcrole/domain-member" xlink:from="ManufacturedGoodsMember" xlink:to="FinishedGoodsCategory48Member" priority="0" order="48.0"/>
    <loc xlink:type="locator" xlink:href="../in-gaap-2012-03-31.xsd#in-gaap_FinishedGoodsCategory49Member" xlink:label="FinishedGoodsCategory49Member"/>
    <definitionArc xlink:type="arc" xlink:arcrole="http://xbrl.org/int/dim/arcrole/domain-member" xlink:from="ManufacturedGoodsMember" xlink:to="FinishedGoodsCategory49Member" priority="0" order="49.0"/>
    <loc xlink:type="locator" xlink:href="../in-gaap-2012-03-31.xsd#in-gaap_FinishedGoodsCategory50Member" xlink:label="FinishedGoodsCategory50Member"/>
    <definitionArc xlink:type="arc" xlink:arcrole="http://xbrl.org/int/dim/arcrole/domain-member" xlink:from="ManufacturedGoodsMember" xlink:to="FinishedGoodsCategory50Member" priority="0" order="50.0"/>
    <loc xlink:type="locator" xlink:href="../in-gaap-2012-03-31.xsd#in-gaap_TradedGoodsMember" xlink:label="TradedGoodsMember"/>
    <definitionArc xlink:type="arc" xlink:arcrole="http://xbrl.org/int/dim/arcrole/domain-member" xlink:from="ManufacturedAndTradedGoodsMember" xlink:to="TradedGoodsMember" priority="0" order="2.0"/>
    <loc xlink:type="locator" xlink:href="../in-gaap-2012-03-31.xsd#in-gaap_TradedGoodsCategory1Member" xlink:label="TradedGoodsCategory1Member"/>
    <definitionArc xlink:type="arc" xlink:arcrole="http://xbrl.org/int/dim/arcrole/domain-member" xlink:from="TradedGoodsMember" xlink:to="TradedGoodsCategory1Member" priority="0" order="1.0"/>
    <loc xlink:type="locator" xlink:href="../in-gaap-2012-03-31.xsd#in-gaap_TradedGoodsCategory2Member" xlink:label="TradedGoodsCategory2Member"/>
    <definitionArc xlink:type="arc" xlink:arcrole="http://xbrl.org/int/dim/arcrole/domain-member" xlink:from="TradedGoodsMember" xlink:to="TradedGoodsCategory2Member" priority="0" order="2.0"/>
    <loc xlink:type="locator" xlink:href="../in-gaap-2012-03-31.xsd#in-gaap_TradedGoodsCategory3Member" xlink:label="TradedGoodsCategory3Member"/>
    <definitionArc xlink:type="arc" xlink:arcrole="http://xbrl.org/int/dim/arcrole/domain-member" xlink:from="TradedGoodsMember" xlink:to="TradedGoodsCategory3Member" priority="0" order="3.0"/>
    <loc xlink:type="locator" xlink:href="../in-gaap-2012-03-31.xsd#in-gaap_TradedGoodsCategory4Member" xlink:label="TradedGoodsCategory4Member"/>
    <definitionArc xlink:type="arc" xlink:arcrole="http://xbrl.org/int/dim/arcrole/domain-member" xlink:from="TradedGoodsMember" xlink:to="TradedGoodsCategory4Member" priority="0" order="4.0"/>
    <loc xlink:type="locator" xlink:href="../in-gaap-2012-03-31.xsd#in-gaap_TradedGoodsCategory5Member" xlink:label="TradedGoodsCategory5Member"/>
    <definitionArc xlink:type="arc" xlink:arcrole="http://xbrl.org/int/dim/arcrole/domain-member" xlink:from="TradedGoodsMember" xlink:to="TradedGoodsCategory5Member" priority="0" order="5.0"/>
    <loc xlink:type="locator" xlink:href="../in-gaap-2012-03-31.xsd#in-gaap_TradedGoodsCategory6Member" xlink:label="TradedGoodsCategory6Member"/>
    <definitionArc xlink:type="arc" xlink:arcrole="http://xbrl.org/int/dim/arcrole/domain-member" xlink:from="TradedGoodsMember" xlink:to="TradedGoodsCategory6Member" priority="0" order="6.0"/>
    <loc xlink:type="locator" xlink:href="../in-gaap-2012-03-31.xsd#in-gaap_TradedGoodsCategory7Member" xlink:label="TradedGoodsCategory7Member"/>
    <definitionArc xlink:type="arc" xlink:arcrole="http://xbrl.org/int/dim/arcrole/domain-member" xlink:from="TradedGoodsMember" xlink:to="TradedGoodsCategory7Member" priority="0" order="7.0"/>
    <loc xlink:type="locator" xlink:href="../in-gaap-2012-03-31.xsd#in-gaap_TradedGoodsCategory8Member" xlink:label="TradedGoodsCategory8Member"/>
    <definitionArc xlink:type="arc" xlink:arcrole="http://xbrl.org/int/dim/arcrole/domain-member" xlink:from="TradedGoodsMember" xlink:to="TradedGoodsCategory8Member" priority="0" order="8.0"/>
    <loc xlink:type="locator" xlink:href="../in-gaap-2012-03-31.xsd#in-gaap_TradedGoodsCategory9Member" xlink:label="TradedGoodsCategory9Member"/>
    <definitionArc xlink:type="arc" xlink:arcrole="http://xbrl.org/int/dim/arcrole/domain-member" xlink:from="TradedGoodsMember" xlink:to="TradedGoodsCategory9Member" priority="0" order="9.0"/>
    <loc xlink:type="locator" xlink:href="../in-gaap-2012-03-31.xsd#in-gaap_TradedGoodsCategory10Member" xlink:label="TradedGoodsCategory10Member"/>
    <definitionArc xlink:type="arc" xlink:arcrole="http://xbrl.org/int/dim/arcrole/domain-member" xlink:from="TradedGoodsMember" xlink:to="TradedGoodsCategory10Member" priority="0" order="10.0"/>
    <loc xlink:type="locator" xlink:href="../in-gaap-2012-03-31.xsd#in-gaap_TradedGoodsCategory11Member" xlink:label="TradedGoodsCategory11Member"/>
    <definitionArc xlink:type="arc" xlink:arcrole="http://xbrl.org/int/dim/arcrole/domain-member" xlink:from="TradedGoodsMember" xlink:to="TradedGoodsCategory11Member" priority="0" order="11.0"/>
    <loc xlink:type="locator" xlink:href="../in-gaap-2012-03-31.xsd#in-gaap_TradedGoodsCategory12Member" xlink:label="TradedGoodsCategory12Member"/>
    <definitionArc xlink:type="arc" xlink:arcrole="http://xbrl.org/int/dim/arcrole/domain-member" xlink:from="TradedGoodsMember" xlink:to="TradedGoodsCategory12Member" priority="0" order="12.0"/>
    <loc xlink:type="locator" xlink:href="../in-gaap-2012-03-31.xsd#in-gaap_TradedGoodsCategory13Member" xlink:label="TradedGoodsCategory13Member"/>
    <definitionArc xlink:type="arc" xlink:arcrole="http://xbrl.org/int/dim/arcrole/domain-member" xlink:from="TradedGoodsMember" xlink:to="TradedGoodsCategory13Member" priority="0" order="13.0"/>
    <loc xlink:type="locator" xlink:href="../in-gaap-2012-03-31.xsd#in-gaap_TradedGoodsCategory14Member" xlink:label="TradedGoodsCategory14Member"/>
    <definitionArc xlink:type="arc" xlink:arcrole="http://xbrl.org/int/dim/arcrole/domain-member" xlink:from="TradedGoodsMember" xlink:to="TradedGoodsCategory14Member" priority="0" order="14.0"/>
    <loc xlink:type="locator" xlink:href="../in-gaap-2012-03-31.xsd#in-gaap_TradedGoodsCategory15Member" xlink:label="TradedGoodsCategory15Member"/>
    <definitionArc xlink:type="arc" xlink:arcrole="http://xbrl.org/int/dim/arcrole/domain-member" xlink:from="TradedGoodsMember" xlink:to="TradedGoodsCategory15Member" priority="0" order="15.0"/>
    <loc xlink:type="locator" xlink:href="../in-gaap-2012-03-31.xsd#in-gaap_TradedGoodsCategory16Member" xlink:label="TradedGoodsCategory16Member"/>
    <definitionArc xlink:type="arc" xlink:arcrole="http://xbrl.org/int/dim/arcrole/domain-member" xlink:from="TradedGoodsMember" xlink:to="TradedGoodsCategory16Member" priority="0" order="16.0"/>
    <loc xlink:type="locator" xlink:href="../in-gaap-2012-03-31.xsd#in-gaap_TradedGoodsCategory17Member" xlink:label="TradedGoodsCategory17Member"/>
    <definitionArc xlink:type="arc" xlink:arcrole="http://xbrl.org/int/dim/arcrole/domain-member" xlink:from="TradedGoodsMember" xlink:to="TradedGoodsCategory17Member" priority="0" order="17.0"/>
    <loc xlink:type="locator" xlink:href="../in-gaap-2012-03-31.xsd#in-gaap_TradedGoodsCategory18Member" xlink:label="TradedGoodsCategory18Member"/>
    <definitionArc xlink:type="arc" xlink:arcrole="http://xbrl.org/int/dim/arcrole/domain-member" xlink:from="TradedGoodsMember" xlink:to="TradedGoodsCategory18Member" priority="0" order="18.0"/>
    <loc xlink:type="locator" xlink:href="../in-gaap-2012-03-31.xsd#in-gaap_TradedGoodsCategory19Member" xlink:label="TradedGoodsCategory19Member"/>
    <definitionArc xlink:type="arc" xlink:arcrole="http://xbrl.org/int/dim/arcrole/domain-member" xlink:from="TradedGoodsMember" xlink:to="TradedGoodsCategory19Member" priority="0" order="19.0"/>
    <loc xlink:type="locator" xlink:href="../in-gaap-2012-03-31.xsd#in-gaap_TradedGoodsCategory20Member" xlink:label="TradedGoodsCategory20Member"/>
    <definitionArc xlink:type="arc" xlink:arcrole="http://xbrl.org/int/dim/arcrole/domain-member" xlink:from="TradedGoodsMember" xlink:to="TradedGoodsCategory20Member" priority="0" order="20.0"/>
    <loc xlink:type="locator" xlink:href="../in-gaap-2012-03-31.xsd#in-gaap_TradedGoodsCategory21Member" xlink:label="TradedGoodsCategory21Member"/>
    <definitionArc xlink:type="arc" xlink:arcrole="http://xbrl.org/int/dim/arcrole/domain-member" xlink:from="TradedGoodsMember" xlink:to="TradedGoodsCategory21Member" priority="0" order="21.0"/>
    <loc xlink:type="locator" xlink:href="../in-gaap-2012-03-31.xsd#in-gaap_TradedGoodsCategory22Member" xlink:label="TradedGoodsCategory22Member"/>
    <definitionArc xlink:type="arc" xlink:arcrole="http://xbrl.org/int/dim/arcrole/domain-member" xlink:from="TradedGoodsMember" xlink:to="TradedGoodsCategory22Member" priority="0" order="22.0"/>
    <loc xlink:type="locator" xlink:href="../in-gaap-2012-03-31.xsd#in-gaap_TradedGoodsCategory23Member" xlink:label="TradedGoodsCategory23Member"/>
    <definitionArc xlink:type="arc" xlink:arcrole="http://xbrl.org/int/dim/arcrole/domain-member" xlink:from="TradedGoodsMember" xlink:to="TradedGoodsCategory23Member" priority="0" order="23.0"/>
    <loc xlink:type="locator" xlink:href="../in-gaap-2012-03-31.xsd#in-gaap_TradedGoodsCategory24Member" xlink:label="TradedGoodsCategory24Member"/>
    <definitionArc xlink:type="arc" xlink:arcrole="http://xbrl.org/int/dim/arcrole/domain-member" xlink:from="TradedGoodsMember" xlink:to="TradedGoodsCategory24Member" priority="0" order="24.0"/>
    <loc xlink:type="locator" xlink:href="../in-gaap-2012-03-31.xsd#in-gaap_TradedGoodsCategory25Member" xlink:label="TradedGoodsCategory25Member"/>
    <definitionArc xlink:type="arc" xlink:arcrole="http://xbrl.org/int/dim/arcrole/domain-member" xlink:from="TradedGoodsMember" xlink:to="TradedGoodsCategory25Member" priority="0" order="25.0"/>
    <loc xlink:type="locator" xlink:href="../in-gaap-2012-03-31.xsd#in-gaap_TradedGoodsCategory26Member" xlink:label="TradedGoodsCategory26Member"/>
    <definitionArc xlink:type="arc" xlink:arcrole="http://xbrl.org/int/dim/arcrole/domain-member" xlink:from="TradedGoodsMember" xlink:to="TradedGoodsCategory26Member" priority="0" order="26.0"/>
    <loc xlink:type="locator" xlink:href="../in-gaap-2012-03-31.xsd#in-gaap_TradedGoodsCategory27Member" xlink:label="TradedGoodsCategory27Member"/>
    <definitionArc xlink:type="arc" xlink:arcrole="http://xbrl.org/int/dim/arcrole/domain-member" xlink:from="TradedGoodsMember" xlink:to="TradedGoodsCategory27Member" priority="0" order="27.0"/>
    <loc xlink:type="locator" xlink:href="../in-gaap-2012-03-31.xsd#in-gaap_TradedGoodsCategory28Member" xlink:label="TradedGoodsCategory28Member"/>
    <definitionArc xlink:type="arc" xlink:arcrole="http://xbrl.org/int/dim/arcrole/domain-member" xlink:from="TradedGoodsMember" xlink:to="TradedGoodsCategory28Member" priority="0" order="28.0"/>
    <loc xlink:type="locator" xlink:href="../in-gaap-2012-03-31.xsd#in-gaap_TradedGoodsCategory29Member" xlink:label="TradedGoodsCategory29Member"/>
    <definitionArc xlink:type="arc" xlink:arcrole="http://xbrl.org/int/dim/arcrole/domain-member" xlink:from="TradedGoodsMember" xlink:to="TradedGoodsCategory29Member" priority="0" order="29.0"/>
    <loc xlink:type="locator" xlink:href="../in-gaap-2012-03-31.xsd#in-gaap_TradedGoodsCategory30Member" xlink:label="TradedGoodsCategory30Member"/>
    <definitionArc xlink:type="arc" xlink:arcrole="http://xbrl.org/int/dim/arcrole/domain-member" xlink:from="TradedGoodsMember" xlink:to="TradedGoodsCategory30Member" priority="0" order="30.0"/>
    <loc xlink:type="locator" xlink:href="../in-gaap-2012-03-31.xsd#in-gaap_TradedGoodsCategory31Member" xlink:label="TradedGoodsCategory31Member"/>
    <definitionArc xlink:type="arc" xlink:arcrole="http://xbrl.org/int/dim/arcrole/domain-member" xlink:from="TradedGoodsMember" xlink:to="TradedGoodsCategory31Member" priority="0" order="31.0"/>
    <loc xlink:type="locator" xlink:href="../in-gaap-2012-03-31.xsd#in-gaap_TradedGoodsCategory32Member" xlink:label="TradedGoodsCategory32Member"/>
    <definitionArc xlink:type="arc" xlink:arcrole="http://xbrl.org/int/dim/arcrole/domain-member" xlink:from="TradedGoodsMember" xlink:to="TradedGoodsCategory32Member" priority="0" order="32.0"/>
    <loc xlink:type="locator" xlink:href="../in-gaap-2012-03-31.xsd#in-gaap_TradedGoodsCategory33Member" xlink:label="TradedGoodsCategory33Member"/>
    <definitionArc xlink:type="arc" xlink:arcrole="http://xbrl.org/int/dim/arcrole/domain-member" xlink:from="TradedGoodsMember" xlink:to="TradedGoodsCategory33Member" priority="0" order="33.0"/>
    <loc xlink:type="locator" xlink:href="../in-gaap-2012-03-31.xsd#in-gaap_TradedGoodsCategory34Member" xlink:label="TradedGoodsCategory34Member"/>
    <definitionArc xlink:type="arc" xlink:arcrole="http://xbrl.org/int/dim/arcrole/domain-member" xlink:from="TradedGoodsMember" xlink:to="TradedGoodsCategory34Member" priority="0" order="34.0"/>
    <loc xlink:type="locator" xlink:href="../in-gaap-2012-03-31.xsd#in-gaap_TradedGoodsCategory35Member" xlink:label="TradedGoodsCategory35Member"/>
    <definitionArc xlink:type="arc" xlink:arcrole="http://xbrl.org/int/dim/arcrole/domain-member" xlink:from="TradedGoodsMember" xlink:to="TradedGoodsCategory35Member" priority="0" order="35.0"/>
    <loc xlink:type="locator" xlink:href="../in-gaap-2012-03-31.xsd#in-gaap_TradedGoodsCategory36Member" xlink:label="TradedGoodsCategory36Member"/>
    <definitionArc xlink:type="arc" xlink:arcrole="http://xbrl.org/int/dim/arcrole/domain-member" xlink:from="TradedGoodsMember" xlink:to="TradedGoodsCategory36Member" priority="0" order="36.0"/>
    <loc xlink:type="locator" xlink:href="../in-gaap-2012-03-31.xsd#in-gaap_TradedGoodsCategory37Member" xlink:label="TradedGoodsCategory37Member"/>
    <definitionArc xlink:type="arc" xlink:arcrole="http://xbrl.org/int/dim/arcrole/domain-member" xlink:from="TradedGoodsMember" xlink:to="TradedGoodsCategory37Member" priority="0" order="37.0"/>
    <loc xlink:type="locator" xlink:href="../in-gaap-2012-03-31.xsd#in-gaap_TradedGoodsCategory38Member" xlink:label="TradedGoodsCategory38Member"/>
    <definitionArc xlink:type="arc" xlink:arcrole="http://xbrl.org/int/dim/arcrole/domain-member" xlink:from="TradedGoodsMember" xlink:to="TradedGoodsCategory38Member" priority="0" order="38.0"/>
    <loc xlink:type="locator" xlink:href="../in-gaap-2012-03-31.xsd#in-gaap_TradedGoodsCategory39Member" xlink:label="TradedGoodsCategory39Member"/>
    <definitionArc xlink:type="arc" xlink:arcrole="http://xbrl.org/int/dim/arcrole/domain-member" xlink:from="TradedGoodsMember" xlink:to="TradedGoodsCategory39Member" priority="0" order="39.0"/>
    <loc xlink:type="locator" xlink:href="../in-gaap-2012-03-31.xsd#in-gaap_TradedGoodsCategory40Member" xlink:label="TradedGoodsCategory40Member"/>
    <definitionArc xlink:type="arc" xlink:arcrole="http://xbrl.org/int/dim/arcrole/domain-member" xlink:from="TradedGoodsMember" xlink:to="TradedGoodsCategory40Member" priority="0" order="40.0"/>
    <loc xlink:type="locator" xlink:href="../in-gaap-2012-03-31.xsd#in-gaap_TradedGoodsCategory41Member" xlink:label="TradedGoodsCategory41Member"/>
    <definitionArc xlink:type="arc" xlink:arcrole="http://xbrl.org/int/dim/arcrole/domain-member" xlink:from="TradedGoodsMember" xlink:to="TradedGoodsCategory41Member" priority="0" order="41.0"/>
    <loc xlink:type="locator" xlink:href="../in-gaap-2012-03-31.xsd#in-gaap_TradedGoodsCategory42Member" xlink:label="TradedGoodsCategory42Member"/>
    <definitionArc xlink:type="arc" xlink:arcrole="http://xbrl.org/int/dim/arcrole/domain-member" xlink:from="TradedGoodsMember" xlink:to="TradedGoodsCategory42Member" priority="0" order="42.0"/>
    <loc xlink:type="locator" xlink:href="../in-gaap-2012-03-31.xsd#in-gaap_TradedGoodsCategory43Member" xlink:label="TradedGoodsCategory43Member"/>
    <definitionArc xlink:type="arc" xlink:arcrole="http://xbrl.org/int/dim/arcrole/domain-member" xlink:from="TradedGoodsMember" xlink:to="TradedGoodsCategory43Member" priority="0" order="43.0"/>
    <loc xlink:type="locator" xlink:href="../in-gaap-2012-03-31.xsd#in-gaap_TradedGoodsCategory44Member" xlink:label="TradedGoodsCategory44Member"/>
    <definitionArc xlink:type="arc" xlink:arcrole="http://xbrl.org/int/dim/arcrole/domain-member" xlink:from="TradedGoodsMember" xlink:to="TradedGoodsCategory44Member" priority="0" order="44.0"/>
    <loc xlink:type="locator" xlink:href="../in-gaap-2012-03-31.xsd#in-gaap_TradedGoodsCategory45Member" xlink:label="TradedGoodsCategory45Member"/>
    <definitionArc xlink:type="arc" xlink:arcrole="http://xbrl.org/int/dim/arcrole/domain-member" xlink:from="TradedGoodsMember" xlink:to="TradedGoodsCategory45Member" priority="0" order="45.0"/>
    <loc xlink:type="locator" xlink:href="../in-gaap-2012-03-31.xsd#in-gaap_TradedGoodsCategory46Member" xlink:label="TradedGoodsCategory46Member"/>
    <definitionArc xlink:type="arc" xlink:arcrole="http://xbrl.org/int/dim/arcrole/domain-member" xlink:from="TradedGoodsMember" xlink:to="TradedGoodsCategory46Member" priority="0" order="46.0"/>
    <loc xlink:type="locator" xlink:href="../in-gaap-2012-03-31.xsd#in-gaap_TradedGoodsCategory47Member" xlink:label="TradedGoodsCategory47Member"/>
    <definitionArc xlink:type="arc" xlink:arcrole="http://xbrl.org/int/dim/arcrole/domain-member" xlink:from="TradedGoodsMember" xlink:to="TradedGoodsCategory47Member" priority="0" order="47.0"/>
    <loc xlink:type="locator" xlink:href="../in-gaap-2012-03-31.xsd#in-gaap_TradedGoodsCategory48Member" xlink:label="TradedGoodsCategory48Member"/>
    <definitionArc xlink:type="arc" xlink:arcrole="http://xbrl.org/int/dim/arcrole/domain-member" xlink:from="TradedGoodsMember" xlink:to="TradedGoodsCategory48Member" priority="0" order="48.0"/>
    <loc xlink:type="locator" xlink:href="../in-gaap-2012-03-31.xsd#in-gaap_TradedGoodsCategory49Member" xlink:label="TradedGoodsCategory49Member"/>
    <definitionArc xlink:type="arc" xlink:arcrole="http://xbrl.org/int/dim/arcrole/domain-member" xlink:from="TradedGoodsMember" xlink:to="TradedGoodsCategory49Member" priority="0" order="49.0"/>
    <loc xlink:type="locator" xlink:href="../in-gaap-2012-03-31.xsd#in-gaap_TradedGoodsCategory50Member" xlink:label="TradedGoodsCategory50Member"/>
    <definitionArc xlink:type="arc" xlink:arcrole="http://xbrl.org/int/dim/arcrole/domain-member" xlink:from="TradedGoodsMember" xlink:to="TradedGoodsCategory50Member" priority="0" order="50.0"/>
    <loc xlink:type="locator" xlink:href="../in-gaap-2012-03-31.xsd#in-gaap_DetailsOfFinishedGoodsLineItems" xlink:label="DetailsOfFinishedGoodsLineItems"/>
    <definitionArc xlink:type="arc" xlink:arcrole="http://xbrl.org/int/dim/arcrole/domain-member" xlink:from="DetailsOfManufacturedAndTradedGoodsAbstract" xlink:to="DetailsOfFinishedGoodsLineItems" priority="0" order="2.0"/>
    <loc xlink:type="locator" xlink:href="../in-gaap-2012-03-31.xsd#in-gaap_AmountOfSales" xlink:label="AmountOfSales"/>
    <definitionArc xlink:type="arc" xlink:arcrole="http://xbrl.org/int/dim/arcrole/domain-member" xlink:from="DetailsOfFinishedGoodsLineItems" xlink:to="AmountOfSales" priority="0" order="1.0"/>
    <loc xlink:type="locator" xlink:href="../in-gaap-2012-03-31.xsd#in-gaap_AmountOfClosingInventory" xlink:label="AmountOfClosingInventory"/>
    <definitionArc xlink:type="arc" xlink:arcrole="http://xbrl.org/int/dim/arcrole/domain-member" xlink:from="DetailsOfFinishedGoodsLineItems" xlink:to="AmountOfClosingInventory" priority="0" order="2.0"/>
    <loc xlink:type="locator" xlink:href="../in-gaap-2012-03-31.xsd#in-gaap_AmountOfOpeningInventory" xlink:label="AmountOfOpeningInventory"/>
    <definitionArc xlink:type="arc" xlink:arcrole="http://xbrl.org/int/dim/arcrole/domain-member" xlink:from="DetailsOfFinishedGoodsLineItems" xlink:to="AmountOfOpeningInventory" priority="0" order="3.0"/>
  </definitionLink>
  <definitionLink xlink:type="extended" xlink:role="http://www.icai.org/xbrl/taxonomy/role/in-gaap/NotesAdditionalInformationStatementOfProfitAndLoss1">
    <loc xlink:type="locator" xlink:href="../in-gaap-2012-03-31.xsd#in-gaap_TradedGoodsMember" xlink:label="TradedGoodsMember"/>
    <loc xlink:type="locator" xlink:href="../in-gaap-2012-03-31.xsd#in-gaap_TradedGoodsCategory1Member" xlink:label="TradedGoodsCategory1Member"/>
    <definitionArc xlink:type="arc" xlink:arcrole="http://xbrl.org/int/dim/arcrole/domain-member" xlink:from="TradedGoodsMember" xlink:to="TradedGoodsCategory1Member" priority="0" order="1.0"/>
    <loc xlink:type="locator" xlink:href="../in-gaap-2012-03-31.xsd#in-gaap_TradedGoodsCategory2Member" xlink:label="TradedGoodsCategory2Member"/>
    <definitionArc xlink:type="arc" xlink:arcrole="http://xbrl.org/int/dim/arcrole/domain-member" xlink:from="TradedGoodsMember" xlink:to="TradedGoodsCategory2Member" priority="0" order="2.0"/>
    <loc xlink:type="locator" xlink:href="../in-gaap-2012-03-31.xsd#in-gaap_TradedGoodsCategory3Member" xlink:label="TradedGoodsCategory3Member"/>
    <definitionArc xlink:type="arc" xlink:arcrole="http://xbrl.org/int/dim/arcrole/domain-member" xlink:from="TradedGoodsMember" xlink:to="TradedGoodsCategory3Member" priority="0" order="3.0"/>
    <loc xlink:type="locator" xlink:href="../in-gaap-2012-03-31.xsd#in-gaap_TradedGoodsCategory4Member" xlink:label="TradedGoodsCategory4Member"/>
    <definitionArc xlink:type="arc" xlink:arcrole="http://xbrl.org/int/dim/arcrole/domain-member" xlink:from="TradedGoodsMember" xlink:to="TradedGoodsCategory4Member" priority="0" order="4.0"/>
    <loc xlink:type="locator" xlink:href="../in-gaap-2012-03-31.xsd#in-gaap_TradedGoodsCategory5Member" xlink:label="TradedGoodsCategory5Member"/>
    <definitionArc xlink:type="arc" xlink:arcrole="http://xbrl.org/int/dim/arcrole/domain-member" xlink:from="TradedGoodsMember" xlink:to="TradedGoodsCategory5Member" priority="0" order="5.0"/>
    <loc xlink:type="locator" xlink:href="../in-gaap-2012-03-31.xsd#in-gaap_TradedGoodsCategory6Member" xlink:label="TradedGoodsCategory6Member"/>
    <definitionArc xlink:type="arc" xlink:arcrole="http://xbrl.org/int/dim/arcrole/domain-member" xlink:from="TradedGoodsMember" xlink:to="TradedGoodsCategory6Member" priority="0" order="6.0"/>
    <loc xlink:type="locator" xlink:href="../in-gaap-2012-03-31.xsd#in-gaap_TradedGoodsCategory7Member" xlink:label="TradedGoodsCategory7Member"/>
    <definitionArc xlink:type="arc" xlink:arcrole="http://xbrl.org/int/dim/arcrole/domain-member" xlink:from="TradedGoodsMember" xlink:to="TradedGoodsCategory7Member" priority="0" order="7.0"/>
    <loc xlink:type="locator" xlink:href="../in-gaap-2012-03-31.xsd#in-gaap_TradedGoodsCategory8Member" xlink:label="TradedGoodsCategory8Member"/>
    <definitionArc xlink:type="arc" xlink:arcrole="http://xbrl.org/int/dim/arcrole/domain-member" xlink:from="TradedGoodsMember" xlink:to="TradedGoodsCategory8Member" priority="0" order="8.0"/>
    <loc xlink:type="locator" xlink:href="../in-gaap-2012-03-31.xsd#in-gaap_TradedGoodsCategory9Member" xlink:label="TradedGoodsCategory9Member"/>
    <definitionArc xlink:type="arc" xlink:arcrole="http://xbrl.org/int/dim/arcrole/domain-member" xlink:from="TradedGoodsMember" xlink:to="TradedGoodsCategory9Member" priority="0" order="9.0"/>
    <loc xlink:type="locator" xlink:href="../in-gaap-2012-03-31.xsd#in-gaap_TradedGoodsCategory10Member" xlink:label="TradedGoodsCategory10Member"/>
    <definitionArc xlink:type="arc" xlink:arcrole="http://xbrl.org/int/dim/arcrole/domain-member" xlink:from="TradedGoodsMember" xlink:to="TradedGoodsCategory10Member" priority="0" order="10.0"/>
    <loc xlink:type="locator" xlink:href="../in-gaap-2012-03-31.xsd#in-gaap_TradedGoodsCategory11Member" xlink:label="TradedGoodsCategory11Member"/>
    <definitionArc xlink:type="arc" xlink:arcrole="http://xbrl.org/int/dim/arcrole/domain-member" xlink:from="TradedGoodsMember" xlink:to="TradedGoodsCategory11Member" priority="0" order="11.0"/>
    <loc xlink:type="locator" xlink:href="../in-gaap-2012-03-31.xsd#in-gaap_TradedGoodsCategory12Member" xlink:label="TradedGoodsCategory12Member"/>
    <definitionArc xlink:type="arc" xlink:arcrole="http://xbrl.org/int/dim/arcrole/domain-member" xlink:from="TradedGoodsMember" xlink:to="TradedGoodsCategory12Member" priority="0" order="12.0"/>
    <loc xlink:type="locator" xlink:href="../in-gaap-2012-03-31.xsd#in-gaap_TradedGoodsCategory13Member" xlink:label="TradedGoodsCategory13Member"/>
    <definitionArc xlink:type="arc" xlink:arcrole="http://xbrl.org/int/dim/arcrole/domain-member" xlink:from="TradedGoodsMember" xlink:to="TradedGoodsCategory13Member" priority="0" order="13.0"/>
    <loc xlink:type="locator" xlink:href="../in-gaap-2012-03-31.xsd#in-gaap_TradedGoodsCategory14Member" xlink:label="TradedGoodsCategory14Member"/>
    <definitionArc xlink:type="arc" xlink:arcrole="http://xbrl.org/int/dim/arcrole/domain-member" xlink:from="TradedGoodsMember" xlink:to="TradedGoodsCategory14Member" priority="0" order="14.0"/>
    <loc xlink:type="locator" xlink:href="../in-gaap-2012-03-31.xsd#in-gaap_TradedGoodsCategory15Member" xlink:label="TradedGoodsCategory15Member"/>
    <definitionArc xlink:type="arc" xlink:arcrole="http://xbrl.org/int/dim/arcrole/domain-member" xlink:from="TradedGoodsMember" xlink:to="TradedGoodsCategory15Member" priority="0" order="15.0"/>
    <loc xlink:type="locator" xlink:href="../in-gaap-2012-03-31.xsd#in-gaap_TradedGoodsCategory16Member" xlink:label="TradedGoodsCategory16Member"/>
    <definitionArc xlink:type="arc" xlink:arcrole="http://xbrl.org/int/dim/arcrole/domain-member" xlink:from="TradedGoodsMember" xlink:to="TradedGoodsCategory16Member" priority="0" order="16.0"/>
    <loc xlink:type="locator" xlink:href="../in-gaap-2012-03-31.xsd#in-gaap_TradedGoodsCategory17Member" xlink:label="TradedGoodsCategory17Member"/>
    <definitionArc xlink:type="arc" xlink:arcrole="http://xbrl.org/int/dim/arcrole/domain-member" xlink:from="TradedGoodsMember" xlink:to="TradedGoodsCategory17Member" priority="0" order="17.0"/>
    <loc xlink:type="locator" xlink:href="../in-gaap-2012-03-31.xsd#in-gaap_TradedGoodsCategory18Member" xlink:label="TradedGoodsCategory18Member"/>
    <definitionArc xlink:type="arc" xlink:arcrole="http://xbrl.org/int/dim/arcrole/domain-member" xlink:from="TradedGoodsMember" xlink:to="TradedGoodsCategory18Member" priority="0" order="18.0"/>
    <loc xlink:type="locator" xlink:href="../in-gaap-2012-03-31.xsd#in-gaap_TradedGoodsCategory19Member" xlink:label="TradedGoodsCategory19Member"/>
    <definitionArc xlink:type="arc" xlink:arcrole="http://xbrl.org/int/dim/arcrole/domain-member" xlink:from="TradedGoodsMember" xlink:to="TradedGoodsCategory19Member" priority="0" order="19.0"/>
    <loc xlink:type="locator" xlink:href="../in-gaap-2012-03-31.xsd#in-gaap_TradedGoodsCategory20Member" xlink:label="TradedGoodsCategory20Member"/>
    <definitionArc xlink:type="arc" xlink:arcrole="http://xbrl.org/int/dim/arcrole/domain-member" xlink:from="TradedGoodsMember" xlink:to="TradedGoodsCategory20Member" priority="0" order="20.0"/>
    <loc xlink:type="locator" xlink:href="../in-gaap-2012-03-31.xsd#in-gaap_TradedGoodsCategory21Member" xlink:label="TradedGoodsCategory21Member"/>
    <definitionArc xlink:type="arc" xlink:arcrole="http://xbrl.org/int/dim/arcrole/domain-member" xlink:from="TradedGoodsMember" xlink:to="TradedGoodsCategory21Member" priority="0" order="21.0"/>
    <loc xlink:type="locator" xlink:href="../in-gaap-2012-03-31.xsd#in-gaap_TradedGoodsCategory22Member" xlink:label="TradedGoodsCategory22Member"/>
    <definitionArc xlink:type="arc" xlink:arcrole="http://xbrl.org/int/dim/arcrole/domain-member" xlink:from="TradedGoodsMember" xlink:to="TradedGoodsCategory22Member" priority="0" order="22.0"/>
    <loc xlink:type="locator" xlink:href="../in-gaap-2012-03-31.xsd#in-gaap_TradedGoodsCategory23Member" xlink:label="TradedGoodsCategory23Member"/>
    <definitionArc xlink:type="arc" xlink:arcrole="http://xbrl.org/int/dim/arcrole/domain-member" xlink:from="TradedGoodsMember" xlink:to="TradedGoodsCategory23Member" priority="0" order="23.0"/>
    <loc xlink:type="locator" xlink:href="../in-gaap-2012-03-31.xsd#in-gaap_TradedGoodsCategory24Member" xlink:label="TradedGoodsCategory24Member"/>
    <definitionArc xlink:type="arc" xlink:arcrole="http://xbrl.org/int/dim/arcrole/domain-member" xlink:from="TradedGoodsMember" xlink:to="TradedGoodsCategory24Member" priority="0" order="24.0"/>
    <loc xlink:type="locator" xlink:href="../in-gaap-2012-03-31.xsd#in-gaap_TradedGoodsCategory25Member" xlink:label="TradedGoodsCategory25Member"/>
    <definitionArc xlink:type="arc" xlink:arcrole="http://xbrl.org/int/dim/arcrole/domain-member" xlink:from="TradedGoodsMember" xlink:to="TradedGoodsCategory25Member" priority="0" order="25.0"/>
    <loc xlink:type="locator" xlink:href="../in-gaap-2012-03-31.xsd#in-gaap_TradedGoodsCategory26Member" xlink:label="TradedGoodsCategory26Member"/>
    <definitionArc xlink:type="arc" xlink:arcrole="http://xbrl.org/int/dim/arcrole/domain-member" xlink:from="TradedGoodsMember" xlink:to="TradedGoodsCategory26Member" priority="0" order="26.0"/>
    <loc xlink:type="locator" xlink:href="../in-gaap-2012-03-31.xsd#in-gaap_TradedGoodsCategory27Member" xlink:label="TradedGoodsCategory27Member"/>
    <definitionArc xlink:type="arc" xlink:arcrole="http://xbrl.org/int/dim/arcrole/domain-member" xlink:from="TradedGoodsMember" xlink:to="TradedGoodsCategory27Member" priority="0" order="27.0"/>
    <loc xlink:type="locator" xlink:href="../in-gaap-2012-03-31.xsd#in-gaap_TradedGoodsCategory28Member" xlink:label="TradedGoodsCategory28Member"/>
    <definitionArc xlink:type="arc" xlink:arcrole="http://xbrl.org/int/dim/arcrole/domain-member" xlink:from="TradedGoodsMember" xlink:to="TradedGoodsCategory28Member" priority="0" order="28.0"/>
    <loc xlink:type="locator" xlink:href="../in-gaap-2012-03-31.xsd#in-gaap_TradedGoodsCategory29Member" xlink:label="TradedGoodsCategory29Member"/>
    <definitionArc xlink:type="arc" xlink:arcrole="http://xbrl.org/int/dim/arcrole/domain-member" xlink:from="TradedGoodsMember" xlink:to="TradedGoodsCategory29Member" priority="0" order="29.0"/>
    <loc xlink:type="locator" xlink:href="../in-gaap-2012-03-31.xsd#in-gaap_TradedGoodsCategory30Member" xlink:label="TradedGoodsCategory30Member"/>
    <definitionArc xlink:type="arc" xlink:arcrole="http://xbrl.org/int/dim/arcrole/domain-member" xlink:from="TradedGoodsMember" xlink:to="TradedGoodsCategory30Member" priority="0" order="30.0"/>
    <loc xlink:type="locator" xlink:href="../in-gaap-2012-03-31.xsd#in-gaap_TradedGoodsCategory31Member" xlink:label="TradedGoodsCategory31Member"/>
    <definitionArc xlink:type="arc" xlink:arcrole="http://xbrl.org/int/dim/arcrole/domain-member" xlink:from="TradedGoodsMember" xlink:to="TradedGoodsCategory31Member" priority="0" order="31.0"/>
    <loc xlink:type="locator" xlink:href="../in-gaap-2012-03-31.xsd#in-gaap_TradedGoodsCategory32Member" xlink:label="TradedGoodsCategory32Member"/>
    <definitionArc xlink:type="arc" xlink:arcrole="http://xbrl.org/int/dim/arcrole/domain-member" xlink:from="TradedGoodsMember" xlink:to="TradedGoodsCategory32Member" priority="0" order="32.0"/>
    <loc xlink:type="locator" xlink:href="../in-gaap-2012-03-31.xsd#in-gaap_TradedGoodsCategory33Member" xlink:label="TradedGoodsCategory33Member"/>
    <definitionArc xlink:type="arc" xlink:arcrole="http://xbrl.org/int/dim/arcrole/domain-member" xlink:from="TradedGoodsMember" xlink:to="TradedGoodsCategory33Member" priority="0" order="33.0"/>
    <loc xlink:type="locator" xlink:href="../in-gaap-2012-03-31.xsd#in-gaap_TradedGoodsCategory34Member" xlink:label="TradedGoodsCategory34Member"/>
    <definitionArc xlink:type="arc" xlink:arcrole="http://xbrl.org/int/dim/arcrole/domain-member" xlink:from="TradedGoodsMember" xlink:to="TradedGoodsCategory34Member" priority="0" order="34.0"/>
    <loc xlink:type="locator" xlink:href="../in-gaap-2012-03-31.xsd#in-gaap_TradedGoodsCategory35Member" xlink:label="TradedGoodsCategory35Member"/>
    <definitionArc xlink:type="arc" xlink:arcrole="http://xbrl.org/int/dim/arcrole/domain-member" xlink:from="TradedGoodsMember" xlink:to="TradedGoodsCategory35Member" priority="0" order="35.0"/>
    <loc xlink:type="locator" xlink:href="../in-gaap-2012-03-31.xsd#in-gaap_TradedGoodsCategory36Member" xlink:label="TradedGoodsCategory36Member"/>
    <definitionArc xlink:type="arc" xlink:arcrole="http://xbrl.org/int/dim/arcrole/domain-member" xlink:from="TradedGoodsMember" xlink:to="TradedGoodsCategory36Member" priority="0" order="36.0"/>
    <loc xlink:type="locator" xlink:href="../in-gaap-2012-03-31.xsd#in-gaap_TradedGoodsCategory37Member" xlink:label="TradedGoodsCategory37Member"/>
    <definitionArc xlink:type="arc" xlink:arcrole="http://xbrl.org/int/dim/arcrole/domain-member" xlink:from="TradedGoodsMember" xlink:to="TradedGoodsCategory37Member" priority="0" order="37.0"/>
    <loc xlink:type="locator" xlink:href="../in-gaap-2012-03-31.xsd#in-gaap_TradedGoodsCategory38Member" xlink:label="TradedGoodsCategory38Member"/>
    <definitionArc xlink:type="arc" xlink:arcrole="http://xbrl.org/int/dim/arcrole/domain-member" xlink:from="TradedGoodsMember" xlink:to="TradedGoodsCategory38Member" priority="0" order="38.0"/>
    <loc xlink:type="locator" xlink:href="../in-gaap-2012-03-31.xsd#in-gaap_TradedGoodsCategory39Member" xlink:label="TradedGoodsCategory39Member"/>
    <definitionArc xlink:type="arc" xlink:arcrole="http://xbrl.org/int/dim/arcrole/domain-member" xlink:from="TradedGoodsMember" xlink:to="TradedGoodsCategory39Member" priority="0" order="39.0"/>
    <loc xlink:type="locator" xlink:href="../in-gaap-2012-03-31.xsd#in-gaap_TradedGoodsCategory40Member" xlink:label="TradedGoodsCategory40Member"/>
    <definitionArc xlink:type="arc" xlink:arcrole="http://xbrl.org/int/dim/arcrole/domain-member" xlink:from="TradedGoodsMember" xlink:to="TradedGoodsCategory40Member" priority="0" order="40.0"/>
    <loc xlink:type="locator" xlink:href="../in-gaap-2012-03-31.xsd#in-gaap_TradedGoodsCategory41Member" xlink:label="TradedGoodsCategory41Member"/>
    <definitionArc xlink:type="arc" xlink:arcrole="http://xbrl.org/int/dim/arcrole/domain-member" xlink:from="TradedGoodsMember" xlink:to="TradedGoodsCategory41Member" priority="0" order="41.0"/>
    <loc xlink:type="locator" xlink:href="../in-gaap-2012-03-31.xsd#in-gaap_TradedGoodsCategory42Member" xlink:label="TradedGoodsCategory42Member"/>
    <definitionArc xlink:type="arc" xlink:arcrole="http://xbrl.org/int/dim/arcrole/domain-member" xlink:from="TradedGoodsMember" xlink:to="TradedGoodsCategory42Member" priority="0" order="42.0"/>
    <loc xlink:type="locator" xlink:href="../in-gaap-2012-03-31.xsd#in-gaap_TradedGoodsCategory43Member" xlink:label="TradedGoodsCategory43Member"/>
    <definitionArc xlink:type="arc" xlink:arcrole="http://xbrl.org/int/dim/arcrole/domain-member" xlink:from="TradedGoodsMember" xlink:to="TradedGoodsCategory43Member" priority="0" order="43.0"/>
    <loc xlink:type="locator" xlink:href="../in-gaap-2012-03-31.xsd#in-gaap_TradedGoodsCategory44Member" xlink:label="TradedGoodsCategory44Member"/>
    <definitionArc xlink:type="arc" xlink:arcrole="http://xbrl.org/int/dim/arcrole/domain-member" xlink:from="TradedGoodsMember" xlink:to="TradedGoodsCategory44Member" priority="0" order="44.0"/>
    <loc xlink:type="locator" xlink:href="../in-gaap-2012-03-31.xsd#in-gaap_TradedGoodsCategory45Member" xlink:label="TradedGoodsCategory45Member"/>
    <definitionArc xlink:type="arc" xlink:arcrole="http://xbrl.org/int/dim/arcrole/domain-member" xlink:from="TradedGoodsMember" xlink:to="TradedGoodsCategory45Member" priority="0" order="45.0"/>
    <loc xlink:type="locator" xlink:href="../in-gaap-2012-03-31.xsd#in-gaap_TradedGoodsCategory46Member" xlink:label="TradedGoodsCategory46Member"/>
    <definitionArc xlink:type="arc" xlink:arcrole="http://xbrl.org/int/dim/arcrole/domain-member" xlink:from="TradedGoodsMember" xlink:to="TradedGoodsCategory46Member" priority="0" order="46.0"/>
    <loc xlink:type="locator" xlink:href="../in-gaap-2012-03-31.xsd#in-gaap_TradedGoodsCategory47Member" xlink:label="TradedGoodsCategory47Member"/>
    <definitionArc xlink:type="arc" xlink:arcrole="http://xbrl.org/int/dim/arcrole/domain-member" xlink:from="TradedGoodsMember" xlink:to="TradedGoodsCategory47Member" priority="0" order="47.0"/>
    <loc xlink:type="locator" xlink:href="../in-gaap-2012-03-31.xsd#in-gaap_TradedGoodsCategory48Member" xlink:label="TradedGoodsCategory48Member"/>
    <definitionArc xlink:type="arc" xlink:arcrole="http://xbrl.org/int/dim/arcrole/domain-member" xlink:from="TradedGoodsMember" xlink:to="TradedGoodsCategory48Member" priority="0" order="48.0"/>
    <loc xlink:type="locator" xlink:href="../in-gaap-2012-03-31.xsd#in-gaap_TradedGoodsCategory49Member" xlink:label="TradedGoodsCategory49Member"/>
    <definitionArc xlink:type="arc" xlink:arcrole="http://xbrl.org/int/dim/arcrole/domain-member" xlink:from="TradedGoodsMember" xlink:to="TradedGoodsCategory49Member" priority="0" order="49.0"/>
    <loc xlink:type="locator" xlink:href="../in-gaap-2012-03-31.xsd#in-gaap_TradedGoodsCategory50Member" xlink:label="TradedGoodsCategory50Member"/>
    <definitionArc xlink:type="arc" xlink:arcrole="http://xbrl.org/int/dim/arcrole/domain-member" xlink:from="TradedGoodsMember" xlink:to="TradedGoodsCategory50Member" priority="0" order="50.0"/>
    <loc xlink:type="locator" xlink:href="../in-gaap-2012-03-31.xsd#in-gaap_AdditionalDetailsInCaseOfTradingCompaniesAbstract" xlink:label="AdditionalDetailsInCaseOfTradingCompaniesAbstract"/>
    <loc xlink:type="locator" xlink:href="../in-gaap-2012-03-31.xsd#in-gaap_DetailsOfPurchasesAndSalesOfTradingCompaniesTable" xlink:label="DetailsOfPurchasesAndSalesOfTradingCompaniesTable"/>
    <definitionArc xlink:type="arc" xlink:arcrole="http://xbrl.org/int/dim/arcrole/all" xlink:from="AdditionalDetailsInCaseOfTradingCompaniesAbstract" xlink:to="DetailsOfPurchasesAndSalesOfTradingCompaniesTable" priority="0" order="1.0" xbrldt:contextElement="scenario" xbrldt:closed="true"/>
    <loc xlink:type="locator" xlink:href="../in-gaap-2012-03-31.xsd#in-gaap_CategoriesOfTradedGoodsAxis" xlink:label="CategoriesOfTradedGoodsAxis"/>
    <definitionArc xlink:type="arc" xlink:arcrole="http://xbrl.org/int/dim/arcrole/hypercube-dimension" xlink:from="DetailsOfPurchasesAndSalesOfTradingCompaniesTable" xlink:to="CategoriesOfTradedGoodsAxis" priority="0" order="1.0"/>
    <definitionArc xlink:type="arc" xlink:arcrole="http://xbrl.org/int/dim/arcrole/dimension-domain" xlink:from="CategoriesOfTradedGoodsAxis" xlink:to="TradedGoodsMember" priority="0" order="1.0"/>
    <loc xlink:type="locator" xlink:href="../in-gaap-2012-03-31.xsd#in-gaap_DetailsOfPurchasesAndSalesOfTradingCompaniesLineItems" xlink:label="DetailsOfPurchasesAndSalesOfTradingCompaniesLineItems"/>
    <definitionArc xlink:type="arc" xlink:arcrole="http://xbrl.org/int/dim/arcrole/domain-member" xlink:from="AdditionalDetailsInCaseOfTradingCompaniesAbstract" xlink:to="DetailsOfPurchasesAndSalesOfTradingCompaniesLineItems" priority="0" order="2.0"/>
    <loc xlink:type="locator" xlink:href="../in-gaap-2012-03-31.xsd#in-gaap_AmountOfPurchasesOfTradedGoods" xlink:label="AmountOfPurchasesOfTradedGoods"/>
    <definitionArc xlink:type="arc" xlink:arcrole="http://xbrl.org/int/dim/arcrole/domain-member" xlink:from="DetailsOfPurchasesAndSalesOfTradingCompaniesLineItems" xlink:to="AmountOfPurchasesOfTradedGoods" priority="0" order="1.0"/>
    <loc xlink:type="locator" xlink:href="../in-gaap-2012-03-31.xsd#in-gaap_AmountOfSalesOfTradedGoods" xlink:label="AmountOfSalesOfTradedGoods"/>
    <definitionArc xlink:type="arc" xlink:arcrole="http://xbrl.org/int/dim/arcrole/domain-member" xlink:from="DetailsOfPurchasesAndSalesOfTradingCompaniesLineItems" xlink:to="AmountOfSalesOfTradedGoods" priority="0" order="2.0"/>
  </definitionLink>
  <definitionLink xlink:type="extended" xlink:role="http://www.icai.org/xbrl/taxonomy/role/in-gaap/NotesAdditionalInformationStatementOfProfitAndLoss2">
    <loc xlink:type="locator" xlink:href="../in-gaap-2012-03-31.xsd#in-gaap_DetailsOfRawMaterialsSparePartsAndComponentsConsumedAbstract" xlink:label="DetailsOfRawMaterialsSparePartsAndComponentsConsumedAbstract"/>
    <loc xlink:type="locator" xlink:href="../in-gaap-2012-03-31.xsd#in-gaap_DetailsOfRawMaterialsSparePartsAndComponentsConsumedTable" xlink:label="DetailsOfRawMaterialsSparePartsAndComponentsConsumedTable"/>
    <definitionArc xlink:type="arc" xlink:arcrole="http://xbrl.org/int/dim/arcrole/all" xlink:from="DetailsOfRawMaterialsSparePartsAndComponentsConsumedAbstract" xlink:to="DetailsOfRawMaterialsSparePartsAndComponentsConsumedTable" priority="0" order="1.0" xbrldt:contextElement="scenario" xbrldt:closed="true"/>
    <loc xlink:type="locator" xlink:href="../in-gaap-2012-03-31.xsd#in-gaap_DetailsOfRawMaterialsSparePartsAndComponentsConsumedAxis" xlink:label="DetailsOfRawMaterialsSparePartsAndComponentsConsumedAxis"/>
    <definitionArc xlink:type="arc" xlink:arcrole="http://xbrl.org/int/dim/arcrole/hypercube-dimension" xlink:from="DetailsOfRawMaterialsSparePartsAndComponentsConsumedTable" xlink:to="DetailsOfRawMaterialsSparePartsAndComponentsConsumedAxis" priority="0" order="1.0"/>
    <loc xlink:type="locator" xlink:href="../in-gaap-2012-03-31.xsd#in-gaap_RawMaterialsSparePartsAndComponentsConsumedMember" xlink:label="RawMaterialsSparePartsAndComponentsConsumedMember"/>
    <definitionArc xlink:type="arc" xlink:arcrole="http://xbrl.org/int/dim/arcrole/dimension-domain" xlink:from="DetailsOfRawMaterialsSparePartsAndComponentsConsumedAxis" xlink:to="RawMaterialsSparePartsAndComponentsConsumedMember" priority="0" order="1.0"/>
    <loc xlink:type="locator" xlink:href="../in-gaap-2012-03-31.xsd#in-gaap_RawMaterialsConsumedMember" xlink:label="RawMaterialsConsumedMember"/>
    <definitionArc xlink:type="arc" xlink:arcrole="http://xbrl.org/int/dim/arcrole/domain-member" xlink:from="RawMaterialsSparePartsAndComponentsConsumedMember" xlink:to="RawMaterialsConsumedMember" priority="0" order="1.0"/>
    <loc xlink:type="locator" xlink:href="../in-gaap-2012-03-31.xsd#in-gaap_SparePartsConsumedMember" xlink:label="SparePartsConsumedMember"/>
    <definitionArc xlink:type="arc" xlink:arcrole="http://xbrl.org/int/dim/arcrole/domain-member" xlink:from="RawMaterialsSparePartsAndComponentsConsumedMember" xlink:to="SparePartsConsumedMember" priority="0" order="2.0"/>
    <loc xlink:type="locator" xlink:href="../in-gaap-2012-03-31.xsd#in-gaap_ComponentsConsumedMember" xlink:label="ComponentsConsumedMember"/>
    <definitionArc xlink:type="arc" xlink:arcrole="http://xbrl.org/int/dim/arcrole/domain-member" xlink:from="RawMaterialsSparePartsAndComponentsConsumedMember" xlink:to="ComponentsConsumedMember" priority="0" order="3.0"/>
    <loc xlink:type="locator" xlink:href="../in-gaap-2012-03-31.xsd#in-gaap_SubclassificationOfRawMaterialsSparePartsAndComponentsConsumedAxis" xlink:label="SubclassificationOfRawMaterialsSparePartsAndComponentsConsumedAxis"/>
    <definitionArc xlink:type="arc" xlink:arcrole="http://xbrl.org/int/dim/arcrole/hypercube-dimension" xlink:from="DetailsOfRawMaterialsSparePartsAndComponentsConsumedTable" xlink:to="SubclassificationOfRawMaterialsSparePartsAndComponentsConsumedAxis" priority="0" order="2.0"/>
    <loc xlink:type="locator" xlink:href="../in-gaap-2012-03-31.xsd#in-gaap_ImportedAndIndigenousMember" xlink:label="ImportedAndIndigenousMember"/>
    <definitionArc xlink:type="arc" xlink:arcrole="http://xbrl.org/int/dim/arcrole/dimension-domain" xlink:from="SubclassificationOfRawMaterialsSparePartsAndComponentsConsumedAxis" xlink:to="ImportedAndIndigenousMember" priority="0" order="1.0"/>
    <loc xlink:type="locator" xlink:href="../in-gaap-2012-03-31.xsd#in-gaap_ImportedMember" xlink:label="ImportedMember"/>
    <definitionArc xlink:type="arc" xlink:arcrole="http://xbrl.org/int/dim/arcrole/domain-member" xlink:from="ImportedAndIndigenousMember" xlink:to="ImportedMember" priority="0" order="1.0"/>
    <loc xlink:type="locator" xlink:href="../in-gaap-2012-03-31.xsd#in-gaap_IndigenousMember" xlink:label="IndigenousMember"/>
    <definitionArc xlink:type="arc" xlink:arcrole="http://xbrl.org/int/dim/arcrole/domain-member" xlink:from="ImportedAndIndigenousMember" xlink:to="IndigenousMember" priority="0" order="2.0"/>
    <loc xlink:type="locator" xlink:href="../in-gaap-2012-03-31.xsd#in-gaap_DetailsOfRawMaterialsSparePartsAndComponentsConsumedLineItems" xlink:label="DetailsOfRawMaterialsSparePartsAndComponentsConsumedLineItems"/>
    <definitionArc xlink:type="arc" xlink:arcrole="http://xbrl.org/int/dim/arcrole/domain-member" xlink:from="DetailsOfRawMaterialsSparePartsAndComponentsConsumedAbstract" xlink:to="DetailsOfRawMaterialsSparePartsAndComponentsConsumedLineItems" priority="0" order="2.0"/>
    <loc xlink:type="locator" xlink:href="../in-gaap-2012-03-31.xsd#in-gaap_ValueConsumed" xlink:label="ValueConsumed"/>
    <definitionArc xlink:type="arc" xlink:arcrole="http://xbrl.org/int/dim/arcrole/domain-member" xlink:from="DetailsOfRawMaterialsSparePartsAndComponentsConsumedLineItems" xlink:to="ValueConsumed" priority="0" order="1.0"/>
    <loc xlink:type="locator" xlink:href="../in-gaap-2012-03-31.xsd#in-gaap_PercentageOfConsumption" xlink:label="PercentageOfConsumption"/>
    <definitionArc xlink:type="arc" xlink:arcrole="http://xbrl.org/int/dim/arcrole/domain-member" xlink:from="DetailsOfRawMaterialsSparePartsAndComponentsConsumedLineItems" xlink:to="PercentageOfConsumption" priority="0" order="2.0"/>
  </definitionLink>
</linkbase>
