<?xml version="1.0" encoding="US-ASCII"?>
<!-- Generated by Fujitsu Interstage XWand B0166 -->
<linkbase xmlns="http://www.xbrl.org/2003/linkbase" xmlns:xsi="http://www.w3.org/2001/XMLSchema-instance" xmlns:xlink="http://www.w3.org/1999/xlink" xmlns:xbrli="http://www.xbrl.org/2003/instance">
  <roleRef roleURI="http://www.icai.org/xbrl/taxonomy/role/in-gaap/NotesSubclassificationAndNotesOnLiabilitiesAndAssets" xlink:type="simple" xlink:href="../in-gaap-roles-2012-03-31.xsd#in-gaap-rol-200600"/>
  <calculationLink xlink:type="extended" xlink:role="http://www.icai.org/xbrl/taxonomy/role/in-gaap/NotesSubclassificationAndNotesOnLiabilitiesAndAssets">
    <loc xlink:type="locator" xlink:href="../in-gaap-2012-03-31.xsd#in-gaap_OtherLongTermLiabilities" xlink:label="OtherLongTermLiabilities"/>
    <loc xlink:type="locator" xlink:href="../in-gaap-2012-03-31.xsd#in-gaap_TradePayablesLongTerm" xlink:label="TradePayablesLongTerm"/>
    <calculationArc xlink:type="arc" xlink:arcrole="http://www.xbrl.org/2003/arcrole/summation-item" xlink:from="OtherLongTermLiabilities" xlink:to="TradePayablesLongTerm" priority="0" order="1.0" weight="1"/>
    <loc xlink:type="locator" xlink:href="../in-gaap-2012-03-31.xsd#in-gaap_OthersLongTerm" xlink:label="OthersLongTerm"/>
    <calculationArc xlink:type="arc" xlink:arcrole="http://www.xbrl.org/2003/arcrole/summation-item" xlink:from="OtherLongTermLiabilities" xlink:to="OthersLongTerm" priority="0" order="2.0" weight="1"/>
    <loc xlink:type="locator" xlink:href="../in-gaap-2012-03-31.xsd#in-gaap_GrossAmountDueToCustomersForContractWorkNoncurrent" xlink:label="GrossAmountDueToCustomersForContractWorkNoncurrent"/>
    <calculationArc xlink:type="arc" xlink:arcrole="http://www.xbrl.org/2003/arcrole/summation-item" xlink:from="OthersLongTerm" xlink:to="GrossAmountDueToCustomersForContractWorkNoncurrent" priority="0" order="1.0" weight="1"/>
    <loc xlink:type="locator" xlink:href="../in-gaap-2012-03-31.xsd#in-gaap_OtherCurrentLiabilities" xlink:label="OtherCurrentLiabilities"/>
    <loc xlink:type="locator" xlink:href="../in-gaap-2012-03-31.xsd#in-gaap_CurrentMaturitiesOfLongTermDebt" xlink:label="CurrentMaturitiesOfLongTermDebt"/>
    <calculationArc xlink:type="arc" xlink:arcrole="http://www.xbrl.org/2003/arcrole/summation-item" xlink:from="OtherCurrentLiabilities" xlink:to="CurrentMaturitiesOfLongTermDebt" priority="0" order="1.0" weight="1"/>
    <loc xlink:type="locator" xlink:href="../in-gaap-2012-03-31.xsd#in-gaap_CurrentMaturitiesOfFinanceLeaseObligations" xlink:label="CurrentMaturitiesOfFinanceLeaseObligations"/>
    <calculationArc xlink:type="arc" xlink:arcrole="http://www.xbrl.org/2003/arcrole/summation-item" xlink:from="OtherCurrentLiabilities" xlink:to="CurrentMaturitiesOfFinanceLeaseObligations" priority="0" order="2.0" weight="1"/>
    <loc xlink:type="locator" xlink:href="../in-gaap-2012-03-31.xsd#in-gaap_InterestAccruedButNotDueOnBorrowings" xlink:label="InterestAccruedButNotDueOnBorrowings"/>
    <calculationArc xlink:type="arc" xlink:arcrole="http://www.xbrl.org/2003/arcrole/summation-item" xlink:from="OtherCurrentLiabilities" xlink:to="InterestAccruedButNotDueOnBorrowings" priority="0" order="3.0" weight="1"/>
    <loc xlink:type="locator" xlink:href="../in-gaap-2012-03-31.xsd#in-gaap_InterestAccruedAndDueOnBorrowings" xlink:label="InterestAccruedAndDueOnBorrowings"/>
    <calculationArc xlink:type="arc" xlink:arcrole="http://www.xbrl.org/2003/arcrole/summation-item" xlink:from="OtherCurrentLiabilities" xlink:to="InterestAccruedAndDueOnBorrowings" priority="0" order="4.0" weight="1"/>
    <loc xlink:type="locator" xlink:href="../in-gaap-2012-03-31.xsd#in-gaap_DebenturesClaimedButNotPaid" xlink:label="DebenturesClaimedButNotPaid"/>
    <calculationArc xlink:type="arc" xlink:arcrole="http://www.xbrl.org/2003/arcrole/summation-item" xlink:from="OtherCurrentLiabilities" xlink:to="DebenturesClaimedButNotPaid" priority="0" order="5.0" weight="1"/>
    <loc xlink:type="locator" xlink:href="../in-gaap-2012-03-31.xsd#in-gaap_IncomeReceivedInAdvance" xlink:label="IncomeReceivedInAdvance"/>
    <calculationArc xlink:type="arc" xlink:arcrole="http://www.xbrl.org/2003/arcrole/summation-item" xlink:from="OtherCurrentLiabilities" xlink:to="IncomeReceivedInAdvance" priority="0" order="6.0" weight="1"/>
    <loc xlink:type="locator" xlink:href="../in-gaap-2012-03-31.xsd#in-gaap_UnpaidDividends" xlink:label="UnpaidDividends"/>
    <calculationArc xlink:type="arc" xlink:arcrole="http://www.xbrl.org/2003/arcrole/summation-item" xlink:from="OtherCurrentLiabilities" xlink:to="UnpaidDividends" priority="0" order="7.0" weight="1"/>
    <loc xlink:type="locator" xlink:href="../in-gaap-2012-03-31.xsd#in-gaap_ApplicationMoneyReceivedForAllotmentOfSecuritiesAndDueForRefundAndInterestAccruedThereon" xlink:label="ApplicationMoneyReceivedForAllotmentOfSecuritiesAndDueForRefundAndInterestAccruedThereon"/>
    <calculationArc xlink:type="arc" xlink:arcrole="http://www.xbrl.org/2003/arcrole/summation-item" xlink:from="OtherCurrentLiabilities" xlink:to="ApplicationMoneyReceivedForAllotmentOfSecuritiesAndDueForRefundAndInterestAccruedThereon" priority="0" order="8.0" weight="1"/>
    <loc xlink:type="locator" xlink:href="../in-gaap-2012-03-31.xsd#in-gaap_ApplicationMoneyReceivedForAllotmentOfSecuritiesAndDueForRefundPrincipal" xlink:label="ApplicationMoneyReceivedForAllotmentOfSecuritiesAndDueForRefundPrincipal"/>
    <calculationArc xlink:type="arc" xlink:arcrole="http://www.xbrl.org/2003/arcrole/summation-item" xlink:from="ApplicationMoneyReceivedForAllotmentOfSecuritiesAndDueForRefundAndInterestAccruedThereon" xlink:to="ApplicationMoneyReceivedForAllotmentOfSecuritiesAndDueForRefundPrincipal" priority="0" order="1.0" weight="1"/>
    <loc xlink:type="locator" xlink:href="../in-gaap-2012-03-31.xsd#in-gaap_ApplicationMoneyReceivedForAllotmentOfSecuritiesAndDueForRefundInterestAccrued" xlink:label="ApplicationMoneyReceivedForAllotmentOfSecuritiesAndDueForRefundInterestAccrued"/>
    <calculationArc xlink:type="arc" xlink:arcrole="http://www.xbrl.org/2003/arcrole/summation-item" xlink:from="ApplicationMoneyReceivedForAllotmentOfSecuritiesAndDueForRefundAndInterestAccruedThereon" xlink:to="ApplicationMoneyReceivedForAllotmentOfSecuritiesAndDueForRefundInterestAccrued" priority="0" order="2.0" weight="1"/>
    <loc xlink:type="locator" xlink:href="../in-gaap-2012-03-31.xsd#in-gaap_UnpaidMaturedDepositsAndInterestAccruedThereon" xlink:label="UnpaidMaturedDepositsAndInterestAccruedThereon"/>
    <calculationArc xlink:type="arc" xlink:arcrole="http://www.xbrl.org/2003/arcrole/summation-item" xlink:from="OtherCurrentLiabilities" xlink:to="UnpaidMaturedDepositsAndInterestAccruedThereon" priority="0" order="9.0" weight="1"/>
    <loc xlink:type="locator" xlink:href="../in-gaap-2012-03-31.xsd#in-gaap_UnpaidMaturedDebenturesAndInterestAccruedThereon" xlink:label="UnpaidMaturedDebenturesAndInterestAccruedThereon"/>
    <calculationArc xlink:type="arc" xlink:arcrole="http://www.xbrl.org/2003/arcrole/summation-item" xlink:from="OtherCurrentLiabilities" xlink:to="UnpaidMaturedDebenturesAndInterestAccruedThereon" priority="0" order="10.0" weight="1"/>
    <loc xlink:type="locator" xlink:href="../in-gaap-2012-03-31.xsd#in-gaap_OtherPayablesCurrent" xlink:label="OtherPayablesCurrent"/>
    <calculationArc xlink:type="arc" xlink:arcrole="http://www.xbrl.org/2003/arcrole/summation-item" xlink:from="OtherCurrentLiabilities" xlink:to="OtherPayablesCurrent" priority="0" order="11.0" weight="1"/>
    <loc xlink:type="locator" xlink:href="../in-gaap-2012-03-31.xsd#in-gaap_WithholdingTaxesPayable" xlink:label="WithholdingTaxesPayable"/>
    <calculationArc xlink:type="arc" xlink:arcrole="http://www.xbrl.org/2003/arcrole/summation-item" xlink:from="OtherPayablesCurrent" xlink:to="WithholdingTaxesPayable" priority="0" order="1.0" weight="1"/>
    <loc xlink:type="locator" xlink:href="../in-gaap-2012-03-31.xsd#in-gaap_ServiceTaxPayable" xlink:label="ServiceTaxPayable"/>
    <calculationArc xlink:type="arc" xlink:arcrole="http://www.xbrl.org/2003/arcrole/summation-item" xlink:from="OtherPayablesCurrent" xlink:to="ServiceTaxPayable" priority="0" order="2.0" weight="1"/>
    <loc xlink:type="locator" xlink:href="../in-gaap-2012-03-31.xsd#in-gaap_VATPayable" xlink:label="VATPayable"/>
    <calculationArc xlink:type="arc" xlink:arcrole="http://www.xbrl.org/2003/arcrole/summation-item" xlink:from="OtherPayablesCurrent" xlink:to="VATPayable" priority="0" order="3.0" weight="1"/>
    <loc xlink:type="locator" xlink:href="../in-gaap-2012-03-31.xsd#in-gaap_ExciseDutyPayable" xlink:label="ExciseDutyPayable"/>
    <calculationArc xlink:type="arc" xlink:arcrole="http://www.xbrl.org/2003/arcrole/summation-item" xlink:from="OtherPayablesCurrent" xlink:to="ExciseDutyPayable" priority="0" order="4.0" weight="1"/>
    <loc xlink:type="locator" xlink:href="../in-gaap-2012-03-31.xsd#in-gaap_TaxesPayableCurrentTax" xlink:label="TaxesPayableCurrentTax"/>
    <calculationArc xlink:type="arc" xlink:arcrole="http://www.xbrl.org/2003/arcrole/summation-item" xlink:from="OtherPayablesCurrent" xlink:to="TaxesPayableCurrentTax" priority="0" order="5.0" weight="1"/>
    <loc xlink:type="locator" xlink:href="../in-gaap-2012-03-31.xsd#in-gaap_TaxesPayableWealthTax" xlink:label="TaxesPayableWealthTax"/>
    <calculationArc xlink:type="arc" xlink:arcrole="http://www.xbrl.org/2003/arcrole/summation-item" xlink:from="OtherPayablesCurrent" xlink:to="TaxesPayableWealthTax" priority="0" order="6.0" weight="1"/>
    <loc xlink:type="locator" xlink:href="../in-gaap-2012-03-31.xsd#in-gaap_TaxesPayableSalesTax" xlink:label="TaxesPayableSalesTax"/>
    <calculationArc xlink:type="arc" xlink:arcrole="http://www.xbrl.org/2003/arcrole/summation-item" xlink:from="OtherPayablesCurrent" xlink:to="TaxesPayableSalesTax" priority="0" order="7.0" weight="1"/>
    <loc xlink:type="locator" xlink:href="../in-gaap-2012-03-31.xsd#in-gaap_TaxesPayableOtherTax" xlink:label="TaxesPayableOtherTax"/>
    <calculationArc xlink:type="arc" xlink:arcrole="http://www.xbrl.org/2003/arcrole/summation-item" xlink:from="OtherPayablesCurrent" xlink:to="TaxesPayableOtherTax" priority="0" order="8.0" weight="1"/>
    <loc xlink:type="locator" xlink:href="../in-gaap-2012-03-31.xsd#in-gaap_AccruedExpensesPayable" xlink:label="AccruedExpensesPayable"/>
    <calculationArc xlink:type="arc" xlink:arcrole="http://www.xbrl.org/2003/arcrole/summation-item" xlink:from="OtherPayablesCurrent" xlink:to="AccruedExpensesPayable" priority="0" order="9.0" weight="1"/>
    <loc xlink:type="locator" xlink:href="../in-gaap-2012-03-31.xsd#in-gaap_OtherAccruedExpenses" xlink:label="OtherAccruedExpenses"/>
    <calculationArc xlink:type="arc" xlink:arcrole="http://www.xbrl.org/2003/arcrole/summation-item" xlink:from="OtherPayablesCurrent" xlink:to="OtherAccruedExpenses" priority="0" order="10.0" weight="1"/>
    <loc xlink:type="locator" xlink:href="../in-gaap-2012-03-31.xsd#in-gaap_DepositsRefundableCurrent" xlink:label="DepositsRefundableCurrent"/>
    <calculationArc xlink:type="arc" xlink:arcrole="http://www.xbrl.org/2003/arcrole/summation-item" xlink:from="OtherPayablesCurrent" xlink:to="DepositsRefundableCurrent" priority="0" order="11.0" weight="1"/>
    <loc xlink:type="locator" xlink:href="../in-gaap-2012-03-31.xsd#in-gaap_SecurityDepositsRefundableCurrent" xlink:label="SecurityDepositsRefundableCurrent"/>
    <calculationArc xlink:type="arc" xlink:arcrole="http://www.xbrl.org/2003/arcrole/summation-item" xlink:from="DepositsRefundableCurrent" xlink:to="SecurityDepositsRefundableCurrent" priority="0" order="1.0" weight="1"/>
    <loc xlink:type="locator" xlink:href="../in-gaap-2012-03-31.xsd#in-gaap_CustomerDepositsRefundableCurrent" xlink:label="CustomerDepositsRefundableCurrent"/>
    <calculationArc xlink:type="arc" xlink:arcrole="http://www.xbrl.org/2003/arcrole/summation-item" xlink:from="DepositsRefundableCurrent" xlink:to="CustomerDepositsRefundableCurrent" priority="0" order="2.0" weight="1"/>
    <loc xlink:type="locator" xlink:href="../in-gaap-2012-03-31.xsd#in-gaap_OtherDepositsRefundableCurrent" xlink:label="OtherDepositsRefundableCurrent"/>
    <calculationArc xlink:type="arc" xlink:arcrole="http://www.xbrl.org/2003/arcrole/summation-item" xlink:from="DepositsRefundableCurrent" xlink:to="OtherDepositsRefundableCurrent" priority="0" order="3.0" weight="1"/>
    <loc xlink:type="locator" xlink:href="../in-gaap-2012-03-31.xsd#in-gaap_GrossAmountDueToCustomersForContractWorkCurrent" xlink:label="GrossAmountDueToCustomersForContractWorkCurrent"/>
    <calculationArc xlink:type="arc" xlink:arcrole="http://www.xbrl.org/2003/arcrole/summation-item" xlink:from="OtherPayablesCurrent" xlink:to="GrossAmountDueToCustomersForContractWorkCurrent" priority="0" order="12.0" weight="1"/>
    <loc xlink:type="locator" xlink:href="../in-gaap-2012-03-31.xsd#in-gaap_UnclaimedShareApplicationRefundMoney" xlink:label="UnclaimedShareApplicationRefundMoney"/>
    <calculationArc xlink:type="arc" xlink:arcrole="http://www.xbrl.org/2003/arcrole/summation-item" xlink:from="OtherPayablesCurrent" xlink:to="UnclaimedShareApplicationRefundMoney" priority="0" order="13.0" weight="1"/>
    <loc xlink:type="locator" xlink:href="../in-gaap-2012-03-31.xsd#in-gaap_UnclaimedMaturedDebentures" xlink:label="UnclaimedMaturedDebentures"/>
    <calculationArc xlink:type="arc" xlink:arcrole="http://www.xbrl.org/2003/arcrole/summation-item" xlink:from="OtherPayablesCurrent" xlink:to="UnclaimedMaturedDebentures" priority="0" order="14.0" weight="1"/>
    <loc xlink:type="locator" xlink:href="../in-gaap-2012-03-31.xsd#in-gaap_UnclaimedMaturedDeposits" xlink:label="UnclaimedMaturedDeposits"/>
    <calculationArc xlink:type="arc" xlink:arcrole="http://www.xbrl.org/2003/arcrole/summation-item" xlink:from="OtherPayablesCurrent" xlink:to="UnclaimedMaturedDeposits" priority="0" order="15.0" weight="1"/>
    <loc xlink:type="locator" xlink:href="../in-gaap-2012-03-31.xsd#in-gaap_InterestUnclaimedAmount" xlink:label="InterestUnclaimedAmount"/>
    <calculationArc xlink:type="arc" xlink:arcrole="http://www.xbrl.org/2003/arcrole/summation-item" xlink:from="OtherPayablesCurrent" xlink:to="InterestUnclaimedAmount" priority="0" order="16.0" weight="1"/>
    <loc xlink:type="locator" xlink:href="../in-gaap-2012-03-31.xsd#in-gaap_PublicDepositPayableCurrent" xlink:label="PublicDepositPayableCurrent"/>
    <calculationArc xlink:type="arc" xlink:arcrole="http://www.xbrl.org/2003/arcrole/summation-item" xlink:from="OtherPayablesCurrent" xlink:to="PublicDepositPayableCurrent" priority="0" order="17.0" weight="1"/>
    <loc xlink:type="locator" xlink:href="../in-gaap-2012-03-31.xsd#in-gaap_DerivativeLiabilities" xlink:label="DerivativeLiabilities"/>
    <calculationArc xlink:type="arc" xlink:arcrole="http://www.xbrl.org/2003/arcrole/summation-item" xlink:from="OtherCurrentLiabilities" xlink:to="DerivativeLiabilities" priority="0" order="12.0" weight="1"/>
    <loc xlink:type="locator" xlink:href="../in-gaap-2012-03-31.xsd#in-gaap_AdvanceReceivedAgainstContracts" xlink:label="AdvanceReceivedAgainstContracts"/>
    <calculationArc xlink:type="arc" xlink:arcrole="http://www.xbrl.org/2003/arcrole/summation-item" xlink:from="OtherCurrentLiabilities" xlink:to="AdvanceReceivedAgainstContracts" priority="0" order="13.0" weight="1"/>
    <loc xlink:type="locator" xlink:href="../in-gaap-2012-03-31.xsd#in-gaap_AdvanceReceivedFromCustomers" xlink:label="AdvanceReceivedFromCustomers"/>
    <calculationArc xlink:type="arc" xlink:arcrole="http://www.xbrl.org/2003/arcrole/summation-item" xlink:from="OtherCurrentLiabilities" xlink:to="AdvanceReceivedFromCustomers" priority="0" order="14.0" weight="1"/>
    <loc xlink:type="locator" xlink:href="../in-gaap-2012-03-31.xsd#in-gaap_OtherAdvanceReceived" xlink:label="OtherAdvanceReceived"/>
    <calculationArc xlink:type="arc" xlink:arcrole="http://www.xbrl.org/2003/arcrole/summation-item" xlink:from="OtherCurrentLiabilities" xlink:to="OtherAdvanceReceived" priority="0" order="15.0" weight="1"/>
    <loc xlink:type="locator" xlink:href="../in-gaap-2012-03-31.xsd#in-gaap_BillsPayableAcceptances" xlink:label="BillsPayableAcceptances"/>
    <calculationArc xlink:type="arc" xlink:arcrole="http://www.xbrl.org/2003/arcrole/summation-item" xlink:from="OtherCurrentLiabilities" xlink:to="BillsPayableAcceptances" priority="0" order="16.0" weight="1"/>
    <loc xlink:type="locator" xlink:href="../in-gaap-2012-03-31.xsd#in-gaap_RetentionMoneyPayable" xlink:label="RetentionMoneyPayable"/>
    <calculationArc xlink:type="arc" xlink:arcrole="http://www.xbrl.org/2003/arcrole/summation-item" xlink:from="OtherCurrentLiabilities" xlink:to="RetentionMoneyPayable" priority="0" order="17.0" weight="1"/>
    <loc xlink:type="locator" xlink:href="../in-gaap-2012-03-31.xsd#in-gaap_AccruedSalaryPayable" xlink:label="AccruedSalaryPayable"/>
    <calculationArc xlink:type="arc" xlink:arcrole="http://www.xbrl.org/2003/arcrole/summation-item" xlink:from="OtherCurrentLiabilities" xlink:to="AccruedSalaryPayable" priority="0" order="18.0" weight="1"/>
    <loc xlink:type="locator" xlink:href="../in-gaap-2012-03-31.xsd#in-gaap_AccruedPayrollLiabilitiesOther" xlink:label="AccruedPayrollLiabilitiesOther"/>
    <calculationArc xlink:type="arc" xlink:arcrole="http://www.xbrl.org/2003/arcrole/summation-item" xlink:from="OtherCurrentLiabilities" xlink:to="AccruedPayrollLiabilitiesOther" priority="0" order="19.0" weight="1"/>
    <loc xlink:type="locator" xlink:href="../in-gaap-2012-03-31.xsd#in-gaap_ShortTermEmployeeRelatedLiabilities" xlink:label="ShortTermEmployeeRelatedLiabilities"/>
    <calculationArc xlink:type="arc" xlink:arcrole="http://www.xbrl.org/2003/arcrole/summation-item" xlink:from="OtherCurrentLiabilities" xlink:to="ShortTermEmployeeRelatedLiabilities" priority="0" order="20.0" weight="1"/>
    <loc xlink:type="locator" xlink:href="../in-gaap-2012-03-31.xsd#in-gaap_ContributionToProvidentFundScheme" xlink:label="ContributionToProvidentFundScheme"/>
    <calculationArc xlink:type="arc" xlink:arcrole="http://www.xbrl.org/2003/arcrole/summation-item" xlink:from="OtherCurrentLiabilities" xlink:to="ContributionToProvidentFundScheme" priority="0" order="21.0" weight="1"/>
    <loc xlink:type="locator" xlink:href="../in-gaap-2012-03-31.xsd#in-gaap_TradeReceivables" xlink:label="TradeReceivables"/>
    <loc xlink:type="locator" xlink:href="../in-gaap-2012-03-31.xsd#in-gaap_TradeReceivablesGross" xlink:label="TradeReceivablesGross"/>
    <calculationArc xlink:type="arc" xlink:arcrole="http://www.xbrl.org/2003/arcrole/summation-item" xlink:from="TradeReceivables" xlink:to="TradeReceivablesGross" priority="0" order="1.0" weight="1"/>
    <loc xlink:type="locator" xlink:href="../in-gaap-2012-03-31.xsd#in-gaap_AllowanceForBadAndDoubtfulDebts" xlink:label="AllowanceForBadAndDoubtfulDebts"/>
    <calculationArc xlink:type="arc" xlink:arcrole="http://www.xbrl.org/2003/arcrole/summation-item" xlink:from="TradeReceivables" xlink:to="AllowanceForBadAndDoubtfulDebts" priority="0" order="2.0" weight="-1"/>
    <loc xlink:type="locator" xlink:href="../in-gaap-2012-03-31.xsd#in-gaap_CashAndBankBalances" xlink:label="CashAndBankBalances"/>
    <loc xlink:type="locator" xlink:href="../in-gaap-2012-03-31.xsd#in-gaap_CashAndCashEquivalents" xlink:label="CashAndCashEquivalents"/>
    <calculationArc xlink:type="arc" xlink:arcrole="http://www.xbrl.org/2003/arcrole/summation-item" xlink:from="CashAndBankBalances" xlink:to="CashAndCashEquivalents" priority="0" order="1.0" weight="1"/>
    <loc xlink:type="locator" xlink:href="../in-gaap-2012-03-31.xsd#in-gaap_BalanceWithBanks" xlink:label="BalanceWithBanks"/>
    <calculationArc xlink:type="arc" xlink:arcrole="http://www.xbrl.org/2003/arcrole/summation-item" xlink:from="CashAndCashEquivalents" xlink:to="BalanceWithBanks" priority="0" order="1.0" weight="1"/>
    <loc xlink:type="locator" xlink:href="../in-gaap-2012-03-31.xsd#in-gaap_FixedDepositsWithBanks" xlink:label="FixedDepositsWithBanks"/>
    <calculationArc xlink:type="arc" xlink:arcrole="http://www.xbrl.org/2003/arcrole/summation-item" xlink:from="BalanceWithBanks" xlink:to="FixedDepositsWithBanks" priority="0" order="1.0" weight="1"/>
    <loc xlink:type="locator" xlink:href="../in-gaap-2012-03-31.xsd#in-gaap_OtherDepositsWithBanks" xlink:label="OtherDepositsWithBanks"/>
    <calculationArc xlink:type="arc" xlink:arcrole="http://www.xbrl.org/2003/arcrole/summation-item" xlink:from="BalanceWithBanks" xlink:to="OtherDepositsWithBanks" priority="0" order="2.0" weight="1"/>
    <loc xlink:type="locator" xlink:href="../in-gaap-2012-03-31.xsd#in-gaap_OtherBalancesWithBanks" xlink:label="OtherBalancesWithBanks"/>
    <calculationArc xlink:type="arc" xlink:arcrole="http://www.xbrl.org/2003/arcrole/summation-item" xlink:from="BalanceWithBanks" xlink:to="OtherBalancesWithBanks" priority="0" order="3.0" weight="1"/>
    <loc xlink:type="locator" xlink:href="../in-gaap-2012-03-31.xsd#in-gaap_ChequesDraftsOnHand" xlink:label="ChequesDraftsOnHand"/>
    <calculationArc xlink:type="arc" xlink:arcrole="http://www.xbrl.org/2003/arcrole/summation-item" xlink:from="CashAndCashEquivalents" xlink:to="ChequesDraftsOnHand" priority="0" order="2.0" weight="1"/>
    <loc xlink:type="locator" xlink:href="../in-gaap-2012-03-31.xsd#in-gaap_CashOnHand" xlink:label="CashOnHand"/>
    <calculationArc xlink:type="arc" xlink:arcrole="http://www.xbrl.org/2003/arcrole/summation-item" xlink:from="CashAndCashEquivalents" xlink:to="CashOnHand" priority="0" order="3.0" weight="1"/>
    <loc xlink:type="locator" xlink:href="../in-gaap-2012-03-31.xsd#in-gaap_Others" xlink:label="Others"/>
    <calculationArc xlink:type="arc" xlink:arcrole="http://www.xbrl.org/2003/arcrole/summation-item" xlink:from="CashAndCashEquivalents" xlink:to="Others" priority="0" order="4.0" weight="1"/>
    <loc xlink:type="locator" xlink:href="../in-gaap-2012-03-31.xsd#in-gaap_OtherBankBalances" xlink:label="OtherBankBalances"/>
    <calculationArc xlink:type="arc" xlink:arcrole="http://www.xbrl.org/2003/arcrole/summation-item" xlink:from="CashAndBankBalances" xlink:to="OtherBankBalances" priority="0" order="2.0" weight="1"/>
    <loc xlink:type="locator" xlink:href="../in-gaap-2012-03-31.xsd#in-gaap_OtherCurrentAssets" xlink:label="OtherCurrentAssets"/>
    <loc xlink:type="locator" xlink:href="../in-gaap-2012-03-31.xsd#in-gaap_UnbilledRevenue" xlink:label="UnbilledRevenue"/>
    <calculationArc xlink:type="arc" xlink:arcrole="http://www.xbrl.org/2003/arcrole/summation-item" xlink:from="OtherCurrentAssets" xlink:to="UnbilledRevenue" priority="0" order="1.0" weight="1"/>
    <loc xlink:type="locator" xlink:href="../in-gaap-2012-03-31.xsd#in-gaap_UnamortisedPremiumOfForwardContracts" xlink:label="UnamortisedPremiumOfForwardContracts"/>
    <calculationArc xlink:type="arc" xlink:arcrole="http://www.xbrl.org/2003/arcrole/summation-item" xlink:from="OtherCurrentAssets" xlink:to="UnamortisedPremiumOfForwardContracts" priority="0" order="2.0" weight="1"/>
    <loc xlink:type="locator" xlink:href="../in-gaap-2012-03-31.xsd#in-gaap_GrossAmountDueFromCustomersForContractWorkCurrent" xlink:label="GrossAmountDueFromCustomersForContractWorkCurrent"/>
    <calculationArc xlink:type="arc" xlink:arcrole="http://www.xbrl.org/2003/arcrole/summation-item" xlink:from="OtherCurrentAssets" xlink:to="GrossAmountDueFromCustomersForContractWorkCurrent" priority="0" order="3.0" weight="1"/>
    <loc xlink:type="locator" xlink:href="../in-gaap-2012-03-31.xsd#in-gaap_DividendReceivable" xlink:label="DividendReceivable"/>
    <calculationArc xlink:type="arc" xlink:arcrole="http://www.xbrl.org/2003/arcrole/summation-item" xlink:from="OtherCurrentAssets" xlink:to="DividendReceivable" priority="0" order="4.0" weight="1"/>
    <loc xlink:type="locator" xlink:href="../in-gaap-2012-03-31.xsd#in-gaap_DividendReceivableSubsidiaries" xlink:label="DividendReceivableSubsidiaries"/>
    <calculationArc xlink:type="arc" xlink:arcrole="http://www.xbrl.org/2003/arcrole/summation-item" xlink:from="DividendReceivable" xlink:to="DividendReceivableSubsidiaries" priority="0" order="1.0" weight="1"/>
    <loc xlink:type="locator" xlink:href="../in-gaap-2012-03-31.xsd#in-gaap_DividendReceivableOthers" xlink:label="DividendReceivableOthers"/>
    <calculationArc xlink:type="arc" xlink:arcrole="http://www.xbrl.org/2003/arcrole/summation-item" xlink:from="DividendReceivable" xlink:to="DividendReceivableOthers" priority="0" order="2.0" weight="1"/>
    <loc xlink:type="locator" xlink:href="../in-gaap-2012-03-31.xsd#in-gaap_DerivativeAssets" xlink:label="DerivativeAssets"/>
    <calculationArc xlink:type="arc" xlink:arcrole="http://www.xbrl.org/2003/arcrole/summation-item" xlink:from="OtherCurrentAssets" xlink:to="DerivativeAssets" priority="0" order="5.0" weight="1"/>
    <loc xlink:type="locator" xlink:href="../in-gaap-2012-03-31.xsd#in-gaap_TangibleAssetsHeldForSale" xlink:label="TangibleAssetsHeldForSale"/>
    <calculationArc xlink:type="arc" xlink:arcrole="http://www.xbrl.org/2003/arcrole/summation-item" xlink:from="OtherCurrentAssets" xlink:to="TangibleAssetsHeldForSale" priority="0" order="6.0" weight="1"/>
    <loc xlink:type="locator" xlink:href="../in-gaap-2012-03-31.xsd#in-gaap_ChangesInProducingProperties" xlink:label="ChangesInProducingProperties"/>
    <loc xlink:type="locator" xlink:href="../in-gaap-2012-03-31.xsd#in-gaap_TransferFromPreProducingProperties" xlink:label="TransferFromPreProducingProperties"/>
    <calculationArc xlink:type="arc" xlink:arcrole="http://www.xbrl.org/2003/arcrole/summation-item" xlink:from="ChangesInProducingProperties" xlink:to="TransferFromPreProducingProperties" priority="0" order="1.0" weight="1"/>
    <loc xlink:type="locator" xlink:href="../in-gaap-2012-03-31.xsd#in-gaap_DepletionProducingProperties" xlink:label="DepletionProducingProperties"/>
    <calculationArc xlink:type="arc" xlink:arcrole="http://www.xbrl.org/2003/arcrole/summation-item" xlink:from="ChangesInProducingProperties" xlink:to="DepletionProducingProperties" priority="0" order="2.0" weight="-1"/>
    <loc xlink:type="locator" xlink:href="../in-gaap-2012-03-31.xsd#in-gaap_OtherAdjustmentsProducingProperties" xlink:label="OtherAdjustmentsProducingProperties"/>
    <calculationArc xlink:type="arc" xlink:arcrole="http://www.xbrl.org/2003/arcrole/summation-item" xlink:from="ChangesInProducingProperties" xlink:to="OtherAdjustmentsProducingProperties" priority="0" order="3.0" weight="1"/>
    <loc xlink:type="locator" xlink:href="../in-gaap-2012-03-31.xsd#in-gaap_ChangesInPreProducingProperties" xlink:label="ChangesInPreProducingProperties"/>
    <loc xlink:type="locator" xlink:href="../in-gaap-2012-03-31.xsd#in-gaap_ExpenditureDuringYearOnPreProducingProperties" xlink:label="ExpenditureDuringYearOnPreProducingProperties"/>
    <calculationArc xlink:type="arc" xlink:arcrole="http://www.xbrl.org/2003/arcrole/summation-item" xlink:from="ChangesInPreProducingProperties" xlink:to="ExpenditureDuringYearOnPreProducingProperties" priority="0" order="1.0" weight="1"/>
    <loc xlink:type="locator" xlink:href="../in-gaap-2012-03-31.xsd#in-gaap_TransferToPreProducingProperties" xlink:label="TransferToPreProducingProperties"/>
    <calculationArc xlink:type="arc" xlink:arcrole="http://www.xbrl.org/2003/arcrole/summation-item" xlink:from="ChangesInPreProducingProperties" xlink:to="TransferToPreProducingProperties" priority="0" order="2.0" weight="-1"/>
    <loc xlink:type="locator" xlink:href="../in-gaap-2012-03-31.xsd#in-gaap_DepreciationOrDepletionPreProducingProperties" xlink:label="DepreciationOrDepletionPreProducingProperties"/>
    <calculationArc xlink:type="arc" xlink:arcrole="http://www.xbrl.org/2003/arcrole/summation-item" xlink:from="ChangesInPreProducingProperties" xlink:to="DepreciationOrDepletionPreProducingProperties" priority="0" order="3.0" weight="-1"/>
    <loc xlink:type="locator" xlink:href="../in-gaap-2012-03-31.xsd#in-gaap_TransferToStatementOfProfitAndLossPreProducingProperties" xlink:label="TransferToStatementOfProfitAndLossPreProducingProperties"/>
    <calculationArc xlink:type="arc" xlink:arcrole="http://www.xbrl.org/2003/arcrole/summation-item" xlink:from="ChangesInPreProducingProperties" xlink:to="TransferToStatementOfProfitAndLossPreProducingProperties" priority="0" order="4.0" weight="-1"/>
    <loc xlink:type="locator" xlink:href="../in-gaap-2012-03-31.xsd#in-gaap_OtherAdjustmentsPreProducingProperties" xlink:label="OtherAdjustmentsPreProducingProperties"/>
    <calculationArc xlink:type="arc" xlink:arcrole="http://www.xbrl.org/2003/arcrole/summation-item" xlink:from="ChangesInPreProducingProperties" xlink:to="OtherAdjustmentsPreProducingProperties" priority="0" order="5.0" weight="1"/>
    <loc xlink:type="locator" xlink:href="../in-gaap-2012-03-31.xsd#in-gaap_LoansAndAdvancesDueByDirectorsOrOthers" xlink:label="LoansAndAdvancesDueByDirectorsOrOthers"/>
    <loc xlink:type="locator" xlink:href="../in-gaap-2012-03-31.xsd#in-gaap_LoansAndAdvancesDueByDirectors" xlink:label="LoansAndAdvancesDueByDirectors"/>
    <calculationArc xlink:type="arc" xlink:arcrole="http://www.xbrl.org/2003/arcrole/summation-item" xlink:from="LoansAndAdvancesDueByDirectorsOrOthers" xlink:to="LoansAndAdvancesDueByDirectors" priority="0" order="1.0" weight="1"/>
    <loc xlink:type="locator" xlink:href="../in-gaap-2012-03-31.xsd#in-gaap_LoansAndAdvancesDueByOthers" xlink:label="LoansAndAdvancesDueByOthers"/>
    <calculationArc xlink:type="arc" xlink:arcrole="http://www.xbrl.org/2003/arcrole/summation-item" xlink:from="LoansAndAdvancesDueByDirectorsOrOthers" xlink:to="LoansAndAdvancesDueByOthers" priority="0" order="2.0" weight="1"/>
    <loc xlink:type="locator" xlink:href="../in-gaap-2012-03-31.xsd#in-gaap_LoansAndAdvancesDueByFirmsOrCompaniesInWhichAnyDirectorIsPartnerOrDirector" xlink:label="LoansAndAdvancesDueByFirmsOrCompaniesInWhichAnyDirectorIsPartnerOrDirector"/>
    <loc xlink:type="locator" xlink:href="../in-gaap-2012-03-31.xsd#in-gaap_LoansAndAdvancesDueByFirmsInWhichAnyDirectorIsPartner" xlink:label="LoansAndAdvancesDueByFirmsInWhichAnyDirectorIsPartner"/>
    <calculationArc xlink:type="arc" xlink:arcrole="http://www.xbrl.org/2003/arcrole/summation-item" xlink:from="LoansAndAdvancesDueByFirmsOrCompaniesInWhichAnyDirectorIsPartnerOrDirector" xlink:to="LoansAndAdvancesDueByFirmsInWhichAnyDirectorIsPartner" priority="0" order="1.0" weight="1"/>
    <loc xlink:type="locator" xlink:href="../in-gaap-2012-03-31.xsd#in-gaap_LoansAndAdvancesDueByPrivateCompaniesInWhichAnyDirectorIsDirector" xlink:label="LoansAndAdvancesDueByPrivateCompaniesInWhichAnyDirectorIsDirector"/>
    <calculationArc xlink:type="arc" xlink:arcrole="http://www.xbrl.org/2003/arcrole/summation-item" xlink:from="LoansAndAdvancesDueByFirmsOrCompaniesInWhichAnyDirectorIsPartnerOrDirector" xlink:to="LoansAndAdvancesDueByPrivateCompaniesInWhichAnyDirectorIsDirector" priority="0" order="2.0" weight="1"/>
    <loc xlink:type="locator" xlink:href="../in-gaap-2012-03-31.xsd#in-gaap_LoansAndAdvancesDueByPrivateCompaniesInWhichAnyDirectorIsMember" xlink:label="LoansAndAdvancesDueByPrivateCompaniesInWhichAnyDirectorIsMember"/>
    <calculationArc xlink:type="arc" xlink:arcrole="http://www.xbrl.org/2003/arcrole/summation-item" xlink:from="LoansAndAdvancesDueByFirmsOrCompaniesInWhichAnyDirectorIsPartnerOrDirector" xlink:to="LoansAndAdvancesDueByPrivateCompaniesInWhichAnyDirectorIsMember" priority="0" order="3.0" weight="1"/>
    <loc xlink:type="locator" xlink:href="../in-gaap-2012-03-31.xsd#in-gaap_LongTermTradeReceivables" xlink:label="LongTermTradeReceivables"/>
    <loc xlink:type="locator" xlink:href="../in-gaap-2012-03-31.xsd#in-gaap_LongTermTradeReceivablesGross" xlink:label="LongTermTradeReceivablesGross"/>
    <calculationArc xlink:type="arc" xlink:arcrole="http://www.xbrl.org/2003/arcrole/summation-item" xlink:from="LongTermTradeReceivables" xlink:to="LongTermTradeReceivablesGross" priority="0" order="1.0" weight="1"/>
    <loc xlink:type="locator" xlink:href="../in-gaap-2012-03-31.xsd#in-gaap_AllowancesForBadAndDoubtfulDebts" xlink:label="AllowancesForBadAndDoubtfulDebts"/>
    <calculationArc xlink:type="arc" xlink:arcrole="http://www.xbrl.org/2003/arcrole/summation-item" xlink:from="LongTermTradeReceivables" xlink:to="AllowancesForBadAndDoubtfulDebts" priority="0" order="2.0" weight="-1"/>
    <loc xlink:type="locator" xlink:href="../in-gaap-2012-03-31.xsd#in-gaap_TradeReceivablesDueByDirectorsOrOthers" xlink:label="TradeReceivablesDueByDirectorsOrOthers"/>
    <loc xlink:type="locator" xlink:href="../in-gaap-2012-03-31.xsd#in-gaap_TradeReceivablesDueByDirectors" xlink:label="TradeReceivablesDueByDirectors"/>
    <calculationArc xlink:type="arc" xlink:arcrole="http://www.xbrl.org/2003/arcrole/summation-item" xlink:from="TradeReceivablesDueByDirectorsOrOthers" xlink:to="TradeReceivablesDueByDirectors" priority="0" order="1.0" weight="1"/>
    <loc xlink:type="locator" xlink:href="../in-gaap-2012-03-31.xsd#in-gaap_TradeReceivablesDueByOthers" xlink:label="TradeReceivablesDueByOthers"/>
    <calculationArc xlink:type="arc" xlink:arcrole="http://www.xbrl.org/2003/arcrole/summation-item" xlink:from="TradeReceivablesDueByDirectorsOrOthers" xlink:to="TradeReceivablesDueByOthers" priority="0" order="2.0" weight="1"/>
    <loc xlink:type="locator" xlink:href="../in-gaap-2012-03-31.xsd#in-gaap_TradeReceivablesDueByFirmsOrCompaniesInWhichAnyDirectorIsPartnerOrDirector" xlink:label="TradeReceivablesDueByFirmsOrCompaniesInWhichAnyDirectorIsPartnerOrDirector"/>
    <loc xlink:type="locator" xlink:href="../in-gaap-2012-03-31.xsd#in-gaap_TradeReceivablesDueByFirmsInWhichAnyDirectorIsPartner" xlink:label="TradeReceivablesDueByFirmsInWhichAnyDirectorIsPartner"/>
    <calculationArc xlink:type="arc" xlink:arcrole="http://www.xbrl.org/2003/arcrole/summation-item" xlink:from="TradeReceivablesDueByFirmsOrCompaniesInWhichAnyDirectorIsPartnerOrDirector" xlink:to="TradeReceivablesDueByFirmsInWhichAnyDirectorIsPartner" priority="0" order="1.0" weight="1"/>
    <loc xlink:type="locator" xlink:href="../in-gaap-2012-03-31.xsd#in-gaap_TradeReceivablesDueByPrivateCompaniesInWhichAnyDirectorIsDirector" xlink:label="TradeReceivablesDueByPrivateCompaniesInWhichAnyDirectorIsDirector"/>
    <calculationArc xlink:type="arc" xlink:arcrole="http://www.xbrl.org/2003/arcrole/summation-item" xlink:from="TradeReceivablesDueByFirmsOrCompaniesInWhichAnyDirectorIsPartnerOrDirector" xlink:to="TradeReceivablesDueByPrivateCompaniesInWhichAnyDirectorIsDirector" priority="0" order="2.0" weight="1"/>
    <loc xlink:type="locator" xlink:href="../in-gaap-2012-03-31.xsd#in-gaap_TradeReceivablesDueByPrivateCompaniesInWhichAnyDirectorIsMember" xlink:label="TradeReceivablesDueByPrivateCompaniesInWhichAnyDirectorIsMember"/>
    <calculationArc xlink:type="arc" xlink:arcrole="http://www.xbrl.org/2003/arcrole/summation-item" xlink:from="TradeReceivablesDueByFirmsOrCompaniesInWhichAnyDirectorIsPartnerOrDirector" xlink:to="TradeReceivablesDueByPrivateCompaniesInWhichAnyDirectorIsMember" priority="0" order="3.0" weight="1"/>
    <loc xlink:type="locator" xlink:href="../in-gaap-2012-03-31.xsd#in-gaap_BalancesHeldWithBanksToExtentHeldAsMarginMoneyOrSecurityAgainstBorrowingsGuaranteesOrOtherCommitments" xlink:label="BalancesHeldWithBanksToExtentHeldAsMarginMoneyOrSecurityAgainstBorrowingsGuaranteesOrOtherCommitments"/>
    <loc xlink:type="locator" xlink:href="../in-gaap-2012-03-31.xsd#in-gaap_BalancesHeldWithBanksToExtentHeldAsMarginMoney" xlink:label="BalancesHeldWithBanksToExtentHeldAsMarginMoney"/>
    <calculationArc xlink:type="arc" xlink:arcrole="http://www.xbrl.org/2003/arcrole/summation-item" xlink:from="BalancesHeldWithBanksToExtentHeldAsMarginMoneyOrSecurityAgainstBorrowingsGuaranteesOrOtherCommitments" xlink:to="BalancesHeldWithBanksToExtentHeldAsMarginMoney" priority="0" order="1.0" weight="1"/>
    <loc xlink:type="locator" xlink:href="../in-gaap-2012-03-31.xsd#in-gaap_BalancesHeldWithBanksToExtentHeldAsSecurityAgainstBorrowings" xlink:label="BalancesHeldWithBanksToExtentHeldAsSecurityAgainstBorrowings"/>
    <calculationArc xlink:type="arc" xlink:arcrole="http://www.xbrl.org/2003/arcrole/summation-item" xlink:from="BalancesHeldWithBanksToExtentHeldAsMarginMoneyOrSecurityAgainstBorrowingsGuaranteesOrOtherCommitments" xlink:to="BalancesHeldWithBanksToExtentHeldAsSecurityAgainstBorrowings" priority="0" order="2.0" weight="1"/>
    <loc xlink:type="locator" xlink:href="../in-gaap-2012-03-31.xsd#in-gaap_BalancesHeldWithBanksToExtentHeldAsGuarantees" xlink:label="BalancesHeldWithBanksToExtentHeldAsGuarantees"/>
    <calculationArc xlink:type="arc" xlink:arcrole="http://www.xbrl.org/2003/arcrole/summation-item" xlink:from="BalancesHeldWithBanksToExtentHeldAsMarginMoneyOrSecurityAgainstBorrowingsGuaranteesOrOtherCommitments" xlink:to="BalancesHeldWithBanksToExtentHeldAsGuarantees" priority="0" order="3.0" weight="1"/>
    <loc xlink:type="locator" xlink:href="../in-gaap-2012-03-31.xsd#in-gaap_BalancesHeldWithBanksToExtentHeldAgainstOtherCommitments" xlink:label="BalancesHeldWithBanksToExtentHeldAgainstOtherCommitments"/>
    <calculationArc xlink:type="arc" xlink:arcrole="http://www.xbrl.org/2003/arcrole/summation-item" xlink:from="BalancesHeldWithBanksToExtentHeldAsMarginMoneyOrSecurityAgainstBorrowingsGuaranteesOrOtherCommitments" xlink:to="BalancesHeldWithBanksToExtentHeldAgainstOtherCommitments" priority="0" order="4.0" weight="1"/>
  </calculationLink>
</linkbase>
