<?xml version="1.0" encoding="US-ASCII"?>
<!-- Generated by Fujitsu Interstage XWand B0166 -->
<linkbase xmlns="http://www.xbrl.org/2003/linkbase" xmlns:xsi="http://www.w3.org/2001/XMLSchema-instance" xmlns:xlink="http://www.w3.org/1999/xlink" xmlns:xbrli="http://www.xbrl.org/2003/instance">
  <roleRef roleURI="http://www.icai.org/xbrl/taxonomy/role/in-gaap/NotesTangibleAssets" xlink:type="simple" xlink:href="../in-gaap-roles-2012-03-31.xsd#in-gaap-rol-201000"/>
  <calculationLink xlink:type="extended" xlink:role="http://www.icai.org/xbrl/taxonomy/role/in-gaap/NotesTangibleAssets">
    <loc xlink:type="locator" xlink:href="../in-gaap-2012-03-31.xsd#in-gaap_ChangesInTangibleAssets" xlink:label="ChangesInTangibleAssets"/>
    <loc xlink:type="locator" xlink:href="../in-gaap-2012-03-31.xsd#in-gaap_AdditionsOtherThanThroughBusinessCombinationsTangibleAssets" xlink:label="AdditionsOtherThanThroughBusinessCombinationsTangibleAssets"/>
    <calculationArc xlink:type="arc" xlink:arcrole="http://www.xbrl.org/2003/arcrole/summation-item" xlink:from="ChangesInTangibleAssets" xlink:to="AdditionsOtherThanThroughBusinessCombinationsTangibleAssets" priority="0" order="1.0" weight="1"/>
    <loc xlink:type="locator" xlink:href="../in-gaap-2012-03-31.xsd#in-gaap_AcquisitionsThroughBusinessCombinationsTangibleAssets" xlink:label="AcquisitionsThroughBusinessCombinationsTangibleAssets"/>
    <calculationArc xlink:type="arc" xlink:arcrole="http://www.xbrl.org/2003/arcrole/summation-item" xlink:from="ChangesInTangibleAssets" xlink:to="AcquisitionsThroughBusinessCombinationsTangibleAssets" priority="0" order="2.0" weight="1"/>
    <loc xlink:type="locator" xlink:href="../in-gaap-2012-03-31.xsd#in-gaap_DepreciationTangibleAssets" xlink:label="DepreciationTangibleAssets"/>
    <calculationArc xlink:type="arc" xlink:arcrole="http://www.xbrl.org/2003/arcrole/summation-item" xlink:from="ChangesInTangibleAssets" xlink:to="DepreciationTangibleAssets" priority="0" order="3.0" weight="-1"/>
    <loc xlink:type="locator" xlink:href="../in-gaap-2012-03-31.xsd#in-gaap_ImpairmentLossRecognisedInProfitOrLossTangibleAssets" xlink:label="ImpairmentLossRecognisedInProfitOrLossTangibleAssets"/>
    <calculationArc xlink:type="arc" xlink:arcrole="http://www.xbrl.org/2003/arcrole/summation-item" xlink:from="ChangesInTangibleAssets" xlink:to="ImpairmentLossRecognisedInProfitOrLossTangibleAssets" priority="0" order="4.0" weight="-1"/>
    <loc xlink:type="locator" xlink:href="../in-gaap-2012-03-31.xsd#in-gaap_ReversalOfImpairmentLossRecognisedInProfitOrLossTangibleAssets" xlink:label="ReversalOfImpairmentLossRecognisedInProfitOrLossTangibleAssets"/>
    <calculationArc xlink:type="arc" xlink:arcrole="http://www.xbrl.org/2003/arcrole/summation-item" xlink:from="ChangesInTangibleAssets" xlink:to="ReversalOfImpairmentLossRecognisedInProfitOrLossTangibleAssets" priority="0" order="5.0" weight="1"/>
    <loc xlink:type="locator" xlink:href="../in-gaap-2012-03-31.xsd#in-gaap_RevaluationIncreaseDecreaseTangibleAssets" xlink:label="RevaluationIncreaseDecreaseTangibleAssets"/>
    <calculationArc xlink:type="arc" xlink:arcrole="http://www.xbrl.org/2003/arcrole/summation-item" xlink:from="ChangesInTangibleAssets" xlink:to="RevaluationIncreaseDecreaseTangibleAssets" priority="0" order="6.0" weight="1"/>
    <loc xlink:type="locator" xlink:href="../in-gaap-2012-03-31.xsd#in-gaap_DisposalsTangibleAssets" xlink:label="DisposalsTangibleAssets"/>
    <calculationArc xlink:type="arc" xlink:arcrole="http://www.xbrl.org/2003/arcrole/summation-item" xlink:from="ChangesInTangibleAssets" xlink:to="DisposalsTangibleAssets" priority="0" order="7.0" weight="-1"/>
    <loc xlink:type="locator" xlink:href="../in-gaap-2012-03-31.xsd#in-gaap_DisposalsTangibleAssetsThroughDemergers" xlink:label="DisposalsTangibleAssetsThroughDemergers"/>
    <calculationArc xlink:type="arc" xlink:arcrole="http://www.xbrl.org/2003/arcrole/summation-item" xlink:from="DisposalsTangibleAssets" xlink:to="DisposalsTangibleAssetsThroughDemergers" priority="0" order="1.0" weight="1"/>
    <loc xlink:type="locator" xlink:href="../in-gaap-2012-03-31.xsd#in-gaap_DisposalsTangibleAssetsOthers" xlink:label="DisposalsTangibleAssetsOthers"/>
    <calculationArc xlink:type="arc" xlink:arcrole="http://www.xbrl.org/2003/arcrole/summation-item" xlink:from="DisposalsTangibleAssets" xlink:to="DisposalsTangibleAssetsOthers" priority="0" order="2.0" weight="1"/>
    <loc xlink:type="locator" xlink:href="../in-gaap-2012-03-31.xsd#in-gaap_OtherAdjustmentsTangibleAssets" xlink:label="OtherAdjustmentsTangibleAssets"/>
    <calculationArc xlink:type="arc" xlink:arcrole="http://www.xbrl.org/2003/arcrole/summation-item" xlink:from="ChangesInTangibleAssets" xlink:to="OtherAdjustmentsTangibleAssets" priority="0" order="8.0" weight="1"/>
    <loc xlink:type="locator" xlink:href="../in-gaap-2012-03-31.xsd#in-gaap_IncreaseDecreaseThroughNetExchangeDifferencesTangibleAssets" xlink:label="IncreaseDecreaseThroughNetExchangeDifferencesTangibleAssets"/>
    <calculationArc xlink:type="arc" xlink:arcrole="http://www.xbrl.org/2003/arcrole/summation-item" xlink:from="OtherAdjustmentsTangibleAssets" xlink:to="IncreaseDecreaseThroughNetExchangeDifferencesTangibleAssets" priority="0" order="1.0" weight="1"/>
  </calculationLink>
</linkbase>
