<?xml version="1.0" encoding="US-ASCII"?>
<!-- Generated by Fujitsu Interstage XWand B0166 -->
<linkbase xmlns="http://www.xbrl.org/2003/linkbase" xmlns:xsi="http://www.w3.org/2001/XMLSchema-instance" xmlns:xlink="http://www.w3.org/1999/xlink" xmlns:xbrli="http://www.xbrl.org/2003/instance">
  <roleRef roleURI="http://www.icai.org/xbrl/taxonomy/role/in-gaap/NotesFinancialReportingOfInterestsInJointVentures" xlink:type="simple" xlink:href="../in-gaap-roles-2012-03-31.xsd#in-gaap-rol-202500"/>
  <calculationLink xlink:type="extended" xlink:role="http://www.icai.org/xbrl/taxonomy/role/in-gaap/NotesFinancialReportingOfInterestsInJointVentures">
    <loc xlink:type="locator" xlink:href="../in-gaap-2012-03-31.xsd#in-gaap_ContingentLiabilitiesRelatedToJointVentures" xlink:label="ContingentLiabilitiesRelatedToJointVentures"/>
    <loc xlink:type="locator" xlink:href="../in-gaap-2012-03-31.xsd#in-gaap_ContingentLiabilitiesIncurredByVenturerInRelationToInterestsInJointVentures" xlink:label="ContingentLiabilitiesIncurredByVenturerInRelationToInterestsInJointVentures"/>
    <calculationArc xlink:type="arc" xlink:arcrole="http://www.xbrl.org/2003/arcrole/summation-item" xlink:from="ContingentLiabilitiesRelatedToJointVentures" xlink:to="ContingentLiabilitiesIncurredByVenturerInRelationToInterestsInJointVentures" priority="0" order="1.0" weight="1"/>
    <loc xlink:type="locator" xlink:href="../in-gaap-2012-03-31.xsd#in-gaap_ShareOfContingentLiabilitiesIncurredJointlyWithOtherVenturers" xlink:label="ShareOfContingentLiabilitiesIncurredJointlyWithOtherVenturers"/>
    <calculationArc xlink:type="arc" xlink:arcrole="http://www.xbrl.org/2003/arcrole/summation-item" xlink:from="ContingentLiabilitiesRelatedToJointVentures" xlink:to="ShareOfContingentLiabilitiesIncurredJointlyWithOtherVenturers" priority="0" order="2.0" weight="1"/>
    <loc xlink:type="locator" xlink:href="../in-gaap-2012-03-31.xsd#in-gaap_ShareOfContingentLiabilitiesOfJointVenturesThemselves" xlink:label="ShareOfContingentLiabilitiesOfJointVenturesThemselves"/>
    <calculationArc xlink:type="arc" xlink:arcrole="http://www.xbrl.org/2003/arcrole/summation-item" xlink:from="ContingentLiabilitiesRelatedToJointVentures" xlink:to="ShareOfContingentLiabilitiesOfJointVenturesThemselves" priority="0" order="3.0" weight="1"/>
    <loc xlink:type="locator" xlink:href="../in-gaap-2012-03-31.xsd#in-gaap_ContingentLiabilitiesForWhichVenturerIsContingentlyLiableForLiabilitiesOfOtherVenturers" xlink:label="ContingentLiabilitiesForWhichVenturerIsContingentlyLiableForLiabilitiesOfOtherVenturers"/>
    <calculationArc xlink:type="arc" xlink:arcrole="http://www.xbrl.org/2003/arcrole/summation-item" xlink:from="ContingentLiabilitiesRelatedToJointVentures" xlink:to="ContingentLiabilitiesForWhichVenturerIsContingentlyLiableForLiabilitiesOfOtherVenturers" priority="0" order="4.0" weight="1"/>
  </calculationLink>
</linkbase>
