<?xml version="1.0" encoding="US-ASCII"?>
<!-- Generated by Fujitsu Interstage XWand B0166 -->
<linkbase xmlns="http://www.xbrl.org/2003/linkbase" xmlns:xsi="http://www.w3.org/2001/XMLSchema-instance" xmlns:xlink="http://www.w3.org/1999/xlink" xmlns:xbrli="http://www.xbrl.org/2003/instance">
  <roleRef roleURI="http://www.icai.org/xbrl/taxonomy/role/in-gaap/NotesDiscontinuingOperations" xlink:type="simple" xlink:href="../in-gaap-roles-2012-03-31.xsd#in-gaap-rol-202000"/>
  <calculationLink xlink:type="extended" xlink:role="http://www.icai.org/xbrl/taxonomy/role/in-gaap/NotesDiscontinuingOperations">
    <loc xlink:type="locator" xlink:href="../in-gaap-2012-03-31.xsd#in-gaap_CashFlowsFromUsedInOperatingActivities" xlink:label="CashFlowsFromUsedInOperatingActivities"/>
    <loc xlink:type="locator" xlink:href="../in-gaap-2012-03-31.xsd#in-gaap_CashFlowsFromUsedInOperatingActivitiesContinuingOperations" xlink:label="CashFlowsFromUsedInOperatingActivitiesContinuingOperations"/>
    <calculationArc xlink:type="arc" xlink:arcrole="http://www.xbrl.org/2003/arcrole/summation-item" xlink:from="CashFlowsFromUsedInOperatingActivities" xlink:to="CashFlowsFromUsedInOperatingActivitiesContinuingOperations" priority="0" order="1.0" weight="1"/>
    <loc xlink:type="locator" xlink:href="../in-gaap-2012-03-31.xsd#in-gaap_CashFlowsFromUsedInOperatingActivitiesDiscontinuedOperations" xlink:label="CashFlowsFromUsedInOperatingActivitiesDiscontinuedOperations"/>
    <calculationArc xlink:type="arc" xlink:arcrole="http://www.xbrl.org/2003/arcrole/summation-item" xlink:from="CashFlowsFromUsedInOperatingActivities" xlink:to="CashFlowsFromUsedInOperatingActivitiesDiscontinuedOperations" priority="0" order="2.0" weight="1"/>
    <loc xlink:type="locator" xlink:href="../in-gaap-2012-03-31.xsd#in-gaap_CashFlowsFromUsedInInvestingActivities" xlink:label="CashFlowsFromUsedInInvestingActivities"/>
    <loc xlink:type="locator" xlink:href="../in-gaap-2012-03-31.xsd#in-gaap_CashFlowsFromUsedInInvestingActivitiesContinuingOperations" xlink:label="CashFlowsFromUsedInInvestingActivitiesContinuingOperations"/>
    <calculationArc xlink:type="arc" xlink:arcrole="http://www.xbrl.org/2003/arcrole/summation-item" xlink:from="CashFlowsFromUsedInInvestingActivities" xlink:to="CashFlowsFromUsedInInvestingActivitiesContinuingOperations" priority="0" order="1.0" weight="1"/>
    <loc xlink:type="locator" xlink:href="../in-gaap-2012-03-31.xsd#in-gaap_CashFlowsFromUsedInInvestingActivitiesDiscontinuedOperations" xlink:label="CashFlowsFromUsedInInvestingActivitiesDiscontinuedOperations"/>
    <calculationArc xlink:type="arc" xlink:arcrole="http://www.xbrl.org/2003/arcrole/summation-item" xlink:from="CashFlowsFromUsedInInvestingActivities" xlink:to="CashFlowsFromUsedInInvestingActivitiesDiscontinuedOperations" priority="0" order="2.0" weight="1"/>
    <loc xlink:type="locator" xlink:href="../in-gaap-2012-03-31.xsd#in-gaap_CashFlowsFromUsedInFinancingActivities" xlink:label="CashFlowsFromUsedInFinancingActivities"/>
    <loc xlink:type="locator" xlink:href="../in-gaap-2012-03-31.xsd#in-gaap_CashFlowsFromUsedInFinancingActivitiesContinuingOperations" xlink:label="CashFlowsFromUsedInFinancingActivitiesContinuingOperations"/>
    <calculationArc xlink:type="arc" xlink:arcrole="http://www.xbrl.org/2003/arcrole/summation-item" xlink:from="CashFlowsFromUsedInFinancingActivities" xlink:to="CashFlowsFromUsedInFinancingActivitiesContinuingOperations" priority="0" order="1.0" weight="1"/>
    <loc xlink:type="locator" xlink:href="../in-gaap-2012-03-31.xsd#in-gaap_CashFlowsFromUsedInFinancingActivitiesDiscontinuedOperations" xlink:label="CashFlowsFromUsedInFinancingActivitiesDiscontinuedOperations"/>
    <calculationArc xlink:type="arc" xlink:arcrole="http://www.xbrl.org/2003/arcrole/summation-item" xlink:from="CashFlowsFromUsedInFinancingActivities" xlink:to="CashFlowsFromUsedInFinancingActivitiesDiscontinuedOperations" priority="0" order="2.0" weight="1"/>
  </calculationLink>
</linkbase>
