<?xml version="1.0" encoding="US-ASCII"?>
<!-- Generated by Fujitsu Interstage XWand B0166 -->
<linkbase xmlns="http://www.xbrl.org/2003/linkbase" xmlns:xsi="http://www.w3.org/2001/XMLSchema-instance" xmlns:xlink="http://www.w3.org/1999/xlink" xmlns:xbrli="http://www.xbrl.org/2003/instance">
  <roleRef roleURI="http://www.icai.org/xbrl/taxonomy/role/in-gaap/NotesLeases" xlink:type="simple" xlink:href="../in-gaap-roles-2012-03-31.xsd#in-gaap-rol-201400"/>
  <calculationLink xlink:type="extended" xlink:role="http://www.icai.org/xbrl/taxonomy/role/in-gaap/NotesLeases">
    <loc xlink:type="locator" xlink:href="../in-gaap-2012-03-31.xsd#in-gaap_LeasePaymentsRecognisedAsExpense" xlink:label="LeasePaymentsRecognisedAsExpense"/>
    <loc xlink:type="locator" xlink:href="../in-gaap-2012-03-31.xsd#in-gaap_MinimumLeasePaymentsRecognisedAsExpenseClassifiedAsOperatingLease" xlink:label="MinimumLeasePaymentsRecognisedAsExpenseClassifiedAsOperatingLease"/>
    <calculationArc xlink:type="arc" xlink:arcrole="http://www.xbrl.org/2003/arcrole/summation-item" xlink:from="LeasePaymentsRecognisedAsExpense" xlink:to="MinimumLeasePaymentsRecognisedAsExpenseClassifiedAsOperatingLease" priority="0" order="1.0" weight="1"/>
    <loc xlink:type="locator" xlink:href="../in-gaap-2012-03-31.xsd#in-gaap_ContingentRentsRecognisedAsExpenseClassifiedAsOperatingLease" xlink:label="ContingentRentsRecognisedAsExpenseClassifiedAsOperatingLease"/>
    <calculationArc xlink:type="arc" xlink:arcrole="http://www.xbrl.org/2003/arcrole/summation-item" xlink:from="LeasePaymentsRecognisedAsExpense" xlink:to="ContingentRentsRecognisedAsExpenseClassifiedAsOperatingLease" priority="0" order="2.0" weight="1"/>
  </calculationLink>
</linkbase>
