<?xml version="1.0" encoding="US-ASCII"?>
<!-- Generated by Fujitsu Interstage XWand B0166 -->
<linkbase xmlns="http://www.xbrl.org/2003/linkbase" xmlns:xsi="http://www.w3.org/2001/XMLSchema-instance" xmlns:xlink="http://www.w3.org/1999/xlink" xmlns:xbrli="http://www.xbrl.org/2003/instance">
  <roleRef roleURI="http://www.icai.org/xbrl/taxonomy/role/in-gaap/NotesSegments" xlink:type="simple" xlink:href="../in-gaap-roles-2012-03-31.xsd#in-gaap-rol-201300"/>
  <calculationLink xlink:type="extended" xlink:role="http://www.icai.org/xbrl/taxonomy/role/in-gaap/NotesSegments">
    <loc xlink:type="locator" xlink:href="../in-gaap-2012-03-31.xsd#in-gaap_CostIncurredToAcquireTangibleAndIntangibleAssets" xlink:label="CostIncurredToAcquireTangibleAndIntangibleAssets"/>
    <loc xlink:type="locator" xlink:href="../in-gaap-2012-03-31.xsd#in-gaap_CostIncurredToAcquireTangibleAssets" xlink:label="CostIncurredToAcquireTangibleAssets"/>
    <calculationArc xlink:type="arc" xlink:arcrole="http://www.xbrl.org/2003/arcrole/summation-item" xlink:from="CostIncurredToAcquireTangibleAndIntangibleAssets" xlink:to="CostIncurredToAcquireTangibleAssets" priority="0" order="1.0" weight="1"/>
    <loc xlink:type="locator" xlink:href="../in-gaap-2012-03-31.xsd#in-gaap_CostIncurredToAcquireIntangibleAssets" xlink:label="CostIncurredToAcquireIntangibleAssets"/>
    <calculationArc xlink:type="arc" xlink:arcrole="http://www.xbrl.org/2003/arcrole/summation-item" xlink:from="CostIncurredToAcquireTangibleAndIntangibleAssets" xlink:to="CostIncurredToAcquireIntangibleAssets" priority="0" order="2.0" weight="1"/>
    <loc xlink:type="locator" xlink:href="../in-gaap-2012-03-31.xsd#in-gaap_RevenuesFromExternalCustomersAndTransactionsWithOtherReportableSegmentsOfSameEnterprise" xlink:label="RevenuesFromExternalCustomersAndTransactionsWithOtherReportableSegmentsOfSameEnterprise"/>
    <loc xlink:type="locator" xlink:href="../in-gaap-2012-03-31.xsd#in-gaap_Revenue" xlink:label="Revenue"/>
    <calculationArc xlink:type="arc" xlink:arcrole="http://www.xbrl.org/2003/arcrole/summation-item" xlink:from="RevenuesFromExternalCustomersAndTransactionsWithOtherReportableSegmentsOfSameEnterprise" xlink:to="Revenue" priority="0" order="1.0" weight="1"/>
    <loc xlink:type="locator" xlink:href="../in-gaap-2012-03-31.xsd#in-gaap_RevenuesFromTransactionsWithOtherReportableSegmentsOfSameEnterprise" xlink:label="RevenuesFromTransactionsWithOtherReportableSegmentsOfSameEnterprise"/>
    <calculationArc xlink:type="arc" xlink:arcrole="http://www.xbrl.org/2003/arcrole/summation-item" xlink:from="RevenuesFromExternalCustomersAndTransactionsWithOtherReportableSegmentsOfSameEnterprise" xlink:to="RevenuesFromTransactionsWithOtherReportableSegmentsOfSameEnterprise" priority="0" order="2.0" weight="1"/>
  </calculationLink>
</linkbase>
