<?xml version="1.0" encoding="US-ASCII"?>
<!-- Generated by Fujitsu Interstage XWand B0166 -->
<linkbase xmlns="http://www.xbrl.org/2003/linkbase" xmlns:xsi="http://www.w3.org/2001/XMLSchema-instance" xmlns:xlink="http://www.w3.org/1999/xlink" xmlns:xbrli="http://www.xbrl.org/2003/instance">
  <roleRef roleURI="http://www.icai.org/xbrl/taxonomy/role/in-gaap/NotesCashFlowStatements" xlink:type="simple" xlink:href="../in-gaap-roles-2012-03-31.xsd#in-gaap-rol-202700"/>
  <calculationLink xlink:type="extended" xlink:role="http://www.icai.org/xbrl/taxonomy/role/in-gaap/NotesCashFlowStatements">
    <loc xlink:type="locator" xlink:href="../in-gaap-2012-03-31.xsd#in-gaap_CashAndCashEquivalentsIfDifferentFromStatementOfFinancialPosition" xlink:label="CashAndCashEquivalentsIfDifferentFromStatementOfFinancialPosition"/>
    <loc xlink:type="locator" xlink:href="../in-gaap-2012-03-31.xsd#in-gaap_CashAndCashEquivalents" xlink:label="CashAndCashEquivalents"/>
    <calculationArc xlink:type="arc" xlink:arcrole="http://www.xbrl.org/2003/arcrole/summation-item" xlink:from="CashAndCashEquivalentsIfDifferentFromStatementOfFinancialPosition" xlink:to="CashAndCashEquivalents" priority="0" order="1.0" weight="1"/>
    <loc xlink:type="locator" xlink:href="../in-gaap-2012-03-31.xsd#in-gaap_BankOverdraftsClassifiedAsCashEquivalents" xlink:label="BankOverdraftsClassifiedAsCashEquivalents"/>
    <calculationArc xlink:type="arc" xlink:arcrole="http://www.xbrl.org/2003/arcrole/summation-item" xlink:from="CashAndCashEquivalentsIfDifferentFromStatementOfFinancialPosition" xlink:to="BankOverdraftsClassifiedAsCashEquivalents" priority="0" order="2.0" weight="-1"/>
    <loc xlink:type="locator" xlink:href="../in-gaap-2012-03-31.xsd#in-gaap_OtherDifferencesToCashAndCashEquivalentsInStatementOfCashFlows" xlink:label="OtherDifferencesToCashAndCashEquivalentsInStatementOfCashFlows"/>
    <calculationArc xlink:type="arc" xlink:arcrole="http://www.xbrl.org/2003/arcrole/summation-item" xlink:from="CashAndCashEquivalentsIfDifferentFromStatementOfFinancialPosition" xlink:to="OtherDifferencesToCashAndCashEquivalentsInStatementOfCashFlows" priority="0" order="3.0" weight="-1"/>
    <loc xlink:type="locator" xlink:href="../in-gaap-2012-03-31.xsd#in-gaap_IncomeTaxesPaidRefund" xlink:label="IncomeTaxesPaidRefund"/>
    <loc xlink:type="locator" xlink:href="../in-gaap-2012-03-31.xsd#in-gaap_IncomeTaxesPaidRefundClassifiedAsOperatingActivities" xlink:label="IncomeTaxesPaidRefundClassifiedAsOperatingActivities"/>
    <calculationArc xlink:type="arc" xlink:arcrole="http://www.xbrl.org/2003/arcrole/summation-item" xlink:from="IncomeTaxesPaidRefund" xlink:to="IncomeTaxesPaidRefundClassifiedAsOperatingActivities" priority="0" order="1.0" weight="1"/>
    <loc xlink:type="locator" xlink:href="../in-gaap-2012-03-31.xsd#in-gaap_IncomeTaxesPaidRefundClassifiedAsInvestingActivities" xlink:label="IncomeTaxesPaidRefundClassifiedAsInvestingActivities"/>
    <calculationArc xlink:type="arc" xlink:arcrole="http://www.xbrl.org/2003/arcrole/summation-item" xlink:from="IncomeTaxesPaidRefund" xlink:to="IncomeTaxesPaidRefundClassifiedAsInvestingActivities" priority="0" order="2.0" weight="1"/>
    <loc xlink:type="locator" xlink:href="../in-gaap-2012-03-31.xsd#in-gaap_IncomeTaxesPaidRefundClassifiedAsFinancingActivities" xlink:label="IncomeTaxesPaidRefundClassifiedAsFinancingActivities"/>
    <calculationArc xlink:type="arc" xlink:arcrole="http://www.xbrl.org/2003/arcrole/summation-item" xlink:from="IncomeTaxesPaidRefund" xlink:to="IncomeTaxesPaidRefundClassifiedAsFinancingActivities" priority="0" order="3.0" weight="1"/>
  </calculationLink>
</linkbase>
