<?xml version="1.0" encoding="US-ASCII"?>
<!-- Generated by Fujitsu Interstage XWand B0166 -->
<linkbase xmlns="http://www.xbrl.org/2003/linkbase" xmlns:xsi="http://www.w3.org/2001/XMLSchema-instance" xmlns:xlink="http://www.w3.org/1999/xlink" xmlns:xbrli="http://www.xbrl.org/2003/instance">
  <roleRef roleURI="http://www.icai.org/xbrl/taxonomy/role/in-gaap/NotesOtherProvisionsContingentLiabilitiesAndContingentAssets" xlink:type="simple" xlink:href="../in-gaap-roles-2012-03-31.xsd#in-gaap-rol-202100"/>
  <calculationLink xlink:type="extended" xlink:role="http://www.icai.org/xbrl/taxonomy/role/in-gaap/NotesOtherProvisionsContingentLiabilitiesAndContingentAssets">
    <loc xlink:type="locator" xlink:href="../in-gaap-2012-03-31.xsd#in-gaap_ChangesInOtherProvisions" xlink:label="ChangesInOtherProvisions"/>
    <loc xlink:type="locator" xlink:href="../in-gaap-2012-03-31.xsd#in-gaap_AdditionalProvisionsOtherProvisions" xlink:label="AdditionalProvisionsOtherProvisions"/>
    <calculationArc xlink:type="arc" xlink:arcrole="http://www.xbrl.org/2003/arcrole/summation-item" xlink:from="ChangesInOtherProvisions" xlink:to="AdditionalProvisionsOtherProvisions" priority="0" order="1.0" weight="1"/>
    <loc xlink:type="locator" xlink:href="../in-gaap-2012-03-31.xsd#in-gaap_IncreaseInExistingOtherProvisions" xlink:label="IncreaseInExistingOtherProvisions"/>
    <calculationArc xlink:type="arc" xlink:arcrole="http://www.xbrl.org/2003/arcrole/summation-item" xlink:from="ChangesInOtherProvisions" xlink:to="IncreaseInExistingOtherProvisions" priority="0" order="2.0" weight="1"/>
    <loc xlink:type="locator" xlink:href="../in-gaap-2012-03-31.xsd#in-gaap_ProvisionUsedOtherProvisions" xlink:label="ProvisionUsedOtherProvisions"/>
    <calculationArc xlink:type="arc" xlink:arcrole="http://www.xbrl.org/2003/arcrole/summation-item" xlink:from="ChangesInOtherProvisions" xlink:to="ProvisionUsedOtherProvisions" priority="0" order="3.0" weight="-1"/>
    <loc xlink:type="locator" xlink:href="../in-gaap-2012-03-31.xsd#in-gaap_UnusedProvisionReversedOtherProvisions" xlink:label="UnusedProvisionReversedOtherProvisions"/>
    <calculationArc xlink:type="arc" xlink:arcrole="http://www.xbrl.org/2003/arcrole/summation-item" xlink:from="ChangesInOtherProvisions" xlink:to="UnusedProvisionReversedOtherProvisions" priority="0" order="4.0" weight="-1"/>
  </calculationLink>
</linkbase>
