<?xml version="1.0" encoding="US-ASCII"?>
<!-- Generated by Fujitsu Interstage XWand B0166 -->
<linkbase xmlns="http://www.xbrl.org/2003/linkbase" xmlns:xsi="http://www.w3.org/2001/XMLSchema-instance" xmlns:xlink="http://www.w3.org/1999/xlink" xmlns:xbrli="http://www.xbrl.org/2003/instance">
  <roleRef roleURI="http://www.icai.org/xbrl/taxonomy/role/in-gaap/NotesEmployeeBenefits" xlink:type="simple" xlink:href="../in-gaap-roles-2012-03-31.xsd#in-gaap-rol-201200"/>
  <roleRef roleURI="http://www.icai.org/xbrl/taxonomy/role/in-gaap/NotesEmployeeBenefits1" xlink:type="simple" xlink:href="../in-gaap-roles-2012-03-31.xsd#in-gaap-rol-201200a"/>
  <calculationLink xlink:type="extended" xlink:role="http://www.icai.org/xbrl/taxonomy/role/in-gaap/NotesEmployeeBenefits">
    <loc xlink:type="locator" xlink:href="../in-gaap-2012-03-31.xsd#in-gaap_ChangesInDefinedBenefitObligationAtPresentValue" xlink:label="ChangesInDefinedBenefitObligationAtPresentValue"/>
    <loc xlink:type="locator" xlink:href="../in-gaap-2012-03-31.xsd#in-gaap_IncreaseDecreaseThroughCurrentServiceCostDefinedBenefitObligationAtPresentValue" xlink:label="IncreaseDecreaseThroughCurrentServiceCostDefinedBenefitObligationAtPresentValue"/>
    <calculationArc xlink:type="arc" xlink:arcrole="http://www.xbrl.org/2003/arcrole/summation-item" xlink:from="ChangesInDefinedBenefitObligationAtPresentValue" xlink:to="IncreaseDecreaseThroughCurrentServiceCostDefinedBenefitObligationAtPresentValue" priority="0" order="1.0" weight="1"/>
    <loc xlink:type="locator" xlink:href="../in-gaap-2012-03-31.xsd#in-gaap_IncreaseDecreaseThroughInterestCostDefinedBenefitObligationAtPresentValue" xlink:label="IncreaseDecreaseThroughInterestCostDefinedBenefitObligationAtPresentValue"/>
    <calculationArc xlink:type="arc" xlink:arcrole="http://www.xbrl.org/2003/arcrole/summation-item" xlink:from="ChangesInDefinedBenefitObligationAtPresentValue" xlink:to="IncreaseDecreaseThroughInterestCostDefinedBenefitObligationAtPresentValue" priority="0" order="2.0" weight="1"/>
    <loc xlink:type="locator" xlink:href="../in-gaap-2012-03-31.xsd#in-gaap_AmalgamationsDefinedBenefitObligationAtPresentValue" xlink:label="AmalgamationsDefinedBenefitObligationAtPresentValue"/>
    <calculationArc xlink:type="arc" xlink:arcrole="http://www.xbrl.org/2003/arcrole/summation-item" xlink:from="ChangesInDefinedBenefitObligationAtPresentValue" xlink:to="AmalgamationsDefinedBenefitObligationAtPresentValue" priority="0" order="3.0" weight="1"/>
    <loc xlink:type="locator" xlink:href="../in-gaap-2012-03-31.xsd#in-gaap_DecreaseIncreaseThroughActuarialGainsLossesDefinedBenefitObligationAtPresentValue" xlink:label="DecreaseIncreaseThroughActuarialGainsLossesDefinedBenefitObligationAtPresentValue"/>
    <calculationArc xlink:type="arc" xlink:arcrole="http://www.xbrl.org/2003/arcrole/summation-item" xlink:from="ChangesInDefinedBenefitObligationAtPresentValue" xlink:to="DecreaseIncreaseThroughActuarialGainsLossesDefinedBenefitObligationAtPresentValue" priority="0" order="4.0" weight="-1"/>
    <loc xlink:type="locator" xlink:href="../in-gaap-2012-03-31.xsd#in-gaap_ContributionsByPlanParticipantsDefinedBenefitObligationAtPresentValue" xlink:label="ContributionsByPlanParticipantsDefinedBenefitObligationAtPresentValue"/>
    <calculationArc xlink:type="arc" xlink:arcrole="http://www.xbrl.org/2003/arcrole/summation-item" xlink:from="ChangesInDefinedBenefitObligationAtPresentValue" xlink:to="ContributionsByPlanParticipantsDefinedBenefitObligationAtPresentValue" priority="0" order="5.0" weight="1"/>
    <loc xlink:type="locator" xlink:href="../in-gaap-2012-03-31.xsd#in-gaap_DecreaseThroughBenefitsPaidDefinedBenefitObligationAtPresentValue" xlink:label="DecreaseThroughBenefitsPaidDefinedBenefitObligationAtPresentValue"/>
    <calculationArc xlink:type="arc" xlink:arcrole="http://www.xbrl.org/2003/arcrole/summation-item" xlink:from="ChangesInDefinedBenefitObligationAtPresentValue" xlink:to="DecreaseThroughBenefitsPaidDefinedBenefitObligationAtPresentValue" priority="0" order="6.0" weight="-1"/>
    <loc xlink:type="locator" xlink:href="../in-gaap-2012-03-31.xsd#in-gaap_IncreaseDecreaseThroughPastServiceCostDefinedBenefitObligationAtPresentValue" xlink:label="IncreaseDecreaseThroughPastServiceCostDefinedBenefitObligationAtPresentValue"/>
    <calculationArc xlink:type="arc" xlink:arcrole="http://www.xbrl.org/2003/arcrole/summation-item" xlink:from="ChangesInDefinedBenefitObligationAtPresentValue" xlink:to="IncreaseDecreaseThroughPastServiceCostDefinedBenefitObligationAtPresentValue" priority="0" order="7.0" weight="1"/>
    <loc xlink:type="locator" xlink:href="../in-gaap-2012-03-31.xsd#in-gaap_DecreaseIncreaseThroughCurtailmentsDefinedBenefitObligationAtPresentValue" xlink:label="DecreaseIncreaseThroughCurtailmentsDefinedBenefitObligationAtPresentValue"/>
    <calculationArc xlink:type="arc" xlink:arcrole="http://www.xbrl.org/2003/arcrole/summation-item" xlink:from="ChangesInDefinedBenefitObligationAtPresentValue" xlink:to="DecreaseIncreaseThroughCurtailmentsDefinedBenefitObligationAtPresentValue" priority="0" order="8.0" weight="-1"/>
    <loc xlink:type="locator" xlink:href="../in-gaap-2012-03-31.xsd#in-gaap_DecreaseIncreaseThroughSettlementsDefinedBenefitObligationAtPresentValue" xlink:label="DecreaseIncreaseThroughSettlementsDefinedBenefitObligationAtPresentValue"/>
    <calculationArc xlink:type="arc" xlink:arcrole="http://www.xbrl.org/2003/arcrole/summation-item" xlink:from="ChangesInDefinedBenefitObligationAtPresentValue" xlink:to="DecreaseIncreaseThroughSettlementsDefinedBenefitObligationAtPresentValue" priority="0" order="9.0" weight="-1"/>
    <loc xlink:type="locator" xlink:href="../in-gaap-2012-03-31.xsd#in-gaap_IncreaseDecreaseThroughNetExchangeDifferencesDefinedBenefitObligationAtPresentValue" xlink:label="IncreaseDecreaseThroughNetExchangeDifferencesDefinedBenefitObligationAtPresentValue"/>
    <calculationArc xlink:type="arc" xlink:arcrole="http://www.xbrl.org/2003/arcrole/summation-item" xlink:from="ChangesInDefinedBenefitObligationAtPresentValue" xlink:to="IncreaseDecreaseThroughNetExchangeDifferencesDefinedBenefitObligationAtPresentValue" priority="0" order="10.0" weight="1"/>
    <loc xlink:type="locator" xlink:href="../in-gaap-2012-03-31.xsd#in-gaap_ChangesInPlanAssetsAtFairValue" xlink:label="ChangesInPlanAssetsAtFairValue"/>
    <loc xlink:type="locator" xlink:href="../in-gaap-2012-03-31.xsd#in-gaap_IncreaseDecreaseThroughActuarialGainsLossesPlanAssetsAtFairValue" xlink:label="IncreaseDecreaseThroughActuarialGainsLossesPlanAssetsAtFairValue"/>
    <calculationArc xlink:type="arc" xlink:arcrole="http://www.xbrl.org/2003/arcrole/summation-item" xlink:from="ChangesInPlanAssetsAtFairValue" xlink:to="IncreaseDecreaseThroughActuarialGainsLossesPlanAssetsAtFairValue" priority="0" order="1.0" weight="1"/>
    <loc xlink:type="locator" xlink:href="../in-gaap-2012-03-31.xsd#in-gaap_AmalgamationsPlanAssetsAtFairValue" xlink:label="AmalgamationsPlanAssetsAtFairValue"/>
    <calculationArc xlink:type="arc" xlink:arcrole="http://www.xbrl.org/2003/arcrole/summation-item" xlink:from="ChangesInPlanAssetsAtFairValue" xlink:to="AmalgamationsPlanAssetsAtFairValue" priority="0" order="2.0" weight="1"/>
    <loc xlink:type="locator" xlink:href="../in-gaap-2012-03-31.xsd#in-gaap_IncreaseDecreaseThroughExpectedReturnPlanAssetsAtFairValue" xlink:label="IncreaseDecreaseThroughExpectedReturnPlanAssetsAtFairValue"/>
    <calculationArc xlink:type="arc" xlink:arcrole="http://www.xbrl.org/2003/arcrole/summation-item" xlink:from="ChangesInPlanAssetsAtFairValue" xlink:to="IncreaseDecreaseThroughExpectedReturnPlanAssetsAtFairValue" priority="0" order="3.0" weight="1"/>
    <loc xlink:type="locator" xlink:href="../in-gaap-2012-03-31.xsd#in-gaap_DecreaseThroughBenefitsPaidPlanAssetsAtFairValue" xlink:label="DecreaseThroughBenefitsPaidPlanAssetsAtFairValue"/>
    <calculationArc xlink:type="arc" xlink:arcrole="http://www.xbrl.org/2003/arcrole/summation-item" xlink:from="ChangesInPlanAssetsAtFairValue" xlink:to="DecreaseThroughBenefitsPaidPlanAssetsAtFairValue" priority="0" order="4.0" weight="-1"/>
    <loc xlink:type="locator" xlink:href="../in-gaap-2012-03-31.xsd#in-gaap_IncreaseDecreaseThroughContributionsByPlanParticipantsPlanAssetsAtFairValue" xlink:label="IncreaseDecreaseThroughContributionsByPlanParticipantsPlanAssetsAtFairValue"/>
    <calculationArc xlink:type="arc" xlink:arcrole="http://www.xbrl.org/2003/arcrole/summation-item" xlink:from="ChangesInPlanAssetsAtFairValue" xlink:to="IncreaseDecreaseThroughContributionsByPlanParticipantsPlanAssetsAtFairValue" priority="0" order="5.0" weight="1"/>
    <loc xlink:type="locator" xlink:href="../in-gaap-2012-03-31.xsd#in-gaap_IncreaseDecreaseThroughContributionsByEmployerPlanAssetsAtFairValue" xlink:label="IncreaseDecreaseThroughContributionsByEmployerPlanAssetsAtFairValue"/>
    <calculationArc xlink:type="arc" xlink:arcrole="http://www.xbrl.org/2003/arcrole/summation-item" xlink:from="ChangesInPlanAssetsAtFairValue" xlink:to="IncreaseDecreaseThroughContributionsByEmployerPlanAssetsAtFairValue" priority="0" order="6.0" weight="1"/>
    <loc xlink:type="locator" xlink:href="../in-gaap-2012-03-31.xsd#in-gaap_IncreaseDecreaseThroughNetExchangeDifferencesPlanAssetsAtFairValue" xlink:label="IncreaseDecreaseThroughNetExchangeDifferencesPlanAssetsAtFairValue"/>
    <calculationArc xlink:type="arc" xlink:arcrole="http://www.xbrl.org/2003/arcrole/summation-item" xlink:from="ChangesInPlanAssetsAtFairValue" xlink:to="IncreaseDecreaseThroughNetExchangeDifferencesPlanAssetsAtFairValue" priority="0" order="7.0" weight="1"/>
    <loc xlink:type="locator" xlink:href="../in-gaap-2012-03-31.xsd#in-gaap_DecreaseIncreaseThroughSettlementsPlanAssetsAtFairValue" xlink:label="DecreaseIncreaseThroughSettlementsPlanAssetsAtFairValue"/>
    <calculationArc xlink:type="arc" xlink:arcrole="http://www.xbrl.org/2003/arcrole/summation-item" xlink:from="ChangesInPlanAssetsAtFairValue" xlink:to="DecreaseIncreaseThroughSettlementsPlanAssetsAtFairValue" priority="0" order="8.0" weight="-1"/>
    <loc xlink:type="locator" xlink:href="../in-gaap-2012-03-31.xsd#in-gaap_ChangesInReimbursementRightsAtFairValue" xlink:label="ChangesInReimbursementRightsAtFairValue"/>
    <loc xlink:type="locator" xlink:href="../in-gaap-2012-03-31.xsd#in-gaap_IncreaseDecreaseThroughActuarialGainsLossesReimbursementRightsAtFairValue" xlink:label="IncreaseDecreaseThroughActuarialGainsLossesReimbursementRightsAtFairValue"/>
    <calculationArc xlink:type="arc" xlink:arcrole="http://www.xbrl.org/2003/arcrole/summation-item" xlink:from="ChangesInReimbursementRightsAtFairValue" xlink:to="IncreaseDecreaseThroughActuarialGainsLossesReimbursementRightsAtFairValue" priority="0" order="1.0" weight="1"/>
    <loc xlink:type="locator" xlink:href="../in-gaap-2012-03-31.xsd#in-gaap_AmalgamationsReimbursementRightsAtFairValue" xlink:label="AmalgamationsReimbursementRightsAtFairValue"/>
    <calculationArc xlink:type="arc" xlink:arcrole="http://www.xbrl.org/2003/arcrole/summation-item" xlink:from="ChangesInReimbursementRightsAtFairValue" xlink:to="AmalgamationsReimbursementRightsAtFairValue" priority="0" order="2.0" weight="1"/>
    <loc xlink:type="locator" xlink:href="../in-gaap-2012-03-31.xsd#in-gaap_IncreaseDecreaseThroughExpectedReturnReimbursementRightsAtFairValue" xlink:label="IncreaseDecreaseThroughExpectedReturnReimbursementRightsAtFairValue"/>
    <calculationArc xlink:type="arc" xlink:arcrole="http://www.xbrl.org/2003/arcrole/summation-item" xlink:from="ChangesInReimbursementRightsAtFairValue" xlink:to="IncreaseDecreaseThroughExpectedReturnReimbursementRightsAtFairValue" priority="0" order="3.0" weight="1"/>
    <loc xlink:type="locator" xlink:href="../in-gaap-2012-03-31.xsd#in-gaap_DecreaseThroughBenefitsPaidReimbursementRightsAtFairValue" xlink:label="DecreaseThroughBenefitsPaidReimbursementRightsAtFairValue"/>
    <calculationArc xlink:type="arc" xlink:arcrole="http://www.xbrl.org/2003/arcrole/summation-item" xlink:from="ChangesInReimbursementRightsAtFairValue" xlink:to="DecreaseThroughBenefitsPaidReimbursementRightsAtFairValue" priority="0" order="4.0" weight="-1"/>
    <loc xlink:type="locator" xlink:href="../in-gaap-2012-03-31.xsd#in-gaap_IncreaseDecreaseThroughContributionsByPlanParticipantsReimbursementRightsAtFairValue" xlink:label="IncreaseDecreaseThroughContributionsByPlanParticipantsReimbursementRightsAtFairValue"/>
    <calculationArc xlink:type="arc" xlink:arcrole="http://www.xbrl.org/2003/arcrole/summation-item" xlink:from="ChangesInReimbursementRightsAtFairValue" xlink:to="IncreaseDecreaseThroughContributionsByPlanParticipantsReimbursementRightsAtFairValue" priority="0" order="5.0" weight="1"/>
    <loc xlink:type="locator" xlink:href="../in-gaap-2012-03-31.xsd#in-gaap_IncreaseDecreaseThroughContributionsByEmployerReimbursementRightsAtFairValue" xlink:label="IncreaseDecreaseThroughContributionsByEmployerReimbursementRightsAtFairValue"/>
    <calculationArc xlink:type="arc" xlink:arcrole="http://www.xbrl.org/2003/arcrole/summation-item" xlink:from="ChangesInReimbursementRightsAtFairValue" xlink:to="IncreaseDecreaseThroughContributionsByEmployerReimbursementRightsAtFairValue" priority="0" order="6.0" weight="1"/>
    <loc xlink:type="locator" xlink:href="../in-gaap-2012-03-31.xsd#in-gaap_IncreaseDecreaseThroughNetExchangeDifferencesReimbursementRightsAtFairValue" xlink:label="IncreaseDecreaseThroughNetExchangeDifferencesReimbursementRightsAtFairValue"/>
    <calculationArc xlink:type="arc" xlink:arcrole="http://www.xbrl.org/2003/arcrole/summation-item" xlink:from="ChangesInReimbursementRightsAtFairValue" xlink:to="IncreaseDecreaseThroughNetExchangeDifferencesReimbursementRightsAtFairValue" priority="0" order="7.0" weight="1"/>
    <loc xlink:type="locator" xlink:href="../in-gaap-2012-03-31.xsd#in-gaap_DecreaseIncreaseThroughSettlementsReimbursementRightsAtFairValue" xlink:label="DecreaseIncreaseThroughSettlementsReimbursementRightsAtFairValue"/>
    <calculationArc xlink:type="arc" xlink:arcrole="http://www.xbrl.org/2003/arcrole/summation-item" xlink:from="ChangesInReimbursementRightsAtFairValue" xlink:to="DecreaseIncreaseThroughSettlementsReimbursementRightsAtFairValue" priority="0" order="8.0" weight="-1"/>
    <loc xlink:type="locator" xlink:href="../in-gaap-2012-03-31.xsd#in-gaap_PostemploymentBenefitExpenseDefinedBenefitPlans" xlink:label="PostemploymentBenefitExpenseDefinedBenefitPlans"/>
    <loc xlink:type="locator" xlink:href="../in-gaap-2012-03-31.xsd#in-gaap_CurrentServiceCostDefinedBenefitPlan" xlink:label="CurrentServiceCostDefinedBenefitPlan"/>
    <calculationArc xlink:type="arc" xlink:arcrole="http://www.xbrl.org/2003/arcrole/summation-item" xlink:from="PostemploymentBenefitExpenseDefinedBenefitPlans" xlink:to="CurrentServiceCostDefinedBenefitPlan" priority="0" order="1.0" weight="1"/>
    <loc xlink:type="locator" xlink:href="../in-gaap-2012-03-31.xsd#in-gaap_InterestCostDefinedBenefitPlan" xlink:label="InterestCostDefinedBenefitPlan"/>
    <calculationArc xlink:type="arc" xlink:arcrole="http://www.xbrl.org/2003/arcrole/summation-item" xlink:from="PostemploymentBenefitExpenseDefinedBenefitPlans" xlink:to="InterestCostDefinedBenefitPlan" priority="0" order="2.0" weight="1"/>
    <loc xlink:type="locator" xlink:href="../in-gaap-2012-03-31.xsd#in-gaap_ExpectedReturnOnPlanAssetsDefinedBenefitPlan" xlink:label="ExpectedReturnOnPlanAssetsDefinedBenefitPlan"/>
    <calculationArc xlink:type="arc" xlink:arcrole="http://www.xbrl.org/2003/arcrole/summation-item" xlink:from="PostemploymentBenefitExpenseDefinedBenefitPlans" xlink:to="ExpectedReturnOnPlanAssetsDefinedBenefitPlan" priority="0" order="3.0" weight="-1"/>
    <loc xlink:type="locator" xlink:href="../in-gaap-2012-03-31.xsd#in-gaap_ExpectedReturnOnRecognisedAssetsForReimbursementRightDefinedBenefitPlan" xlink:label="ExpectedReturnOnRecognisedAssetsForReimbursementRightDefinedBenefitPlan"/>
    <calculationArc xlink:type="arc" xlink:arcrole="http://www.xbrl.org/2003/arcrole/summation-item" xlink:from="PostemploymentBenefitExpenseDefinedBenefitPlans" xlink:to="ExpectedReturnOnRecognisedAssetsForReimbursementRightDefinedBenefitPlan" priority="0" order="4.0" weight="-1"/>
    <loc xlink:type="locator" xlink:href="../in-gaap-2012-03-31.xsd#in-gaap_ActuarialGainsLossesRecognisedInProfitOrLossDefinedBenefitPlan" xlink:label="ActuarialGainsLossesRecognisedInProfitOrLossDefinedBenefitPlan"/>
    <calculationArc xlink:type="arc" xlink:arcrole="http://www.xbrl.org/2003/arcrole/summation-item" xlink:from="PostemploymentBenefitExpenseDefinedBenefitPlans" xlink:to="ActuarialGainsLossesRecognisedInProfitOrLossDefinedBenefitPlan" priority="0" order="5.0" weight="-1"/>
    <loc xlink:type="locator" xlink:href="../in-gaap-2012-03-31.xsd#in-gaap_PastServiceCostRecognisedInProfitOrLossDefinedBenefitPlan" xlink:label="PastServiceCostRecognisedInProfitOrLossDefinedBenefitPlan"/>
    <calculationArc xlink:type="arc" xlink:arcrole="http://www.xbrl.org/2003/arcrole/summation-item" xlink:from="PostemploymentBenefitExpenseDefinedBenefitPlans" xlink:to="PastServiceCostRecognisedInProfitOrLossDefinedBenefitPlan" priority="0" order="6.0" weight="1"/>
    <loc xlink:type="locator" xlink:href="../in-gaap-2012-03-31.xsd#in-gaap_EffectOfCurtailmentAndSettlementRecognisedInProfitOrLossDefinedBenefitPlan" xlink:label="EffectOfCurtailmentAndSettlementRecognisedInProfitOrLossDefinedBenefitPlan"/>
    <calculationArc xlink:type="arc" xlink:arcrole="http://www.xbrl.org/2003/arcrole/summation-item" xlink:from="PostemploymentBenefitExpenseDefinedBenefitPlans" xlink:to="EffectOfCurtailmentAndSettlementRecognisedInProfitOrLossDefinedBenefitPlan" priority="0" order="7.0" weight="-1"/>
    <loc xlink:type="locator" xlink:href="../in-gaap-2012-03-31.xsd#in-gaap_EffectsOfLimitInAS15Paragraph59B" xlink:label="EffectsOfLimitInAS15Paragraph59B"/>
    <calculationArc xlink:type="arc" xlink:arcrole="http://www.xbrl.org/2003/arcrole/summation-item" xlink:from="PostemploymentBenefitExpenseDefinedBenefitPlans" xlink:to="EffectsOfLimitInAS15Paragraph59B" priority="0" order="8.0" weight="-1"/>
    <loc xlink:type="locator" xlink:href="../in-gaap-2012-03-31.xsd#in-gaap_ActualReturnOnPlanAssetsAndReimbursementRightRecognisedAsAsset" xlink:label="ActualReturnOnPlanAssetsAndReimbursementRightRecognisedAsAsset"/>
    <loc xlink:type="locator" xlink:href="../in-gaap-2012-03-31.xsd#in-gaap_ActualReturnOnPlanAssetsRecognisedAsAsset" xlink:label="ActualReturnOnPlanAssetsRecognisedAsAsset"/>
    <calculationArc xlink:type="arc" xlink:arcrole="http://www.xbrl.org/2003/arcrole/summation-item" xlink:from="ActualReturnOnPlanAssetsAndReimbursementRightRecognisedAsAsset" xlink:to="ActualReturnOnPlanAssetsRecognisedAsAsset" priority="0" order="1.0" weight="1"/>
    <loc xlink:type="locator" xlink:href="../in-gaap-2012-03-31.xsd#in-gaap_ActualReturnOnReimbursementRightRecognisedAsAsset" xlink:label="ActualReturnOnReimbursementRightRecognisedAsAsset"/>
    <calculationArc xlink:type="arc" xlink:arcrole="http://www.xbrl.org/2003/arcrole/summation-item" xlink:from="ActualReturnOnPlanAssetsAndReimbursementRightRecognisedAsAsset" xlink:to="ActualReturnOnReimbursementRightRecognisedAsAsset" priority="0" order="2.0" weight="1"/>
    <loc xlink:type="locator" xlink:href="../in-gaap-2012-03-31.xsd#in-gaap_SurplusDeficitInPlan" xlink:label="SurplusDeficitInPlan"/>
    <loc xlink:type="locator" xlink:href="../in-gaap-2012-03-31.xsd#in-gaap_DefinedBenefitObligationAtPresentValue" xlink:label="DefinedBenefitObligationAtPresentValue"/>
    <calculationArc xlink:type="arc" xlink:arcrole="http://www.xbrl.org/2003/arcrole/summation-item" xlink:from="SurplusDeficitInPlan" xlink:to="DefinedBenefitObligationAtPresentValue" priority="0" order="1.0" weight="-1"/>
    <loc xlink:type="locator" xlink:href="../in-gaap-2012-03-31.xsd#in-gaap_PlanAssetsAtFairValue" xlink:label="PlanAssetsAtFairValue"/>
    <calculationArc xlink:type="arc" xlink:arcrole="http://www.xbrl.org/2003/arcrole/summation-item" xlink:from="SurplusDeficitInPlan" xlink:to="PlanAssetsAtFairValue" priority="0" order="2.0" weight="1"/>
    <loc xlink:type="locator" xlink:href="../in-gaap-2012-03-31.xsd#in-gaap_LiabilityAssetOfDefinedBenefitPlans" xlink:label="LiabilityAssetOfDefinedBenefitPlans"/>
    <loc xlink:type="locator" xlink:href="../in-gaap-2012-03-31.xsd#in-gaap_RecognisedLiabilitiesDefinedBenefitPlan" xlink:label="RecognisedLiabilitiesDefinedBenefitPlan"/>
    <calculationArc xlink:type="arc" xlink:arcrole="http://www.xbrl.org/2003/arcrole/summation-item" xlink:from="LiabilityAssetOfDefinedBenefitPlans" xlink:to="RecognisedLiabilitiesDefinedBenefitPlan" priority="0" order="1.0" weight="1"/>
    <loc xlink:type="locator" xlink:href="../in-gaap-2012-03-31.xsd#in-gaap_RecognisedAssetsDefinedBenefitPlan" xlink:label="RecognisedAssetsDefinedBenefitPlan"/>
    <calculationArc xlink:type="arc" xlink:arcrole="http://www.xbrl.org/2003/arcrole/summation-item" xlink:from="LiabilityAssetOfDefinedBenefitPlans" xlink:to="RecognisedAssetsDefinedBenefitPlan" priority="0" order="2.0" weight="-1"/>
  </calculationLink>
  <calculationLink xlink:type="extended" xlink:role="http://www.icai.org/xbrl/taxonomy/role/in-gaap/NotesEmployeeBenefits1">
    <loc xlink:type="locator" xlink:href="../in-gaap-2012-03-31.xsd#in-gaap_LiabilityAssetOfDefinedBenefitPlans" xlink:label="LiabilityAssetOfDefinedBenefitPlans"/>
    <loc xlink:type="locator" xlink:href="../in-gaap-2012-03-31.xsd#in-gaap_DefinedBenefitObligationAtPresentValue" xlink:label="DefinedBenefitObligationAtPresentValue"/>
    <calculationArc xlink:type="arc" xlink:arcrole="http://www.xbrl.org/2003/arcrole/summation-item" xlink:from="LiabilityAssetOfDefinedBenefitPlans" xlink:to="DefinedBenefitObligationAtPresentValue" priority="0" order="1.0" weight="1"/>
    <loc xlink:type="locator" xlink:href="../in-gaap-2012-03-31.xsd#in-gaap_PlanAssetsAtFairValue" xlink:label="PlanAssetsAtFairValue"/>
    <calculationArc xlink:type="arc" xlink:arcrole="http://www.xbrl.org/2003/arcrole/summation-item" xlink:from="LiabilityAssetOfDefinedBenefitPlans" xlink:to="PlanAssetsAtFairValue" priority="0" order="2.0" weight="-1"/>
    <loc xlink:type="locator" xlink:href="../in-gaap-2012-03-31.xsd#in-gaap_ReimbursementRightsAtFairValue" xlink:label="ReimbursementRightsAtFairValue"/>
    <calculationArc xlink:type="arc" xlink:arcrole="http://www.xbrl.org/2003/arcrole/summation-item" xlink:from="LiabilityAssetOfDefinedBenefitPlans" xlink:to="ReimbursementRightsAtFairValue" priority="0" order="3.0" weight="-1"/>
    <loc xlink:type="locator" xlink:href="../in-gaap-2012-03-31.xsd#in-gaap_UnrecognisedPastServiceCostNegativePastServiceCost" xlink:label="UnrecognisedPastServiceCostNegativePastServiceCost"/>
    <calculationArc xlink:type="arc" xlink:arcrole="http://www.xbrl.org/2003/arcrole/summation-item" xlink:from="LiabilityAssetOfDefinedBenefitPlans" xlink:to="UnrecognisedPastServiceCostNegativePastServiceCost" priority="0" order="4.0" weight="1"/>
    <loc xlink:type="locator" xlink:href="../in-gaap-2012-03-31.xsd#in-gaap_UnrecognisedAssetsOfDefinedBenefitPlans" xlink:label="UnrecognisedAssetsOfDefinedBenefitPlans"/>
    <calculationArc xlink:type="arc" xlink:arcrole="http://www.xbrl.org/2003/arcrole/summation-item" xlink:from="LiabilityAssetOfDefinedBenefitPlans" xlink:to="UnrecognisedAssetsOfDefinedBenefitPlans" priority="0" order="5.0" weight="-1"/>
    <loc xlink:type="locator" xlink:href="../in-gaap-2012-03-31.xsd#in-gaap_OtherAmountsRecognisedForDefinedBenefitPlans" xlink:label="OtherAmountsRecognisedForDefinedBenefitPlans"/>
    <calculationArc xlink:type="arc" xlink:arcrole="http://www.xbrl.org/2003/arcrole/summation-item" xlink:from="LiabilityAssetOfDefinedBenefitPlans" xlink:to="OtherAmountsRecognisedForDefinedBenefitPlans" priority="0" order="6.0" weight="1"/>
  </calculationLink>
</linkbase>
