<?xml version="1.0" encoding="US-ASCII"?>
<!-- Generated by Fujitsu Interstage XWand B0166 -->
<linkbase xmlns="http://www.xbrl.org/2003/linkbase" xmlns:xsi="http://www.w3.org/2001/XMLSchema-instance" xmlns:xlink="http://www.w3.org/1999/xlink" xmlns:xbrli="http://www.xbrl.org/2003/instance">
  <roleRef roleURI="http://www.icai.org/xbrl/taxonomy/role/in-gaap/NotesShareCapital" xlink:type="simple" xlink:href="../in-gaap-roles-2012-03-31.xsd#in-gaap-rol-200100"/>
  <calculationLink xlink:type="extended" xlink:role="http://www.icai.org/xbrl/taxonomy/role/in-gaap/NotesShareCapital">
    <loc xlink:type="locator" xlink:href="../in-gaap-2012-03-31.xsd#in-gaap_ApplicationMoneyReceivedForAllotmentOfSecuritiesAndDueForRefundAndInterestAccruedThereon" xlink:label="ApplicationMoneyReceivedForAllotmentOfSecuritiesAndDueForRefundAndInterestAccruedThereon"/>
    <loc xlink:type="locator" xlink:href="../in-gaap-2012-03-31.xsd#in-gaap_ApplicationMoneyReceivedForAllotmentOfSecuritiesAndDueForRefundPrincipal" xlink:label="ApplicationMoneyReceivedForAllotmentOfSecuritiesAndDueForRefundPrincipal"/>
    <calculationArc xlink:type="arc" xlink:arcrole="http://www.xbrl.org/2003/arcrole/summation-item" xlink:from="ApplicationMoneyReceivedForAllotmentOfSecuritiesAndDueForRefundAndInterestAccruedThereon" xlink:to="ApplicationMoneyReceivedForAllotmentOfSecuritiesAndDueForRefundPrincipal" priority="0" order="1.0" weight="1"/>
    <loc xlink:type="locator" xlink:href="../in-gaap-2012-03-31.xsd#in-gaap_ApplicationMoneyReceivedForAllotmentOfSecuritiesAndDueForRefundInterestAccrued" xlink:label="ApplicationMoneyReceivedForAllotmentOfSecuritiesAndDueForRefundInterestAccrued"/>
    <calculationArc xlink:type="arc" xlink:arcrole="http://www.xbrl.org/2003/arcrole/summation-item" xlink:from="ApplicationMoneyReceivedForAllotmentOfSecuritiesAndDueForRefundAndInterestAccruedThereon" xlink:to="ApplicationMoneyReceivedForAllotmentOfSecuritiesAndDueForRefundInterestAccrued" priority="0" order="2.0" weight="1"/>
    <loc xlink:type="locator" xlink:href="../in-gaap-2012-03-31.xsd#in-gaap_SharesInCompanyHeldByHoldingCompanyOrUltimateHoldingCompanyOrByItsSubsidiariesOrAssociates" xlink:label="SharesInCompanyHeldByHoldingCompanyOrUltimateHoldingCompanyOrByItsSubsidiariesOrAssociates"/>
    <loc xlink:type="locator" xlink:href="../in-gaap-2012-03-31.xsd#in-gaap_SharesInCompanyHeldByHoldingCompany" xlink:label="SharesInCompanyHeldByHoldingCompany"/>
    <calculationArc xlink:type="arc" xlink:arcrole="http://www.xbrl.org/2003/arcrole/summation-item" xlink:from="SharesInCompanyHeldByHoldingCompanyOrUltimateHoldingCompanyOrByItsSubsidiariesOrAssociates" xlink:to="SharesInCompanyHeldByHoldingCompany" priority="0" order="1.0" weight="1"/>
    <loc xlink:type="locator" xlink:href="../in-gaap-2012-03-31.xsd#in-gaap_SharesInCompanyHeldByUltimateHoldingCompany" xlink:label="SharesInCompanyHeldByUltimateHoldingCompany"/>
    <calculationArc xlink:type="arc" xlink:arcrole="http://www.xbrl.org/2003/arcrole/summation-item" xlink:from="SharesInCompanyHeldByHoldingCompanyOrUltimateHoldingCompanyOrByItsSubsidiariesOrAssociates" xlink:to="SharesInCompanyHeldByUltimateHoldingCompany" priority="0" order="2.0" weight="1"/>
    <loc xlink:type="locator" xlink:href="../in-gaap-2012-03-31.xsd#in-gaap_SharesInCompanyHeldBySubsidiariesOfItsHoldingCompany" xlink:label="SharesInCompanyHeldBySubsidiariesOfItsHoldingCompany"/>
    <calculationArc xlink:type="arc" xlink:arcrole="http://www.xbrl.org/2003/arcrole/summation-item" xlink:from="SharesInCompanyHeldByHoldingCompanyOrUltimateHoldingCompanyOrByItsSubsidiariesOrAssociates" xlink:to="SharesInCompanyHeldBySubsidiariesOfItsHoldingCompany" priority="0" order="3.0" weight="1"/>
    <loc xlink:type="locator" xlink:href="../in-gaap-2012-03-31.xsd#in-gaap_SharesInCompanyHeldBySubsidiariesOfItsUltimateHoldingCompany" xlink:label="SharesInCompanyHeldBySubsidiariesOfItsUltimateHoldingCompany"/>
    <calculationArc xlink:type="arc" xlink:arcrole="http://www.xbrl.org/2003/arcrole/summation-item" xlink:from="SharesInCompanyHeldByHoldingCompanyOrUltimateHoldingCompanyOrByItsSubsidiariesOrAssociates" xlink:to="SharesInCompanyHeldBySubsidiariesOfItsUltimateHoldingCompany" priority="0" order="4.0" weight="1"/>
    <loc xlink:type="locator" xlink:href="../in-gaap-2012-03-31.xsd#in-gaap_SharesInCompanyHeldByAssociatesOfItsHoldingCompany" xlink:label="SharesInCompanyHeldByAssociatesOfItsHoldingCompany"/>
    <calculationArc xlink:type="arc" xlink:arcrole="http://www.xbrl.org/2003/arcrole/summation-item" xlink:from="SharesInCompanyHeldByHoldingCompanyOrUltimateHoldingCompanyOrByItsSubsidiariesOrAssociates" xlink:to="SharesInCompanyHeldByAssociatesOfItsHoldingCompany" priority="0" order="5.0" weight="1"/>
    <loc xlink:type="locator" xlink:href="../in-gaap-2012-03-31.xsd#in-gaap_SharesInCompanyHeldByAssociatesOfItsUltimateHoldingCompany" xlink:label="SharesInCompanyHeldByAssociatesOfItsUltimateHoldingCompany"/>
    <calculationArc xlink:type="arc" xlink:arcrole="http://www.xbrl.org/2003/arcrole/summation-item" xlink:from="SharesInCompanyHeldByHoldingCompanyOrUltimateHoldingCompanyOrByItsSubsidiariesOrAssociates" xlink:to="SharesInCompanyHeldByAssociatesOfItsUltimateHoldingCompany" priority="0" order="6.0" weight="1"/>
    <loc xlink:type="locator" xlink:href="../in-gaap-2012-03-31.xsd#in-gaap_ValueOfCallsUnpaid" xlink:label="ValueOfCallsUnpaid"/>
    <loc xlink:type="locator" xlink:href="../in-gaap-2012-03-31.xsd#in-gaap_ValueOfCallsUnpaidOthers" xlink:label="ValueOfCallsUnpaidOthers"/>
    <calculationArc xlink:type="arc" xlink:arcrole="http://www.xbrl.org/2003/arcrole/summation-item" xlink:from="ValueOfCallsUnpaid" xlink:to="ValueOfCallsUnpaidOthers" priority="0" order="1.0" weight="1"/>
    <loc xlink:type="locator" xlink:href="../in-gaap-2012-03-31.xsd#in-gaap_ValueOfCallsUnpaidByDirectorsAndOfficers" xlink:label="ValueOfCallsUnpaidByDirectorsAndOfficers"/>
    <calculationArc xlink:type="arc" xlink:arcrole="http://www.xbrl.org/2003/arcrole/summation-item" xlink:from="ValueOfCallsUnpaid" xlink:to="ValueOfCallsUnpaidByDirectorsAndOfficers" priority="0" order="2.0" weight="1"/>
    <loc xlink:type="locator" xlink:href="../in-gaap-2012-03-31.xsd#in-gaap_ValueOfCallsUnpaidByDirectors" xlink:label="ValueOfCallsUnpaidByDirectors"/>
    <calculationArc xlink:type="arc" xlink:arcrole="http://www.xbrl.org/2003/arcrole/summation-item" xlink:from="ValueOfCallsUnpaidByDirectorsAndOfficers" xlink:to="ValueOfCallsUnpaidByDirectors" priority="0" order="1.0" weight="1"/>
    <loc xlink:type="locator" xlink:href="../in-gaap-2012-03-31.xsd#in-gaap_ValueOfCallsUnpaidByOfficers" xlink:label="ValueOfCallsUnpaidByOfficers"/>
    <calculationArc xlink:type="arc" xlink:arcrole="http://www.xbrl.org/2003/arcrole/summation-item" xlink:from="ValueOfCallsUnpaidByDirectorsAndOfficers" xlink:to="ValueOfCallsUnpaidByOfficers" priority="0" order="2.0" weight="1"/>
    <loc xlink:type="locator" xlink:href="../in-gaap-2012-03-31.xsd#in-gaap_NumberOfSharesSubscribed" xlink:label="NumberOfSharesSubscribed"/>
    <loc xlink:type="locator" xlink:href="../in-gaap-2012-03-31.xsd#in-gaap_NumberOfSharesSubscribedAndFullyPaid" xlink:label="NumberOfSharesSubscribedAndFullyPaid"/>
    <calculationArc xlink:type="arc" xlink:arcrole="http://www.xbrl.org/2003/arcrole/summation-item" xlink:from="NumberOfSharesSubscribed" xlink:to="NumberOfSharesSubscribedAndFullyPaid" priority="0" order="1.0" weight="1"/>
    <loc xlink:type="locator" xlink:href="../in-gaap-2012-03-31.xsd#in-gaap_NumberOfSharesSubscribedButNotFullyPaid" xlink:label="NumberOfSharesSubscribedButNotFullyPaid"/>
    <calculationArc xlink:type="arc" xlink:arcrole="http://www.xbrl.org/2003/arcrole/summation-item" xlink:from="NumberOfSharesSubscribed" xlink:to="NumberOfSharesSubscribedButNotFullyPaid" priority="0" order="2.0" weight="1"/>
    <loc xlink:type="locator" xlink:href="../in-gaap-2012-03-31.xsd#in-gaap_ValueOfSharesSubscribed" xlink:label="ValueOfSharesSubscribed"/>
    <loc xlink:type="locator" xlink:href="../in-gaap-2012-03-31.xsd#in-gaap_ValueOfSharesSubscribedAndFullyPaid" xlink:label="ValueOfSharesSubscribedAndFullyPaid"/>
    <calculationArc xlink:type="arc" xlink:arcrole="http://www.xbrl.org/2003/arcrole/summation-item" xlink:from="ValueOfSharesSubscribed" xlink:to="ValueOfSharesSubscribedAndFullyPaid" priority="0" order="1.0" weight="1"/>
    <loc xlink:type="locator" xlink:href="../in-gaap-2012-03-31.xsd#in-gaap_ValueOfSharesSubscribedButNotFullyPaid" xlink:label="ValueOfSharesSubscribedButNotFullyPaid"/>
    <calculationArc xlink:type="arc" xlink:arcrole="http://www.xbrl.org/2003/arcrole/summation-item" xlink:from="ValueOfSharesSubscribed" xlink:to="ValueOfSharesSubscribedButNotFullyPaid" priority="0" order="2.0" weight="1"/>
    <loc xlink:type="locator" xlink:href="../in-gaap-2012-03-31.xsd#in-gaap_ValueOfSharesPaidUp" xlink:label="ValueOfSharesPaidUp"/>
    <loc xlink:type="locator" xlink:href="../in-gaap-2012-03-31.xsd#in-gaap_ValueOfSharesCalled" xlink:label="ValueOfSharesCalled"/>
    <calculationArc xlink:type="arc" xlink:arcrole="http://www.xbrl.org/2003/arcrole/summation-item" xlink:from="ValueOfSharesPaidUp" xlink:to="ValueOfSharesCalled" priority="0" order="1.0" weight="1"/>
    <loc xlink:type="locator" xlink:href="../in-gaap-2012-03-31.xsd#in-gaap_CallsUnpaid" xlink:label="CallsUnpaid"/>
    <calculationArc xlink:type="arc" xlink:arcrole="http://www.xbrl.org/2003/arcrole/summation-item" xlink:from="ValueOfSharesPaidUp" xlink:to="CallsUnpaid" priority="0" order="2.0" weight="-1"/>
    <loc xlink:type="locator" xlink:href="../in-gaap-2012-03-31.xsd#in-gaap_CallsUnpaidByDirectors" xlink:label="CallsUnpaidByDirectors"/>
    <calculationArc xlink:type="arc" xlink:arcrole="http://www.xbrl.org/2003/arcrole/summation-item" xlink:from="CallsUnpaid" xlink:to="CallsUnpaidByDirectors" priority="0" order="1.0" weight="1"/>
    <loc xlink:type="locator" xlink:href="../in-gaap-2012-03-31.xsd#in-gaap_CallsUnpaidByOthers" xlink:label="CallsUnpaidByOthers"/>
    <calculationArc xlink:type="arc" xlink:arcrole="http://www.xbrl.org/2003/arcrole/summation-item" xlink:from="CallsUnpaid" xlink:to="CallsUnpaidByOthers" priority="0" order="2.0" weight="1"/>
    <loc xlink:type="locator" xlink:href="../in-gaap-2012-03-31.xsd#in-gaap_ForfeitedShares" xlink:label="ForfeitedShares"/>
    <calculationArc xlink:type="arc" xlink:arcrole="http://www.xbrl.org/2003/arcrole/summation-item" xlink:from="ValueOfSharesPaidUp" xlink:to="ForfeitedShares" priority="0" order="3.0" weight="-1"/>
    <loc xlink:type="locator" xlink:href="../in-gaap-2012-03-31.xsd#in-gaap_ForfeitedSharesReissued" xlink:label="ForfeitedSharesReissued"/>
    <calculationArc xlink:type="arc" xlink:arcrole="http://www.xbrl.org/2003/arcrole/summation-item" xlink:from="ValueOfSharesPaidUp" xlink:to="ForfeitedSharesReissued" priority="0" order="4.0" weight="1"/>
    <loc xlink:type="locator" xlink:href="../in-gaap-2012-03-31.xsd#in-gaap_IncreaseDecreaseInNumberOfSharesOutstanding" xlink:label="IncreaseDecreaseInNumberOfSharesOutstanding"/>
    <loc xlink:type="locator" xlink:href="../in-gaap-2012-03-31.xsd#in-gaap_AggregateNumberOfSharesIssuedDuringPeriod" xlink:label="AggregateNumberOfSharesIssuedDuringPeriod"/>
    <calculationArc xlink:type="arc" xlink:arcrole="http://www.xbrl.org/2003/arcrole/summation-item" xlink:from="IncreaseDecreaseInNumberOfSharesOutstanding" xlink:to="AggregateNumberOfSharesIssuedDuringPeriod" priority="0" order="1.0" weight="1"/>
    <loc xlink:type="locator" xlink:href="../../IN-CA/in-ca-2012-03-31.xsd#in-ca_NumberOfSharesIssuedInPublicOffering" xlink:label="NumberOfSharesIssuedInPublicOffering"/>
    <calculationArc xlink:type="arc" xlink:arcrole="http://www.xbrl.org/2003/arcrole/summation-item" xlink:from="AggregateNumberOfSharesIssuedDuringPeriod" xlink:to="NumberOfSharesIssuedInPublicOffering" priority="0" order="1.0" weight="1"/>
    <loc xlink:type="locator" xlink:href="../../IN-CA/in-ca-2012-03-31.xsd#in-ca_NumberOfSharesIssuedAsBonusShares" xlink:label="NumberOfSharesIssuedAsBonusShares"/>
    <calculationArc xlink:type="arc" xlink:arcrole="http://www.xbrl.org/2003/arcrole/summation-item" xlink:from="AggregateNumberOfSharesIssuedDuringPeriod" xlink:to="NumberOfSharesIssuedAsBonusShares" priority="0" order="2.0" weight="1"/>
    <loc xlink:type="locator" xlink:href="../../IN-CA/in-ca-2012-03-31.xsd#in-ca_NumberOfSharesIssuedAsRights" xlink:label="NumberOfSharesIssuedAsRights"/>
    <calculationArc xlink:type="arc" xlink:arcrole="http://www.xbrl.org/2003/arcrole/summation-item" xlink:from="AggregateNumberOfSharesIssuedDuringPeriod" xlink:to="NumberOfSharesIssuedAsRights" priority="0" order="3.0" weight="1"/>
    <loc xlink:type="locator" xlink:href="../../IN-CA/in-ca-2012-03-31.xsd#in-ca_NumberOfSharesIssuedInPrivatePlacement" xlink:label="NumberOfSharesIssuedInPrivatePlacement"/>
    <calculationArc xlink:type="arc" xlink:arcrole="http://www.xbrl.org/2003/arcrole/summation-item" xlink:from="AggregateNumberOfSharesIssuedDuringPeriod" xlink:to="NumberOfSharesIssuedInPrivatePlacement" priority="0" order="4.0" weight="1"/>
    <loc xlink:type="locator" xlink:href="../../IN-CA/in-ca-2012-03-31.xsd#in-ca_NumberOfSharesIssuedAsPreferentialAllotment" xlink:label="NumberOfSharesIssuedAsPreferentialAllotment"/>
    <calculationArc xlink:type="arc" xlink:arcrole="http://www.xbrl.org/2003/arcrole/summation-item" xlink:from="AggregateNumberOfSharesIssuedDuringPeriod" xlink:to="NumberOfSharesIssuedAsPreferentialAllotment" priority="0" order="5.0" weight="1"/>
    <loc xlink:type="locator" xlink:href="../../IN-CA/in-ca-2012-03-31.xsd#in-ca_NumberOfSharesAllottedForContractsWithoutPaymentReceivedInCash" xlink:label="NumberOfSharesAllottedForContractsWithoutPaymentReceivedInCash"/>
    <calculationArc xlink:type="arc" xlink:arcrole="http://www.xbrl.org/2003/arcrole/summation-item" xlink:from="AggregateNumberOfSharesIssuedDuringPeriod" xlink:to="NumberOfSharesAllottedForContractsWithoutPaymentReceivedInCash" priority="0" order="6.0" weight="1"/>
    <loc xlink:type="locator" xlink:href="../../IN-CA/in-ca-2012-03-31.xsd#in-ca_NumberOfSharesIssuedUnderSchemeOfAmalgamation" xlink:label="NumberOfSharesIssuedUnderSchemeOfAmalgamation"/>
    <calculationArc xlink:type="arc" xlink:arcrole="http://www.xbrl.org/2003/arcrole/summation-item" xlink:from="AggregateNumberOfSharesIssuedDuringPeriod" xlink:to="NumberOfSharesIssuedUnderSchemeOfAmalgamation" priority="0" order="7.0" weight="1"/>
    <loc xlink:type="locator" xlink:href="../../IN-CA/in-ca-2012-03-31.xsd#in-ca_NumberOfGlobalDepositorySharesIssuedDuringPeriod" xlink:label="NumberOfGlobalDepositorySharesIssuedDuringPeriod"/>
    <calculationArc xlink:type="arc" xlink:arcrole="http://www.xbrl.org/2003/arcrole/summation-item" xlink:from="AggregateNumberOfSharesIssuedDuringPeriod" xlink:to="NumberOfGlobalDepositorySharesIssuedDuringPeriod" priority="0" order="8.0" weight="1"/>
    <loc xlink:type="locator" xlink:href="../../IN-CA/in-ca-2012-03-31.xsd#in-ca_NumberOfAmericanDepositorySharesIssuedDuringPeriod" xlink:label="NumberOfAmericanDepositorySharesIssuedDuringPeriod"/>
    <calculationArc xlink:type="arc" xlink:arcrole="http://www.xbrl.org/2003/arcrole/summation-item" xlink:from="AggregateNumberOfSharesIssuedDuringPeriod" xlink:to="NumberOfAmericanDepositorySharesIssuedDuringPeriod" priority="0" order="9.0" weight="1"/>
    <loc xlink:type="locator" xlink:href="../../IN-CA/in-ca-2012-03-31.xsd#in-ca_NumberOfOtherIssuesOfShares" xlink:label="NumberOfOtherIssuesOfShares"/>
    <calculationArc xlink:type="arc" xlink:arcrole="http://www.xbrl.org/2003/arcrole/summation-item" xlink:from="AggregateNumberOfSharesIssuedDuringPeriod" xlink:to="NumberOfOtherIssuesOfShares" priority="0" order="10.0" weight="1"/>
    <loc xlink:type="locator" xlink:href="../../IN-CA/in-ca-2012-03-31.xsd#in-ca_NumberOfSharesArisingOutOfConversionOfSecurities" xlink:label="NumberOfSharesArisingOutOfConversionOfSecurities"/>
    <calculationArc xlink:type="arc" xlink:arcrole="http://www.xbrl.org/2003/arcrole/summation-item" xlink:from="AggregateNumberOfSharesIssuedDuringPeriod" xlink:to="NumberOfSharesArisingOutOfConversionOfSecurities" priority="0" order="11.0" weight="1"/>
    <loc xlink:type="locator" xlink:href="../in-gaap-2012-03-31.xsd#in-gaap_DecreaseInNumberOfSharesDuringPeriod" xlink:label="DecreaseInNumberOfSharesDuringPeriod"/>
    <calculationArc xlink:type="arc" xlink:arcrole="http://www.xbrl.org/2003/arcrole/summation-item" xlink:from="IncreaseDecreaseInNumberOfSharesOutstanding" xlink:to="DecreaseInNumberOfSharesDuringPeriod" priority="0" order="2.0" weight="1"/>
    <loc xlink:type="locator" xlink:href="../../IN-CA/in-ca-2012-03-31.xsd#in-ca_NumberOfSharesRedeemed" xlink:label="NumberOfSharesRedeemed"/>
    <calculationArc xlink:type="arc" xlink:arcrole="http://www.xbrl.org/2003/arcrole/summation-item" xlink:from="DecreaseInNumberOfSharesDuringPeriod" xlink:to="NumberOfSharesRedeemed" priority="0" order="1.0" weight="1"/>
    <loc xlink:type="locator" xlink:href="../../IN-CA/in-ca-2012-03-31.xsd#in-ca_NumberOfSharesBoughtBack" xlink:label="NumberOfSharesBoughtBack"/>
    <calculationArc xlink:type="arc" xlink:arcrole="http://www.xbrl.org/2003/arcrole/summation-item" xlink:from="DecreaseInNumberOfSharesDuringPeriod" xlink:to="NumberOfSharesBoughtBack" priority="0" order="2.0" weight="1"/>
    <loc xlink:type="locator" xlink:href="../../IN-CA/in-ca-2012-03-31.xsd#in-ca_OtherDecreaseInNumberOfShares" xlink:label="OtherDecreaseInNumberOfShares"/>
    <calculationArc xlink:type="arc" xlink:arcrole="http://www.xbrl.org/2003/arcrole/summation-item" xlink:from="DecreaseInNumberOfSharesDuringPeriod" xlink:to="OtherDecreaseInNumberOfShares" priority="0" order="3.0" weight="1"/>
    <loc xlink:type="locator" xlink:href="../in-gaap-2012-03-31.xsd#in-gaap_IncreaseDecreaseInShareCapital" xlink:label="IncreaseDecreaseInShareCapital"/>
    <loc xlink:type="locator" xlink:href="../in-gaap-2012-03-31.xsd#in-gaap_AggregateAmountOfIncreaseInShareCapitalDuringPeriod" xlink:label="AggregateAmountOfIncreaseInShareCapitalDuringPeriod"/>
    <calculationArc xlink:type="arc" xlink:arcrole="http://www.xbrl.org/2003/arcrole/summation-item" xlink:from="IncreaseDecreaseInShareCapital" xlink:to="AggregateAmountOfIncreaseInShareCapitalDuringPeriod" priority="0" order="1.0" weight="1"/>
    <loc xlink:type="locator" xlink:href="../in-gaap-2012-03-31.xsd#in-gaap_AmountOfPublicIssueDuringPeriod" xlink:label="AmountOfPublicIssueDuringPeriod"/>
    <calculationArc xlink:type="arc" xlink:arcrole="http://www.xbrl.org/2003/arcrole/summation-item" xlink:from="AggregateAmountOfIncreaseInShareCapitalDuringPeriod" xlink:to="AmountOfPublicIssueDuringPeriod" priority="0" order="1.0" weight="1"/>
    <loc xlink:type="locator" xlink:href="../in-gaap-2012-03-31.xsd#in-gaap_AmountOfBonusIssueDuringPeriod" xlink:label="AmountOfBonusIssueDuringPeriod"/>
    <calculationArc xlink:type="arc" xlink:arcrole="http://www.xbrl.org/2003/arcrole/summation-item" xlink:from="AggregateAmountOfIncreaseInShareCapitalDuringPeriod" xlink:to="AmountOfBonusIssueDuringPeriod" priority="0" order="2.0" weight="1"/>
    <loc xlink:type="locator" xlink:href="../in-gaap-2012-03-31.xsd#in-gaap_AmountOfRightsIssueDuringPeriod" xlink:label="AmountOfRightsIssueDuringPeriod"/>
    <calculationArc xlink:type="arc" xlink:arcrole="http://www.xbrl.org/2003/arcrole/summation-item" xlink:from="AggregateAmountOfIncreaseInShareCapitalDuringPeriod" xlink:to="AmountOfRightsIssueDuringPeriod" priority="0" order="3.0" weight="1"/>
    <loc xlink:type="locator" xlink:href="../in-gaap-2012-03-31.xsd#in-gaap_AmountOfPrivatePlacementIssueDuringPeriod" xlink:label="AmountOfPrivatePlacementIssueDuringPeriod"/>
    <calculationArc xlink:type="arc" xlink:arcrole="http://www.xbrl.org/2003/arcrole/summation-item" xlink:from="AggregateAmountOfIncreaseInShareCapitalDuringPeriod" xlink:to="AmountOfPrivatePlacementIssueDuringPeriod" priority="0" order="4.0" weight="1"/>
    <loc xlink:type="locator" xlink:href="../in-gaap-2012-03-31.xsd#in-gaap_AmountOfPreferentialAllotmentIssueDuringPeriod" xlink:label="AmountOfPreferentialAllotmentIssueDuringPeriod"/>
    <calculationArc xlink:type="arc" xlink:arcrole="http://www.xbrl.org/2003/arcrole/summation-item" xlink:from="AggregateAmountOfIncreaseInShareCapitalDuringPeriod" xlink:to="AmountOfPreferentialAllotmentIssueDuringPeriod" priority="0" order="5.0" weight="1"/>
    <loc xlink:type="locator" xlink:href="../in-gaap-2012-03-31.xsd#in-gaap_AmountOfIssueAllottedForContractsWithoutPaymentReceivedInCashDuringPeriod" xlink:label="AmountOfIssueAllottedForContractsWithoutPaymentReceivedInCashDuringPeriod"/>
    <calculationArc xlink:type="arc" xlink:arcrole="http://www.xbrl.org/2003/arcrole/summation-item" xlink:from="AggregateAmountOfIncreaseInShareCapitalDuringPeriod" xlink:to="AmountOfIssueAllottedForContractsWithoutPaymentReceivedInCashDuringPeriod" priority="0" order="6.0" weight="1"/>
    <loc xlink:type="locator" xlink:href="../in-gaap-2012-03-31.xsd#in-gaap_AmountOfIssueUnderSchemeOfAmalgamationDuringPeriod" xlink:label="AmountOfIssueUnderSchemeOfAmalgamationDuringPeriod"/>
    <calculationArc xlink:type="arc" xlink:arcrole="http://www.xbrl.org/2003/arcrole/summation-item" xlink:from="AggregateAmountOfIncreaseInShareCapitalDuringPeriod" xlink:to="AmountOfIssueUnderSchemeOfAmalgamationDuringPeriod" priority="0" order="7.0" weight="1"/>
    <loc xlink:type="locator" xlink:href="../in-gaap-2012-03-31.xsd#in-gaap_AmountOfGlobalDepositoryIssueDuringPeriod" xlink:label="AmountOfGlobalDepositoryIssueDuringPeriod"/>
    <calculationArc xlink:type="arc" xlink:arcrole="http://www.xbrl.org/2003/arcrole/summation-item" xlink:from="AggregateAmountOfIncreaseInShareCapitalDuringPeriod" xlink:to="AmountOfGlobalDepositoryIssueDuringPeriod" priority="0" order="8.0" weight="1"/>
    <loc xlink:type="locator" xlink:href="../in-gaap-2012-03-31.xsd#in-gaap_AmountOfAmericanDepositoryIssueDuringPeriod" xlink:label="AmountOfAmericanDepositoryIssueDuringPeriod"/>
    <calculationArc xlink:type="arc" xlink:arcrole="http://www.xbrl.org/2003/arcrole/summation-item" xlink:from="AggregateAmountOfIncreaseInShareCapitalDuringPeriod" xlink:to="AmountOfAmericanDepositoryIssueDuringPeriod" priority="0" order="9.0" weight="1"/>
    <loc xlink:type="locator" xlink:href="../in-gaap-2012-03-31.xsd#in-gaap_AmountOfOtherIssuesDuringPeriod" xlink:label="AmountOfOtherIssuesDuringPeriod"/>
    <calculationArc xlink:type="arc" xlink:arcrole="http://www.xbrl.org/2003/arcrole/summation-item" xlink:from="AggregateAmountOfIncreaseInShareCapitalDuringPeriod" xlink:to="AmountOfOtherIssuesDuringPeriod" priority="0" order="10.0" weight="1"/>
    <loc xlink:type="locator" xlink:href="../in-gaap-2012-03-31.xsd#in-gaap_AmountOfIssueArisingOutOfConversionOfSecuritiesDuringPeriod" xlink:label="AmountOfIssueArisingOutOfConversionOfSecuritiesDuringPeriod"/>
    <calculationArc xlink:type="arc" xlink:arcrole="http://www.xbrl.org/2003/arcrole/summation-item" xlink:from="AggregateAmountOfIncreaseInShareCapitalDuringPeriod" xlink:to="AmountOfIssueArisingOutOfConversionOfSecuritiesDuringPeriod" priority="0" order="11.0" weight="1"/>
    <loc xlink:type="locator" xlink:href="../in-gaap-2012-03-31.xsd#in-gaap_DecreaseInShareCapitalDuringPeriod" xlink:label="DecreaseInShareCapitalDuringPeriod"/>
    <calculationArc xlink:type="arc" xlink:arcrole="http://www.xbrl.org/2003/arcrole/summation-item" xlink:from="IncreaseDecreaseInShareCapital" xlink:to="DecreaseInShareCapitalDuringPeriod" priority="0" order="2.0" weight="-1"/>
    <loc xlink:type="locator" xlink:href="../in-gaap-2012-03-31.xsd#in-gaap_DecreaseInAmountOfSharesRedeemed" xlink:label="DecreaseInAmountOfSharesRedeemed"/>
    <calculationArc xlink:type="arc" xlink:arcrole="http://www.xbrl.org/2003/arcrole/summation-item" xlink:from="DecreaseInShareCapitalDuringPeriod" xlink:to="DecreaseInAmountOfSharesRedeemed" priority="0" order="1.0" weight="1"/>
    <loc xlink:type="locator" xlink:href="../in-gaap-2012-03-31.xsd#in-gaap_DecreaseInAmountOfSharesBoughtBack" xlink:label="DecreaseInAmountOfSharesBoughtBack"/>
    <calculationArc xlink:type="arc" xlink:arcrole="http://www.xbrl.org/2003/arcrole/summation-item" xlink:from="DecreaseInShareCapitalDuringPeriod" xlink:to="DecreaseInAmountOfSharesBoughtBack" priority="0" order="2.0" weight="1"/>
    <loc xlink:type="locator" xlink:href="../in-gaap-2012-03-31.xsd#in-gaap_OtherDecreaseInAmountOfShares" xlink:label="OtherDecreaseInAmountOfShares"/>
    <calculationArc xlink:type="arc" xlink:arcrole="http://www.xbrl.org/2003/arcrole/summation-item" xlink:from="DecreaseInShareCapitalDuringPeriod" xlink:to="OtherDecreaseInAmountOfShares" priority="0" order="3.0" weight="1"/>
  </calculationLink>
</linkbase>
