<?xml version="1.0" encoding="US-ASCII"?>
<!-- Generated by Fujitsu Interstage XWand B0166 -->
<linkbase xmlns="http://www.xbrl.org/2003/linkbase" xmlns:xsi="http://www.w3.org/2001/XMLSchema-instance" xmlns:xbrldt="http://xbrl.org/2005/xbrldt" xmlns:xlink="http://www.w3.org/1999/xlink" xmlns:xbrli="http://www.xbrl.org/2003/instance">
  <roleRef roleURI="http://www.icai.org/xbrl/taxonomy/in-ca/role/DisclosureOfGeneralInformationAboutCompany" xlink:type="simple" xlink:href="../in-ca-roles-2012-03-31.xsd#in-ca-rol-400100"/>
  <arcroleRef arcroleURI="http://xbrl.org/int/dim/arcrole/all" xlink:type="simple" xlink:href="http://www.xbrl.org/2005/xbrldt-2005.xsd#all"/>
  <arcroleRef arcroleURI="http://xbrl.org/int/dim/arcrole/domain-member" xlink:type="simple" xlink:href="http://www.xbrl.org/2005/xbrldt-2005.xsd#domain-member"/>
  <arcroleRef arcroleURI="http://xbrl.org/int/dim/arcrole/hypercube-dimension" xlink:type="simple" xlink:href="http://www.xbrl.org/2005/xbrldt-2005.xsd#hypercube-dimension"/>
  <definitionLink xlink:type="extended" xlink:role="http://www.icai.org/xbrl/taxonomy/in-ca/role/DisclosureOfGeneralInformationAboutCompany">
    <loc xlink:type="locator" xlink:href="../in-ca-2012-03-31.xsd#in-ca_DisclosureOfPrincipalProductOrServicesAbstract" xlink:label="DisclosureOfPrincipalProductOrServicesAbstract"/>
    <loc xlink:type="locator" xlink:href="../in-ca-2012-03-31.xsd#in-ca_DisclosureOfPrincipalProductOrServicesTable" xlink:label="DisclosureOfPrincipalProductOrServicesTable"/>
    <definitionArc xlink:type="arc" xlink:arcrole="http://xbrl.org/int/dim/arcrole/all" xlink:from="DisclosureOfPrincipalProductOrServicesAbstract" xlink:to="DisclosureOfPrincipalProductOrServicesTable" priority="0" order="1.0" xbrldt:contextElement="scenario" xbrldt:closed="true"/>
    <loc xlink:type="locator" xlink:href="../in-ca-2012-03-31.xsd#in-ca_TypesOfPrincipalProductOrServicesAxis" xlink:label="TypesOfPrincipalProductOrServicesAxis"/>
    <definitionArc xlink:type="arc" xlink:arcrole="http://xbrl.org/int/dim/arcrole/hypercube-dimension" xlink:from="DisclosureOfPrincipalProductOrServicesTable" xlink:to="TypesOfPrincipalProductOrServicesAxis" priority="0" order="1.0"/>
    <loc xlink:type="locator" xlink:href="../in-ca-2012-03-31.xsd#in-ca_DisclosureOfPrincipalProductOrServicesLineItems" xlink:label="DisclosureOfPrincipalProductOrServicesLineItems"/>
    <definitionArc xlink:type="arc" xlink:arcrole="http://xbrl.org/int/dim/arcrole/domain-member" xlink:from="DisclosureOfPrincipalProductOrServicesAbstract" xlink:to="DisclosureOfPrincipalProductOrServicesLineItems" priority="0" order="2.0"/>
    <loc xlink:type="locator" xlink:href="../in-ca-2012-03-31.xsd#in-ca_ITCNumberOfPrincipalProductOrServices" xlink:label="ITCNumberOfPrincipalProductOrServices"/>
    <definitionArc xlink:type="arc" xlink:arcrole="http://xbrl.org/int/dim/arcrole/domain-member" xlink:from="DisclosureOfPrincipalProductOrServicesLineItems" xlink:to="ITCNumberOfPrincipalProductOrServices" priority="0" order="1.0"/>
    <loc xlink:type="locator" xlink:href="../in-ca-2012-03-31.xsd#in-ca_DescriptionOfPrincipalProductOrServices" xlink:label="DescriptionOfPrincipalProductOrServices"/>
    <definitionArc xlink:type="arc" xlink:arcrole="http://xbrl.org/int/dim/arcrole/domain-member" xlink:from="DisclosureOfPrincipalProductOrServicesLineItems" xlink:to="DescriptionOfPrincipalProductOrServices" priority="0" order="2.0"/>
    <loc xlink:type="locator" xlink:href="../in-ca-2012-03-31.xsd#in-ca_UnitOfMeasurementOfPrincipalProductOrServices" xlink:label="UnitOfMeasurementOfPrincipalProductOrServices"/>
    <definitionArc xlink:type="arc" xlink:arcrole="http://xbrl.org/int/dim/arcrole/domain-member" xlink:from="DisclosureOfPrincipalProductOrServicesLineItems" xlink:to="UnitOfMeasurementOfPrincipalProductOrServices" priority="0" order="3.0"/>
    <loc xlink:type="locator" xlink:href="../in-ca-2012-03-31.xsd#in-ca_TurnoverOfPrincipalProductOrServices" xlink:label="TurnoverOfPrincipalProductOrServices"/>
    <definitionArc xlink:type="arc" xlink:arcrole="http://xbrl.org/int/dim/arcrole/domain-member" xlink:from="DisclosureOfPrincipalProductOrServicesLineItems" xlink:to="TurnoverOfPrincipalProductOrServices" priority="0" order="4.0"/>
    <loc xlink:type="locator" xlink:href="../in-ca-2012-03-31.xsd#in-ca_QuantityOfPrincipalProductOrServicesInUom" xlink:label="QuantityOfPrincipalProductOrServicesInUom"/>
    <definitionArc xlink:type="arc" xlink:arcrole="http://xbrl.org/int/dim/arcrole/domain-member" xlink:from="DisclosureOfPrincipalProductOrServicesLineItems" xlink:to="QuantityOfPrincipalProductOrServicesInUom" priority="0" order="5.0"/>
    <loc xlink:type="locator" xlink:href="../in-ca-2012-03-31.xsd#in-ca_ITCNumberOfProductOrServicesCategory" xlink:label="ITCNumberOfProductOrServicesCategory"/>
    <definitionArc xlink:type="arc" xlink:arcrole="http://xbrl.org/int/dim/arcrole/domain-member" xlink:from="DisclosureOfPrincipalProductOrServicesLineItems" xlink:to="ITCNumberOfProductOrServicesCategory" priority="0" order="6.0"/>
    <loc xlink:type="locator" xlink:href="../in-ca-2012-03-31.xsd#in-ca_TurnoverOfProductOrServicesCategory" xlink:label="TurnoverOfProductOrServicesCategory"/>
    <definitionArc xlink:type="arc" xlink:arcrole="http://xbrl.org/int/dim/arcrole/domain-member" xlink:from="DisclosureOfPrincipalProductOrServicesLineItems" xlink:to="TurnoverOfProductOrServicesCategory" priority="0" order="7.0"/>
  </definitionLink>
</linkbase>
