<?xml version="1.0" encoding="US-ASCII"?>
<!-- Generated by Fujitsu Interstage XWand B0166 -->
<linkbase xmlns="http://www.xbrl.org/2003/linkbase" xmlns:xsi="http://www.w3.org/2001/XMLSchema-instance" xmlns:xbrldt="http://xbrl.org/2005/xbrldt" xmlns:xlink="http://www.w3.org/1999/xlink" xmlns:xbrli="http://www.xbrl.org/2003/instance">
  <roleRef roleURI="http://www.icai.org/xbrl/taxonomy/in-ca/role/DisclosuresDirectorsReport" xlink:type="simple" xlink:href="../in-ca-roles-2012-03-31.xsd#in-ca-rol-400400"/>
  <roleRef roleURI="http://www.icai.org/xbrl/taxonomy/in-ca/role/DisclosuresDirectorsReport1" xlink:type="simple" xlink:href="../in-ca-roles-2012-03-31.xsd#in-ca-rol-400400a"/>
  <roleRef roleURI="http://www.icai.org/xbrl/taxonomy/in-ca/role/DisclosuresDirectorsReport2" xlink:type="simple" xlink:href="../in-ca-roles-2012-03-31.xsd#in-ca-rol-400400b"/>
  <arcroleRef arcroleURI="http://xbrl.org/int/dim/arcrole/all" xlink:type="simple" xlink:href="http://www.xbrl.org/2005/xbrldt-2005.xsd#all"/>
  <arcroleRef arcroleURI="http://xbrl.org/int/dim/arcrole/domain-member" xlink:type="simple" xlink:href="http://www.xbrl.org/2005/xbrldt-2005.xsd#domain-member"/>
  <arcroleRef arcroleURI="http://xbrl.org/int/dim/arcrole/hypercube-dimension" xlink:type="simple" xlink:href="http://www.xbrl.org/2005/xbrldt-2005.xsd#hypercube-dimension"/>
  <definitionLink xlink:type="extended" xlink:role="http://www.icai.org/xbrl/taxonomy/in-ca/role/DisclosuresDirectorsReport">
    <loc xlink:type="locator" xlink:href="../../IN-GAAP/in-gaap-2012-03-31.xsd#in-gaap_DisclosuresRelatingToEmployeeStockOptionSchemeAbstract" xlink:label="DisclosuresRelatingToEmployeeStockOptionSchemeAbstract"/>
    <loc xlink:type="locator" xlink:href="../../IN-GAAP/in-gaap-2012-03-31.xsd#in-gaap_DisclosuresRelatingToEmployeeStockOptionSchemeTable" xlink:label="DisclosuresRelatingToEmployeeStockOptionSchemeTable"/>
    <definitionArc xlink:type="arc" xlink:arcrole="http://xbrl.org/int/dim/arcrole/all" xlink:from="DisclosuresRelatingToEmployeeStockOptionSchemeAbstract" xlink:to="DisclosuresRelatingToEmployeeStockOptionSchemeTable" priority="0" order="1.0" xbrldt:contextElement="scenario" xbrldt:closed="true"/>
    <loc xlink:type="locator" xlink:href="../../IN-GAAP/in-gaap-2012-03-31.xsd#in-gaap_CategoriesOfEmployeeStockOptionSchemeAxis" xlink:label="CategoriesOfEmployeeStockOptionSchemeAxis"/>
    <definitionArc xlink:type="arc" xlink:arcrole="http://xbrl.org/int/dim/arcrole/hypercube-dimension" xlink:from="DisclosuresRelatingToEmployeeStockOptionSchemeTable" xlink:to="CategoriesOfEmployeeStockOptionSchemeAxis" priority="0" order="1.0"/>
    <loc xlink:type="locator" xlink:href="../../IN-GAAP/in-gaap-2012-03-31.xsd#in-gaap_DisclosuresRelatingToEmployeeStockOptionSchemeLineItems" xlink:label="DisclosuresRelatingToEmployeeStockOptionSchemeLineItems"/>
    <definitionArc xlink:type="arc" xlink:arcrole="http://xbrl.org/int/dim/arcrole/domain-member" xlink:from="DisclosuresRelatingToEmployeeStockOptionSchemeAbstract" xlink:to="DisclosuresRelatingToEmployeeStockOptionSchemeLineItems" priority="0" order="2.0"/>
    <loc xlink:type="locator" xlink:href="../../IN-GAAP/in-gaap-2012-03-31.xsd#in-gaap_OptionsGranted" xlink:label="OptionsGranted"/>
    <definitionArc xlink:type="arc" xlink:arcrole="http://xbrl.org/int/dim/arcrole/domain-member" xlink:from="DisclosuresRelatingToEmployeeStockOptionSchemeLineItems" xlink:to="OptionsGranted" priority="0" order="1.0"/>
    <loc xlink:type="locator" xlink:href="../../IN-GAAP/in-gaap-2012-03-31.xsd#in-gaap_PricingFormula" xlink:label="PricingFormula"/>
    <definitionArc xlink:type="arc" xlink:arcrole="http://xbrl.org/int/dim/arcrole/domain-member" xlink:from="DisclosuresRelatingToEmployeeStockOptionSchemeLineItems" xlink:to="PricingFormula" priority="0" order="2.0"/>
    <loc xlink:type="locator" xlink:href="../../IN-GAAP/in-gaap-2012-03-31.xsd#in-gaap_OptionsVested" xlink:label="OptionsVested"/>
    <definitionArc xlink:type="arc" xlink:arcrole="http://xbrl.org/int/dim/arcrole/domain-member" xlink:from="DisclosuresRelatingToEmployeeStockOptionSchemeLineItems" xlink:to="OptionsVested" priority="0" order="3.0"/>
    <loc xlink:type="locator" xlink:href="../../IN-GAAP/in-gaap-2012-03-31.xsd#in-gaap_OptionsExercised" xlink:label="OptionsExercised"/>
    <definitionArc xlink:type="arc" xlink:arcrole="http://xbrl.org/int/dim/arcrole/domain-member" xlink:from="DisclosuresRelatingToEmployeeStockOptionSchemeLineItems" xlink:to="OptionsExercised" priority="0" order="4.0"/>
    <loc xlink:type="locator" xlink:href="../../IN-GAAP/in-gaap-2012-03-31.xsd#in-gaap_TotalNumberOfSharesArisingAsResultOfExerciseOfOption" xlink:label="TotalNumberOfSharesArisingAsResultOfExerciseOfOption"/>
    <definitionArc xlink:type="arc" xlink:arcrole="http://xbrl.org/int/dim/arcrole/domain-member" xlink:from="DisclosuresRelatingToEmployeeStockOptionSchemeLineItems" xlink:to="TotalNumberOfSharesArisingAsResultOfExerciseOfOption" priority="0" order="5.0"/>
    <loc xlink:type="locator" xlink:href="../../IN-GAAP/in-gaap-2012-03-31.xsd#in-gaap_OptionsLapsed" xlink:label="OptionsLapsed"/>
    <definitionArc xlink:type="arc" xlink:arcrole="http://xbrl.org/int/dim/arcrole/domain-member" xlink:from="DisclosuresRelatingToEmployeeStockOptionSchemeLineItems" xlink:to="OptionsLapsed" priority="0" order="6.0"/>
    <loc xlink:type="locator" xlink:href="../../IN-GAAP/in-gaap-2012-03-31.xsd#in-gaap_VariationOfTermsOfOptions" xlink:label="VariationOfTermsOfOptions"/>
    <definitionArc xlink:type="arc" xlink:arcrole="http://xbrl.org/int/dim/arcrole/domain-member" xlink:from="DisclosuresRelatingToEmployeeStockOptionSchemeLineItems" xlink:to="VariationOfTermsOfOptions" priority="0" order="7.0"/>
    <loc xlink:type="locator" xlink:href="../../IN-GAAP/in-gaap-2012-03-31.xsd#in-gaap_MoneyRealisedByExerciseOfOptions" xlink:label="MoneyRealisedByExerciseOfOptions"/>
    <definitionArc xlink:type="arc" xlink:arcrole="http://xbrl.org/int/dim/arcrole/domain-member" xlink:from="DisclosuresRelatingToEmployeeStockOptionSchemeLineItems" xlink:to="MoneyRealisedByExerciseOfOptions" priority="0" order="8.0"/>
    <loc xlink:type="locator" xlink:href="../../IN-GAAP/in-gaap-2012-03-31.xsd#in-gaap_TotalNumberOfOptionsInForce" xlink:label="TotalNumberOfOptionsInForce"/>
    <definitionArc xlink:type="arc" xlink:arcrole="http://xbrl.org/int/dim/arcrole/domain-member" xlink:from="DisclosuresRelatingToEmployeeStockOptionSchemeLineItems" xlink:to="TotalNumberOfOptionsInForce" priority="0" order="9.0"/>
    <loc xlink:type="locator" xlink:href="../../IN-GAAP/in-gaap-2012-03-31.xsd#in-gaap_EmployeeWiseDetailsOfOptionsGrantedAbstract" xlink:label="EmployeeWiseDetailsOfOptionsGrantedAbstract"/>
    <definitionArc xlink:type="arc" xlink:arcrole="http://xbrl.org/int/dim/arcrole/domain-member" xlink:from="DisclosuresRelatingToEmployeeStockOptionSchemeLineItems" xlink:to="EmployeeWiseDetailsOfOptionsGrantedAbstract" priority="0" order="10.0"/>
    <loc xlink:type="locator" xlink:href="../../IN-GAAP/in-gaap-2012-03-31.xsd#in-gaap_OptionsGrantedToSeniorManagerialPersonnel" xlink:label="OptionsGrantedToSeniorManagerialPersonnel"/>
    <definitionArc xlink:type="arc" xlink:arcrole="http://xbrl.org/int/dim/arcrole/domain-member" xlink:from="EmployeeWiseDetailsOfOptionsGrantedAbstract" xlink:to="OptionsGrantedToSeniorManagerialPersonnel" priority="0" order="1.0"/>
    <loc xlink:type="locator" xlink:href="../../IN-GAAP/in-gaap-2012-03-31.xsd#in-gaap_OptionsGrantedToEmployeeReceivingGrantOfMoreThanFivePerCentOfOption" xlink:label="OptionsGrantedToEmployeeReceivingGrantOfMoreThanFivePerCentOfOption"/>
    <definitionArc xlink:type="arc" xlink:arcrole="http://xbrl.org/int/dim/arcrole/domain-member" xlink:from="EmployeeWiseDetailsOfOptionsGrantedAbstract" xlink:to="OptionsGrantedToEmployeeReceivingGrantOfMoreThanFivePerCentOfOption" priority="0" order="2.0"/>
    <loc xlink:type="locator" xlink:href="../../IN-GAAP/in-gaap-2012-03-31.xsd#in-gaap_OptionsGrantedToIdentifiedEmployeesReceivingGrantExceedingOnePerCentOfIssuedCapital" xlink:label="OptionsGrantedToIdentifiedEmployeesReceivingGrantExceedingOnePerCentOfIssuedCapital"/>
    <definitionArc xlink:type="arc" xlink:arcrole="http://xbrl.org/int/dim/arcrole/domain-member" xlink:from="EmployeeWiseDetailsOfOptionsGrantedAbstract" xlink:to="OptionsGrantedToIdentifiedEmployeesReceivingGrantExceedingOnePerCentOfIssuedCapital" priority="0" order="3.0"/>
    <loc xlink:type="locator" xlink:href="../../IN-GAAP/in-gaap-2012-03-31.xsd#in-gaap_DilutedEarningPerSharePursuantToIssueOfSharesOnExerciseOfOption" xlink:label="DilutedEarningPerSharePursuantToIssueOfSharesOnExerciseOfOption"/>
    <definitionArc xlink:type="arc" xlink:arcrole="http://xbrl.org/int/dim/arcrole/domain-member" xlink:from="DisclosuresRelatingToEmployeeStockOptionSchemeLineItems" xlink:to="DilutedEarningPerSharePursuantToIssueOfSharesOnExerciseOfOption" priority="0" order="11.0"/>
    <loc xlink:type="locator" xlink:href="../../IN-GAAP/in-gaap-2012-03-31.xsd#in-gaap_DifferenceOfUsingIntrinsicValueOfStockOptionsAsAgainstFairValueOfStockOptionsInComputingEmployeeCompensationCost" xlink:label="DifferenceOfUsingIntrinsicValueOfStockOptionsAsAgainstFairValueOfStockOptionsInComputingEmployeeCompensationCost"/>
    <definitionArc xlink:type="arc" xlink:arcrole="http://xbrl.org/int/dim/arcrole/domain-member" xlink:from="DisclosuresRelatingToEmployeeStockOptionSchemeLineItems" xlink:to="DifferenceOfUsingIntrinsicValueOfStockOptionsAsAgainstFairValueOfStockOptionsInComputingEmployeeCompensationCost" priority="0" order="12.0"/>
    <loc xlink:type="locator" xlink:href="../../IN-GAAP/in-gaap-2012-03-31.xsd#in-gaap_ImpactOnProfitsOfUsingIntrinsicValueOfStockOptionsAsAgainstFairValueOfStockOptionsInComputingEmployeeCompensationCost" xlink:label="ImpactOnProfitsOfUsingIntrinsicValueOfStockOptionsAsAgainstFairValueOfStockOptionsInComputingEmployeeCompensationCost"/>
    <definitionArc xlink:type="arc" xlink:arcrole="http://xbrl.org/int/dim/arcrole/domain-member" xlink:from="DisclosuresRelatingToEmployeeStockOptionSchemeLineItems" xlink:to="ImpactOnProfitsOfUsingIntrinsicValueOfStockOptionsAsAgainstFairValueOfStockOptionsInComputingEmployeeCompensationCost" priority="0" order="13.0"/>
    <loc xlink:type="locator" xlink:href="../../IN-GAAP/in-gaap-2012-03-31.xsd#in-gaap_ImpactOnEarningsPerShareOfUsingIntrinsicValueOfStockOptionsAsAgainstFairValueOfStockOptionsInComputingEmployeeCompensationCost" xlink:label="ImpactOnEarningsPerShareOfUsingIntrinsicValueOfStockOptionsAsAgainstFairValueOfStockOptionsInComputingEmployeeCompensationCost"/>
    <definitionArc xlink:type="arc" xlink:arcrole="http://xbrl.org/int/dim/arcrole/domain-member" xlink:from="DisclosuresRelatingToEmployeeStockOptionSchemeLineItems" xlink:to="ImpactOnEarningsPerShareOfUsingIntrinsicValueOfStockOptionsAsAgainstFairValueOfStockOptionsInComputingEmployeeCompensationCost" priority="0" order="14.0"/>
    <loc xlink:type="locator" xlink:href="../../IN-GAAP/in-gaap-2012-03-31.xsd#in-gaap_DetailsOfOptionsWhoseExercisePriceEqualsOrExceedsOrIsLessThanMarketPriceAbstract" xlink:label="DetailsOfOptionsWhoseExercisePriceEqualsOrExceedsOrIsLessThanMarketPriceAbstract"/>
    <definitionArc xlink:type="arc" xlink:arcrole="http://xbrl.org/int/dim/arcrole/domain-member" xlink:from="DisclosuresRelatingToEmployeeStockOptionSchemeLineItems" xlink:to="DetailsOfOptionsWhoseExercisePriceEqualsOrExceedsOrIsLessThanMarketPriceAbstract" priority="0" order="15.0"/>
    <loc xlink:type="locator" xlink:href="../../IN-GAAP/in-gaap-2012-03-31.xsd#in-gaap_WeightedAverageExercisePricesOfOptionsWhoseExercisePriceEqualsOrExceedsOrIsLessThanMarketPrice" xlink:label="WeightedAverageExercisePricesOfOptionsWhoseExercisePriceEqualsOrExceedsOrIsLessThanMarketPrice"/>
    <definitionArc xlink:type="arc" xlink:arcrole="http://xbrl.org/int/dim/arcrole/domain-member" xlink:from="DetailsOfOptionsWhoseExercisePriceEqualsOrExceedsOrIsLessThanMarketPriceAbstract" xlink:to="WeightedAverageExercisePricesOfOptionsWhoseExercisePriceEqualsOrExceedsOrIsLessThanMarketPrice" priority="0" order="1.0"/>
    <loc xlink:type="locator" xlink:href="../../IN-GAAP/in-gaap-2012-03-31.xsd#in-gaap_WeightedAverageFairValuesOfOptionsWhoseExercisePriceEqualsOrExceedsOrIsLessThanMarketPrice" xlink:label="WeightedAverageFairValuesOfOptionsWhoseExercisePriceEqualsOrExceedsOrIsLessThanMarketPrice"/>
    <definitionArc xlink:type="arc" xlink:arcrole="http://xbrl.org/int/dim/arcrole/domain-member" xlink:from="DetailsOfOptionsWhoseExercisePriceEqualsOrExceedsOrIsLessThanMarketPriceAbstract" xlink:to="WeightedAverageFairValuesOfOptionsWhoseExercisePriceEqualsOrExceedsOrIsLessThanMarketPrice" priority="0" order="2.0"/>
    <loc xlink:type="locator" xlink:href="../../IN-GAAP/in-gaap-2012-03-31.xsd#in-gaap_DescriptionOfMethodsAndSignificantAssumptionsUsedToEstimateFairValueOfOptions" xlink:label="DescriptionOfMethodsAndSignificantAssumptionsUsedToEstimateFairValueOfOptions"/>
    <definitionArc xlink:type="arc" xlink:arcrole="http://xbrl.org/int/dim/arcrole/domain-member" xlink:from="DisclosuresRelatingToEmployeeStockOptionSchemeLineItems" xlink:to="DescriptionOfMethodsAndSignificantAssumptionsUsedToEstimateFairValueOfOptions" priority="0" order="16.0"/>
    <loc xlink:type="locator" xlink:href="../../IN-GAAP/in-gaap-2012-03-31.xsd#in-gaap_WeightedAverageInformationUsedInEstimatingFairValueOfOptionsAbstract" xlink:label="WeightedAverageInformationUsedInEstimatingFairValueOfOptionsAbstract"/>
    <definitionArc xlink:type="arc" xlink:arcrole="http://xbrl.org/int/dim/arcrole/domain-member" xlink:from="DisclosuresRelatingToEmployeeStockOptionSchemeLineItems" xlink:to="WeightedAverageInformationUsedInEstimatingFairValueOfOptionsAbstract" priority="0" order="17.0"/>
    <loc xlink:type="locator" xlink:href="../../IN-GAAP/in-gaap-2012-03-31.xsd#in-gaap_RiskFreeInterestRate" xlink:label="RiskFreeInterestRate"/>
    <definitionArc xlink:type="arc" xlink:arcrole="http://xbrl.org/int/dim/arcrole/domain-member" xlink:from="WeightedAverageInformationUsedInEstimatingFairValueOfOptionsAbstract" xlink:to="RiskFreeInterestRate" priority="0" order="1.0"/>
    <loc xlink:type="locator" xlink:href="../../IN-GAAP/in-gaap-2012-03-31.xsd#in-gaap_ExpectedLife" xlink:label="ExpectedLife"/>
    <definitionArc xlink:type="arc" xlink:arcrole="http://xbrl.org/int/dim/arcrole/domain-member" xlink:from="WeightedAverageInformationUsedInEstimatingFairValueOfOptionsAbstract" xlink:to="ExpectedLife" priority="0" order="2.0"/>
    <loc xlink:type="locator" xlink:href="../../IN-GAAP/in-gaap-2012-03-31.xsd#in-gaap_ExpectedVolatility" xlink:label="ExpectedVolatility"/>
    <definitionArc xlink:type="arc" xlink:arcrole="http://xbrl.org/int/dim/arcrole/domain-member" xlink:from="WeightedAverageInformationUsedInEstimatingFairValueOfOptionsAbstract" xlink:to="ExpectedVolatility" priority="0" order="3.0"/>
    <loc xlink:type="locator" xlink:href="../../IN-GAAP/in-gaap-2012-03-31.xsd#in-gaap_ExpectedDividends" xlink:label="ExpectedDividends"/>
    <definitionArc xlink:type="arc" xlink:arcrole="http://xbrl.org/int/dim/arcrole/domain-member" xlink:from="WeightedAverageInformationUsedInEstimatingFairValueOfOptionsAbstract" xlink:to="ExpectedDividends" priority="0" order="4.0"/>
    <loc xlink:type="locator" xlink:href="../../IN-GAAP/in-gaap-2012-03-31.xsd#in-gaap_MarketPriceOfUnderlyingShare" xlink:label="MarketPriceOfUnderlyingShare"/>
    <definitionArc xlink:type="arc" xlink:arcrole="http://xbrl.org/int/dim/arcrole/domain-member" xlink:from="WeightedAverageInformationUsedInEstimatingFairValueOfOptionsAbstract" xlink:to="MarketPriceOfUnderlyingShare" priority="0" order="5.0"/>
    <loc xlink:type="locator" xlink:href="../../IN-GAAP/in-gaap-2012-03-31.xsd#in-gaap_ImpactOnProfitsOnFollowingAccountingPoliciesSpecifiedInScheduleIOfSEBIGuidelines" xlink:label="ImpactOnProfitsOnFollowingAccountingPoliciesSpecifiedInScheduleIOfSEBIGuidelines"/>
    <definitionArc xlink:type="arc" xlink:arcrole="http://xbrl.org/int/dim/arcrole/domain-member" xlink:from="DisclosuresRelatingToEmployeeStockOptionSchemeLineItems" xlink:to="ImpactOnProfitsOnFollowingAccountingPoliciesSpecifiedInScheduleIOfSEBIGuidelines" priority="0" order="18.0"/>
    <loc xlink:type="locator" xlink:href="../../IN-GAAP/in-gaap-2012-03-31.xsd#in-gaap_ImpactOnEarningsPerShareOnFollowingAccountingPoliciesSpecifiedInScheduleIOfSEBIGuidelines" xlink:label="ImpactOnEarningsPerShareOnFollowingAccountingPoliciesSpecifiedInScheduleIOfSEBIGuidelines"/>
    <definitionArc xlink:type="arc" xlink:arcrole="http://xbrl.org/int/dim/arcrole/domain-member" xlink:from="DisclosuresRelatingToEmployeeStockOptionSchemeLineItems" xlink:to="ImpactOnEarningsPerShareOnFollowingAccountingPoliciesSpecifiedInScheduleIOfSEBIGuidelines" priority="0" order="19.0"/>
  </definitionLink>
  <definitionLink xlink:type="extended" xlink:role="http://www.icai.org/xbrl/taxonomy/in-ca/role/DisclosuresDirectorsReport1">
    <loc xlink:type="locator" xlink:href="../../IN-GAAP/in-gaap-2012-03-31.xsd#in-gaap_DisclosuresRelatingToEmployeeStockPurchaseSchemeAbstract" xlink:label="DisclosuresRelatingToEmployeeStockPurchaseSchemeAbstract"/>
    <loc xlink:type="locator" xlink:href="../../IN-GAAP/in-gaap-2012-03-31.xsd#in-gaap_DisclosuresRelatingToEmployeeStockPurchaseSchemeTable" xlink:label="DisclosuresRelatingToEmployeeStockPurchaseSchemeTable"/>
    <definitionArc xlink:type="arc" xlink:arcrole="http://xbrl.org/int/dim/arcrole/all" xlink:from="DisclosuresRelatingToEmployeeStockPurchaseSchemeAbstract" xlink:to="DisclosuresRelatingToEmployeeStockPurchaseSchemeTable" priority="0" order="1.0" xbrldt:contextElement="scenario" xbrldt:closed="true"/>
    <loc xlink:type="locator" xlink:href="../../IN-GAAP/in-gaap-2012-03-31.xsd#in-gaap_CategoriesOfEmployeeStockPurchaseSchemeAxis" xlink:label="CategoriesOfEmployeeStockPurchaseSchemeAxis"/>
    <definitionArc xlink:type="arc" xlink:arcrole="http://xbrl.org/int/dim/arcrole/hypercube-dimension" xlink:from="DisclosuresRelatingToEmployeeStockPurchaseSchemeTable" xlink:to="CategoriesOfEmployeeStockPurchaseSchemeAxis" priority="0" order="1.0"/>
    <loc xlink:type="locator" xlink:href="../../IN-GAAP/in-gaap-2012-03-31.xsd#in-gaap_DisclosuresRelatingToEmployeeStockPurchaseSchemeLineItems" xlink:label="DisclosuresRelatingToEmployeeStockPurchaseSchemeLineItems"/>
    <definitionArc xlink:type="arc" xlink:arcrole="http://xbrl.org/int/dim/arcrole/domain-member" xlink:from="DisclosuresRelatingToEmployeeStockPurchaseSchemeAbstract" xlink:to="DisclosuresRelatingToEmployeeStockPurchaseSchemeLineItems" priority="0" order="2.0"/>
    <loc xlink:type="locator" xlink:href="../../IN-GAAP/in-gaap-2012-03-31.xsd#in-gaap_NumberOfSharesIssuesInEmployeeStockPurchaseScheme" xlink:label="NumberOfSharesIssuesInEmployeeStockPurchaseScheme"/>
    <definitionArc xlink:type="arc" xlink:arcrole="http://xbrl.org/int/dim/arcrole/domain-member" xlink:from="DisclosuresRelatingToEmployeeStockPurchaseSchemeLineItems" xlink:to="NumberOfSharesIssuesInEmployeeStockPurchaseScheme" priority="0" order="1.0"/>
    <loc xlink:type="locator" xlink:href="../../IN-GAAP/in-gaap-2012-03-31.xsd#in-gaap_PriceAtWhichSharesAreIssued" xlink:label="PriceAtWhichSharesAreIssued"/>
    <definitionArc xlink:type="arc" xlink:arcrole="http://xbrl.org/int/dim/arcrole/domain-member" xlink:from="DisclosuresRelatingToEmployeeStockPurchaseSchemeLineItems" xlink:to="PriceAtWhichSharesAreIssued" priority="0" order="2.0"/>
    <loc xlink:type="locator" xlink:href="../../IN-GAAP/in-gaap-2012-03-31.xsd#in-gaap_EmployeeWiseDetailsOfSharesIssuedAbstract" xlink:label="EmployeeWiseDetailsOfSharesIssuedAbstract"/>
    <definitionArc xlink:type="arc" xlink:arcrole="http://xbrl.org/int/dim/arcrole/domain-member" xlink:from="DisclosuresRelatingToEmployeeStockPurchaseSchemeLineItems" xlink:to="EmployeeWiseDetailsOfSharesIssuedAbstract" priority="0" order="3.0"/>
    <loc xlink:type="locator" xlink:href="../../IN-GAAP/in-gaap-2012-03-31.xsd#in-gaap_SharesIssuedToSeniorManagerialPersonnel" xlink:label="SharesIssuedToSeniorManagerialPersonnel"/>
    <definitionArc xlink:type="arc" xlink:arcrole="http://xbrl.org/int/dim/arcrole/domain-member" xlink:from="EmployeeWiseDetailsOfSharesIssuedAbstract" xlink:to="SharesIssuedToSeniorManagerialPersonnel" priority="0" order="1.0"/>
    <loc xlink:type="locator" xlink:href="../../IN-GAAP/in-gaap-2012-03-31.xsd#in-gaap_SharesIssuedToEmployeeReceivingMoreThanFivePerCentOfSharesIssued" xlink:label="SharesIssuedToEmployeeReceivingMoreThanFivePerCentOfSharesIssued"/>
    <definitionArc xlink:type="arc" xlink:arcrole="http://xbrl.org/int/dim/arcrole/domain-member" xlink:from="EmployeeWiseDetailsOfSharesIssuedAbstract" xlink:to="SharesIssuedToEmployeeReceivingMoreThanFivePerCentOfSharesIssued" priority="0" order="2.0"/>
    <loc xlink:type="locator" xlink:href="../../IN-GAAP/in-gaap-2012-03-31.xsd#in-gaap_SharesIssuedToIdentifiedEmployeesExceedingOnePerCentOfIssuedCapital" xlink:label="SharesIssuedToIdentifiedEmployeesExceedingOnePerCentOfIssuedCapital"/>
    <definitionArc xlink:type="arc" xlink:arcrole="http://xbrl.org/int/dim/arcrole/domain-member" xlink:from="EmployeeWiseDetailsOfSharesIssuedAbstract" xlink:to="SharesIssuedToIdentifiedEmployeesExceedingOnePerCentOfIssuedCapital" priority="0" order="3.0"/>
    <loc xlink:type="locator" xlink:href="../../IN-GAAP/in-gaap-2012-03-31.xsd#in-gaap_DilutedEarningPerSharePursuantToIssueOfSharesUnderEmployeeStockPurchaseScheme" xlink:label="DilutedEarningPerSharePursuantToIssueOfSharesUnderEmployeeStockPurchaseScheme"/>
    <definitionArc xlink:type="arc" xlink:arcrole="http://xbrl.org/int/dim/arcrole/domain-member" xlink:from="DisclosuresRelatingToEmployeeStockPurchaseSchemeLineItems" xlink:to="DilutedEarningPerSharePursuantToIssueOfSharesUnderEmployeeStockPurchaseScheme" priority="0" order="4.0"/>
    <loc xlink:type="locator" xlink:href="../../IN-GAAP/in-gaap-2012-03-31.xsd#in-gaap_ConsiderationReceivedAgainstIssuanceOfShares" xlink:label="ConsiderationReceivedAgainstIssuanceOfShares"/>
    <definitionArc xlink:type="arc" xlink:arcrole="http://xbrl.org/int/dim/arcrole/domain-member" xlink:from="DisclosuresRelatingToEmployeeStockPurchaseSchemeLineItems" xlink:to="ConsiderationReceivedAgainstIssuanceOfShares" priority="0" order="5.0"/>
  </definitionLink>
  <definitionLink xlink:type="extended" xlink:role="http://www.icai.org/xbrl/taxonomy/in-ca/role/DisclosuresDirectorsReport2">
    <loc xlink:type="locator" xlink:href="../in-ca-2012-03-31.xsd#in-ca_DetailsOfSignatoriesToBoardReportAbstract" xlink:label="DetailsOfSignatoriesToBoardReportAbstract"/>
    <loc xlink:type="locator" xlink:href="../in-ca-2012-03-31.xsd#in-ca_DetailsOfDirectorsSigningBoardReportTable" xlink:label="DetailsOfDirectorsSigningBoardReportTable"/>
    <definitionArc xlink:type="arc" xlink:arcrole="http://xbrl.org/int/dim/arcrole/all" xlink:from="DetailsOfSignatoriesToBoardReportAbstract" xlink:to="DetailsOfDirectorsSigningBoardReportTable" priority="0" order="1.0" xbrldt:contextElement="scenario" xbrldt:closed="true"/>
    <loc xlink:type="locator" xlink:href="../in-ca-2012-03-31.xsd#in-ca_DirectorsSigningBoardReportAxis" xlink:label="DirectorsSigningBoardReportAxis"/>
    <definitionArc xlink:type="arc" xlink:arcrole="http://xbrl.org/int/dim/arcrole/hypercube-dimension" xlink:from="DetailsOfDirectorsSigningBoardReportTable" xlink:to="DirectorsSigningBoardReportAxis" priority="0" order="1.0"/>
    <loc xlink:type="locator" xlink:href="../in-ca-2012-03-31.xsd#in-ca_DetailsOfDirectorsSigningBoardReportLineItems" xlink:label="DetailsOfDirectorsSigningBoardReportLineItems"/>
    <definitionArc xlink:type="arc" xlink:arcrole="http://xbrl.org/int/dim/arcrole/domain-member" xlink:from="DetailsOfSignatoriesToBoardReportAbstract" xlink:to="DetailsOfDirectorsSigningBoardReportLineItems" priority="0" order="2.0"/>
    <loc xlink:type="locator" xlink:href="../in-ca-2012-03-31.xsd#in-ca_NameOfDirectorSigningBoardReportAbstract" xlink:label="NameOfDirectorSigningBoardReportAbstract"/>
    <definitionArc xlink:type="arc" xlink:arcrole="http://xbrl.org/int/dim/arcrole/domain-member" xlink:from="DetailsOfDirectorsSigningBoardReportLineItems" xlink:to="NameOfDirectorSigningBoardReportAbstract" priority="0" order="1.0"/>
    <loc xlink:type="locator" xlink:href="../in-ca-2012-03-31.xsd#in-ca_FirstNameOfDirector" xlink:label="FirstNameOfDirector"/>
    <definitionArc xlink:type="arc" xlink:arcrole="http://xbrl.org/int/dim/arcrole/domain-member" xlink:from="NameOfDirectorSigningBoardReportAbstract" xlink:to="FirstNameOfDirector" priority="0" order="1.0"/>
    <loc xlink:type="locator" xlink:href="../in-ca-2012-03-31.xsd#in-ca_MiddleNameOfDirector" xlink:label="MiddleNameOfDirector"/>
    <definitionArc xlink:type="arc" xlink:arcrole="http://xbrl.org/int/dim/arcrole/domain-member" xlink:from="NameOfDirectorSigningBoardReportAbstract" xlink:to="MiddleNameOfDirector" priority="0" order="2.0"/>
    <loc xlink:type="locator" xlink:href="../in-ca-2012-03-31.xsd#in-ca_LastNameOfDirector" xlink:label="LastNameOfDirector"/>
    <definitionArc xlink:type="arc" xlink:arcrole="http://xbrl.org/int/dim/arcrole/domain-member" xlink:from="NameOfDirectorSigningBoardReportAbstract" xlink:to="LastNameOfDirector" priority="0" order="3.0"/>
    <loc xlink:type="locator" xlink:href="../in-ca-2012-03-31.xsd#in-ca_DesignationOfDirector" xlink:label="DesignationOfDirector"/>
    <definitionArc xlink:type="arc" xlink:arcrole="http://xbrl.org/int/dim/arcrole/domain-member" xlink:from="DetailsOfDirectorsSigningBoardReportLineItems" xlink:to="DesignationOfDirector" priority="0" order="2.0"/>
    <loc xlink:type="locator" xlink:href="../in-ca-2012-03-31.xsd#in-ca_DirectorIdentificationNumberOfDirector" xlink:label="DirectorIdentificationNumberOfDirector"/>
    <definitionArc xlink:type="arc" xlink:arcrole="http://xbrl.org/int/dim/arcrole/domain-member" xlink:from="DetailsOfDirectorsSigningBoardReportLineItems" xlink:to="DirectorIdentificationNumberOfDirector" priority="0" order="3.0"/>
    <loc xlink:type="locator" xlink:href="../in-ca-2012-03-31.xsd#in-ca_DateOfSigningBoardReport" xlink:label="DateOfSigningBoardReport"/>
    <definitionArc xlink:type="arc" xlink:arcrole="http://xbrl.org/int/dim/arcrole/domain-member" xlink:from="DetailsOfDirectorsSigningBoardReportLineItems" xlink:to="DateOfSigningBoardReport" priority="0" order="4.0"/>
  </definitionLink>
</linkbase>
