<?xml version="1.0" encoding="US-ASCII"?>
<!-- Generated by Fujitsu Interstage XWand B0166 -->
<linkbase xmlns="http://www.xbrl.org/2003/linkbase" xmlns:xsi="http://www.w3.org/2001/XMLSchema-instance" xmlns:xlink="http://www.w3.org/1999/xlink" xmlns:xbrli="http://www.xbrl.org/2003/instance">
  <roleRef roleURI="http://www.icai.org/xbrl/taxonomy/role/in-gaap/NotesEffectsOfChangesInForeignExchangeRates" xlink:type="simple" xlink:href="../in-gaap-roles-2012-03-31.xsd#in-gaap-rol-202200"/>
  <presentationLink xlink:type="extended" xlink:role="http://www.icai.org/xbrl/taxonomy/role/in-gaap/NotesEffectsOfChangesInForeignExchangeRates">
    <loc xlink:type="locator" xlink:href="../in-gaap-2012-03-31.xsd#in-gaap_DisclosureOfNotesOnEffectOfChangesInForeignExchangeRatesExplanatoryTextBlock" xlink:label="DisclosureOfNotesOnEffectOfChangesInForeignExchangeRatesExplanatoryTextBlock"/>
    <loc xlink:type="locator" xlink:href="../in-gaap-2012-03-31.xsd#in-gaap_DescriptionOfReasonWhyReportingCurrencyIsDifferentFromCurrencyOfCountryInWhichEntityIsDomiciled" xlink:label="DescriptionOfReasonWhyReportingCurrencyIsDifferentFromCurrencyOfCountryInWhichEntityIsDomiciled"/>
    <presentationArc xlink:type="arc" xlink:arcrole="http://www.xbrl.org/2003/arcrole/parent-child" xlink:from="DisclosureOfNotesOnEffectOfChangesInForeignExchangeRatesExplanatoryTextBlock" xlink:to="DescriptionOfReasonWhyReportingCurrencyIsDifferentFromCurrencyOfCountryInWhichEntityIsDomiciled" priority="0" order="1.0"/>
    <loc xlink:type="locator" xlink:href="../in-gaap-2012-03-31.xsd#in-gaap_DescriptionOfReasonForChangeInReportingCurrency" xlink:label="DescriptionOfReasonForChangeInReportingCurrency"/>
    <presentationArc xlink:type="arc" xlink:arcrole="http://www.xbrl.org/2003/arcrole/parent-child" xlink:from="DisclosureOfNotesOnEffectOfChangesInForeignExchangeRatesExplanatoryTextBlock" xlink:to="DescriptionOfReasonForChangeInReportingCurrency" priority="0" order="2.0"/>
    <loc xlink:type="locator" xlink:href="../in-gaap-2012-03-31.xsd#in-gaap_DetailsOfChangeInClassificationOfSignificantForeignOperationAbstract" xlink:label="DetailsOfChangeInClassificationOfSignificantForeignOperationAbstract"/>
    <presentationArc xlink:type="arc" xlink:arcrole="http://www.xbrl.org/2003/arcrole/parent-child" xlink:from="DisclosureOfNotesOnEffectOfChangesInForeignExchangeRatesExplanatoryTextBlock" xlink:to="DetailsOfChangeInClassificationOfSignificantForeignOperationAbstract" priority="0" order="3.0"/>
    <loc xlink:type="locator" xlink:href="../in-gaap-2012-03-31.xsd#in-gaap_NatureOfChangeInClassificationOfSignificantForeignOperation" xlink:label="NatureOfChangeInClassificationOfSignificantForeignOperation"/>
    <presentationArc xlink:type="arc" xlink:arcrole="http://www.xbrl.org/2003/arcrole/parent-child" xlink:from="DetailsOfChangeInClassificationOfSignificantForeignOperationAbstract" xlink:to="NatureOfChangeInClassificationOfSignificantForeignOperation" priority="0" order="1.0"/>
    <loc xlink:type="locator" xlink:href="../in-gaap-2012-03-31.xsd#in-gaap_ReasonForChangeInClassificationOfSignificantForeignOperation" xlink:label="ReasonForChangeInClassificationOfSignificantForeignOperation"/>
    <presentationArc xlink:type="arc" xlink:arcrole="http://www.xbrl.org/2003/arcrole/parent-child" xlink:from="DetailsOfChangeInClassificationOfSignificantForeignOperationAbstract" xlink:to="ReasonForChangeInClassificationOfSignificantForeignOperation" priority="0" order="2.0"/>
    <loc xlink:type="locator" xlink:href="../in-gaap-2012-03-31.xsd#in-gaap_ImpactOfChangeInClassificationOfSignificantForeignOperationOnShareholdersFund" xlink:label="ImpactOfChangeInClassificationOfSignificantForeignOperationOnShareholdersFund"/>
    <presentationArc xlink:type="arc" xlink:arcrole="http://www.xbrl.org/2003/arcrole/parent-child" xlink:from="DetailsOfChangeInClassificationOfSignificantForeignOperationAbstract" xlink:to="ImpactOfChangeInClassificationOfSignificantForeignOperationOnShareholdersFund" priority="0" order="3.0"/>
    <loc xlink:type="locator" xlink:href="../in-gaap-2012-03-31.xsd#in-gaap_ImpactOnNetProfitOrLossOfChangeInClassificationOfSignificantForeignOperationForEachPriorPeriodPresentedTextBlock" xlink:label="ImpactOnNetProfitOrLossOfChangeInClassificationOfSignificantForeignOperationForEachPriorPeriodPresentedTextBlock"/>
    <presentationArc xlink:type="arc" xlink:arcrole="http://www.xbrl.org/2003/arcrole/parent-child" xlink:from="DetailsOfChangeInClassificationOfSignificantForeignOperationAbstract" xlink:to="ImpactOnNetProfitOrLossOfChangeInClassificationOfSignificantForeignOperationForEachPriorPeriodPresentedTextBlock" priority="0" order="4.0"/>
    <loc xlink:type="locator" xlink:href="../in-gaap-2012-03-31.xsd#in-gaap_DisclosureOfEntityForeignCurrencyRiskManagementPolicy" xlink:label="DisclosureOfEntityForeignCurrencyRiskManagementPolicy"/>
    <presentationArc xlink:type="arc" xlink:arcrole="http://www.xbrl.org/2003/arcrole/parent-child" xlink:from="DisclosureOfNotesOnEffectOfChangesInForeignExchangeRatesExplanatoryTextBlock" xlink:to="DisclosureOfEntityForeignCurrencyRiskManagementPolicy" priority="0" order="4.0"/>
    <loc xlink:type="locator" xlink:href="../in-gaap-2012-03-31.xsd#in-gaap_AmountOfForeignCurrencyExposureThatIsNotHedgedByDerivativeInstrument" xlink:label="AmountOfForeignCurrencyExposureThatIsNotHedgedByDerivativeInstrument"/>
    <presentationArc xlink:type="arc" xlink:arcrole="http://www.xbrl.org/2003/arcrole/parent-child" xlink:from="DisclosureOfNotesOnEffectOfChangesInForeignExchangeRatesExplanatoryTextBlock" xlink:to="AmountOfForeignCurrencyExposureThatIsNotHedgedByDerivativeInstrument" priority="0" order="5.0"/>
    <loc xlink:type="locator" xlink:href="../in-gaap-2012-03-31.xsd#in-gaap_DisclosureOfFactOfExerciseOfOptionMentionedInAS11Para46And46A" xlink:label="DisclosureOfFactOfExerciseOfOptionMentionedInAS11Para46And46A"/>
    <presentationArc xlink:type="arc" xlink:arcrole="http://www.xbrl.org/2003/arcrole/parent-child" xlink:from="DisclosureOfNotesOnEffectOfChangesInForeignExchangeRatesExplanatoryTextBlock" xlink:to="DisclosureOfFactOfExerciseOfOptionMentionedInAS11Para46And46A" priority="0" order="6.0"/>
    <loc xlink:type="locator" xlink:href="../in-gaap-2012-03-31.xsd#in-gaap_AmountRemainingToBeAmortizedInForeignCurrencyMonetaryItemTranslationDifferenceAssetAccountAsOfReportingDate" xlink:label="AmountRemainingToBeAmortizedInForeignCurrencyMonetaryItemTranslationDifferenceAssetAccountAsOfReportingDate"/>
    <presentationArc xlink:type="arc" xlink:arcrole="http://www.xbrl.org/2003/arcrole/parent-child" xlink:from="DisclosureOfNotesOnEffectOfChangesInForeignExchangeRatesExplanatoryTextBlock" xlink:to="AmountRemainingToBeAmortizedInForeignCurrencyMonetaryItemTranslationDifferenceAssetAccountAsOfReportingDate" priority="0" order="7.0"/>
    <loc xlink:type="locator" xlink:href="../in-gaap-2012-03-31.xsd#in-gaap_AmountRemainingToBeAmortizedInForeignCurrencyMonetaryItemTranslationDifferenceLiabilityAccountAsOfReportingDate" xlink:label="AmountRemainingToBeAmortizedInForeignCurrencyMonetaryItemTranslationDifferenceLiabilityAccountAsOfReportingDate"/>
    <presentationArc xlink:type="arc" xlink:arcrole="http://www.xbrl.org/2003/arcrole/parent-child" xlink:from="DisclosureOfNotesOnEffectOfChangesInForeignExchangeRatesExplanatoryTextBlock" xlink:to="AmountRemainingToBeAmortizedInForeignCurrencyMonetaryItemTranslationDifferenceLiabilityAccountAsOfReportingDate" priority="0" order="8.0"/>
  </presentationLink>
</linkbase>
