<?xml version="1.0" encoding="US-ASCII"?>
<!-- Generated by Fujitsu Interstage XWand B0166 -->
<linkbase xmlns="http://www.xbrl.org/2003/linkbase" xmlns:xsi="http://www.w3.org/2001/XMLSchema-instance" xmlns:xlink="http://www.w3.org/1999/xlink" xmlns:xbrli="http://www.xbrl.org/2003/instance">
  <roleRef roleURI="http://www.icai.org/xbrl/taxonomy/role/in-gaap/NotesEmployeeBenefits" xlink:type="simple" xlink:href="../in-gaap-roles-2012-03-31.xsd#in-gaap-rol-201200"/>
  <roleRef roleURI="http://www.xbrl.org/2009/role/negatedLabel" xlink:type="simple" xlink:href="http://www.xbrl.org/lrr/role/negated-2009-12-16.xsd#negatedLabel"/>
  <roleRef roleURI="http://www.xbrl.org/2009/role/netLabel" xlink:type="simple" xlink:href="http://www.xbrl.org/lrr/role/net-2009-12-16.xsd#netLabel"/>
  <presentationLink xlink:type="extended" xlink:role="http://www.icai.org/xbrl/taxonomy/role/in-gaap/NotesEmployeeBenefits">
    <loc xlink:type="locator" xlink:href="../in-gaap-2012-03-31.xsd#in-gaap_DisclosureOfEmployeeBenefitsExplanatoryTextBlock" xlink:label="DisclosureOfEmployeeBenefitsExplanatoryTextBlock"/>
    <loc xlink:type="locator" xlink:href="../in-gaap-2012-03-31.xsd#in-gaap_DisclosureOfDefinedBenefitPlansAbstract" xlink:label="DisclosureOfDefinedBenefitPlansAbstract"/>
    <presentationArc xlink:type="arc" xlink:arcrole="http://www.xbrl.org/2003/arcrole/parent-child" xlink:from="DisclosureOfEmployeeBenefitsExplanatoryTextBlock" xlink:to="DisclosureOfDefinedBenefitPlansAbstract" priority="0" order="1.0"/>
    <loc xlink:type="locator" xlink:href="../in-gaap-2012-03-31.xsd#in-gaap_DisclosureOfDefinedBenefitPlansTable" xlink:label="DisclosureOfDefinedBenefitPlansTable"/>
    <presentationArc xlink:type="arc" xlink:arcrole="http://www.xbrl.org/2003/arcrole/parent-child" xlink:from="DisclosureOfDefinedBenefitPlansAbstract" xlink:to="DisclosureOfDefinedBenefitPlansTable" priority="0" order="1.0"/>
    <loc xlink:type="locator" xlink:href="../in-gaap-2012-03-31.xsd#in-gaap_DefinedBenefitPlansAxis" xlink:label="DefinedBenefitPlansAxis"/>
    <presentationArc xlink:type="arc" xlink:arcrole="http://www.xbrl.org/2003/arcrole/parent-child" xlink:from="DisclosureOfDefinedBenefitPlansTable" xlink:to="DefinedBenefitPlansAxis" priority="0" order="1.0"/>
    <loc xlink:type="locator" xlink:href="../in-gaap-2012-03-31.xsd#in-gaap_DefinedBenefitPlansMember" xlink:label="DefinedBenefitPlansMember"/>
    <presentationArc xlink:type="arc" xlink:arcrole="http://www.xbrl.org/2003/arcrole/parent-child" xlink:from="DefinedBenefitPlansAxis" xlink:to="DefinedBenefitPlansMember" priority="0" order="1.0"/>
    <loc xlink:type="locator" xlink:href="../in-gaap-2012-03-31.xsd#in-gaap_ForeignDefinedBenefitPlansMember" xlink:label="ForeignDefinedBenefitPlansMember"/>
    <presentationArc xlink:type="arc" xlink:arcrole="http://www.xbrl.org/2003/arcrole/parent-child" xlink:from="DefinedBenefitPlansMember" xlink:to="ForeignDefinedBenefitPlansMember" priority="0" order="1.0"/>
    <loc xlink:type="locator" xlink:href="../in-gaap-2012-03-31.xsd#in-gaap_DomesticDefinedBenefitPlansMember" xlink:label="DomesticDefinedBenefitPlansMember"/>
    <presentationArc xlink:type="arc" xlink:arcrole="http://www.xbrl.org/2003/arcrole/parent-child" xlink:from="DefinedBenefitPlansMember" xlink:to="DomesticDefinedBenefitPlansMember" priority="0" order="2.0"/>
    <loc xlink:type="locator" xlink:href="../in-gaap-2012-03-31.xsd#in-gaap_MultiemployerDefinedBenefitPlansMember" xlink:label="MultiemployerDefinedBenefitPlansMember"/>
    <presentationArc xlink:type="arc" xlink:arcrole="http://www.xbrl.org/2003/arcrole/parent-child" xlink:from="DefinedBenefitPlansMember" xlink:to="MultiemployerDefinedBenefitPlansMember" priority="0" order="3.0"/>
    <loc xlink:type="locator" xlink:href="../in-gaap-2012-03-31.xsd#in-gaap_DisclosureOfDefinedBenefitPlansLineItems" xlink:label="DisclosureOfDefinedBenefitPlansLineItems"/>
    <presentationArc xlink:type="arc" xlink:arcrole="http://www.xbrl.org/2003/arcrole/parent-child" xlink:from="DisclosureOfDefinedBenefitPlansAbstract" xlink:to="DisclosureOfDefinedBenefitPlansLineItems" priority="0" order="2.0"/>
    <loc xlink:type="locator" xlink:href="../in-gaap-2012-03-31.xsd#in-gaap_DescriptionOfAccountingPolicyForDefinedBenefitPlans" xlink:label="DescriptionOfAccountingPolicyForDefinedBenefitPlans"/>
    <presentationArc xlink:type="arc" xlink:arcrole="http://www.xbrl.org/2003/arcrole/parent-child" xlink:from="DisclosureOfDefinedBenefitPlansLineItems" xlink:to="DescriptionOfAccountingPolicyForDefinedBenefitPlans" priority="0" order="1.0"/>
    <loc xlink:type="locator" xlink:href="../in-gaap-2012-03-31.xsd#in-gaap_DescriptionOfTypeOfPlan" xlink:label="DescriptionOfTypeOfPlan"/>
    <presentationArc xlink:type="arc" xlink:arcrole="http://www.xbrl.org/2003/arcrole/parent-child" xlink:from="DisclosureOfDefinedBenefitPlansLineItems" xlink:to="DescriptionOfTypeOfPlan" priority="0" order="2.0"/>
    <loc xlink:type="locator" xlink:href="../in-gaap-2012-03-31.xsd#in-gaap_ReconciliationOfChangesInPresentValueOfDefinedBenefitObligationAbstract" xlink:label="ReconciliationOfChangesInPresentValueOfDefinedBenefitObligationAbstract"/>
    <presentationArc xlink:type="arc" xlink:arcrole="http://www.xbrl.org/2003/arcrole/parent-child" xlink:from="DisclosureOfDefinedBenefitPlansLineItems" xlink:to="ReconciliationOfChangesInPresentValueOfDefinedBenefitObligationAbstract" priority="0" order="3.0"/>
    <loc xlink:type="locator" xlink:href="../in-gaap-2012-03-31.xsd#in-gaap_ChangesInDefinedBenefitObligationAtPresentValueAbstract" xlink:label="ChangesInDefinedBenefitObligationAtPresentValueAbstract"/>
    <presentationArc xlink:type="arc" xlink:arcrole="http://www.xbrl.org/2003/arcrole/parent-child" xlink:from="ReconciliationOfChangesInPresentValueOfDefinedBenefitObligationAbstract" xlink:to="ChangesInDefinedBenefitObligationAtPresentValueAbstract" priority="0" order="2.0"/>
    <loc xlink:type="locator" xlink:href="../in-gaap-2012-03-31.xsd#in-gaap_IncreaseDecreaseThroughCurrentServiceCostDefinedBenefitObligationAtPresentValue" xlink:label="IncreaseDecreaseThroughCurrentServiceCostDefinedBenefitObligationAtPresentValue"/>
    <presentationArc xlink:type="arc" xlink:arcrole="http://www.xbrl.org/2003/arcrole/parent-child" xlink:from="ChangesInDefinedBenefitObligationAtPresentValueAbstract" xlink:to="IncreaseDecreaseThroughCurrentServiceCostDefinedBenefitObligationAtPresentValue" priority="0" order="1.0"/>
    <loc xlink:type="locator" xlink:href="../in-gaap-2012-03-31.xsd#in-gaap_IncreaseDecreaseThroughInterestCostDefinedBenefitObligationAtPresentValue" xlink:label="IncreaseDecreaseThroughInterestCostDefinedBenefitObligationAtPresentValue"/>
    <presentationArc xlink:type="arc" xlink:arcrole="http://www.xbrl.org/2003/arcrole/parent-child" xlink:from="ChangesInDefinedBenefitObligationAtPresentValueAbstract" xlink:to="IncreaseDecreaseThroughInterestCostDefinedBenefitObligationAtPresentValue" priority="0" order="2.0"/>
    <loc xlink:type="locator" xlink:href="../in-gaap-2012-03-31.xsd#in-gaap_AmalgamationsDefinedBenefitObligationAtPresentValue" xlink:label="AmalgamationsDefinedBenefitObligationAtPresentValue"/>
    <presentationArc xlink:type="arc" xlink:arcrole="http://www.xbrl.org/2003/arcrole/parent-child" xlink:from="ChangesInDefinedBenefitObligationAtPresentValueAbstract" xlink:to="AmalgamationsDefinedBenefitObligationAtPresentValue" priority="0" order="3.0"/>
    <loc xlink:type="locator" xlink:href="../in-gaap-2012-03-31.xsd#in-gaap_DecreaseIncreaseThroughActuarialGainsLossesDefinedBenefitObligationAtPresentValue" xlink:label="DecreaseIncreaseThroughActuarialGainsLossesDefinedBenefitObligationAtPresentValue"/>
    <presentationArc xlink:type="arc" xlink:arcrole="http://www.xbrl.org/2003/arcrole/parent-child" xlink:from="ChangesInDefinedBenefitObligationAtPresentValueAbstract" xlink:to="DecreaseIncreaseThroughActuarialGainsLossesDefinedBenefitObligationAtPresentValue" priority="0" order="4.0" preferredLabel="http://www.xbrl.org/2009/role/negatedLabel"/>
    <loc xlink:type="locator" xlink:href="../in-gaap-2012-03-31.xsd#in-gaap_ContributionsByPlanParticipantsDefinedBenefitObligationAtPresentValue" xlink:label="ContributionsByPlanParticipantsDefinedBenefitObligationAtPresentValue"/>
    <presentationArc xlink:type="arc" xlink:arcrole="http://www.xbrl.org/2003/arcrole/parent-child" xlink:from="ChangesInDefinedBenefitObligationAtPresentValueAbstract" xlink:to="ContributionsByPlanParticipantsDefinedBenefitObligationAtPresentValue" priority="0" order="5.0"/>
    <loc xlink:type="locator" xlink:href="../in-gaap-2012-03-31.xsd#in-gaap_DecreaseThroughBenefitsPaidDefinedBenefitObligationAtPresentValue" xlink:label="DecreaseThroughBenefitsPaidDefinedBenefitObligationAtPresentValue"/>
    <presentationArc xlink:type="arc" xlink:arcrole="http://www.xbrl.org/2003/arcrole/parent-child" xlink:from="ChangesInDefinedBenefitObligationAtPresentValueAbstract" xlink:to="DecreaseThroughBenefitsPaidDefinedBenefitObligationAtPresentValue" priority="0" order="6.0" preferredLabel="http://www.xbrl.org/2009/role/negatedLabel"/>
    <loc xlink:type="locator" xlink:href="../in-gaap-2012-03-31.xsd#in-gaap_IncreaseDecreaseThroughPastServiceCostDefinedBenefitObligationAtPresentValue" xlink:label="IncreaseDecreaseThroughPastServiceCostDefinedBenefitObligationAtPresentValue"/>
    <presentationArc xlink:type="arc" xlink:arcrole="http://www.xbrl.org/2003/arcrole/parent-child" xlink:from="ChangesInDefinedBenefitObligationAtPresentValueAbstract" xlink:to="IncreaseDecreaseThroughPastServiceCostDefinedBenefitObligationAtPresentValue" priority="0" order="7.0"/>
    <loc xlink:type="locator" xlink:href="../in-gaap-2012-03-31.xsd#in-gaap_DecreaseIncreaseThroughCurtailmentsDefinedBenefitObligationAtPresentValue" xlink:label="DecreaseIncreaseThroughCurtailmentsDefinedBenefitObligationAtPresentValue"/>
    <presentationArc xlink:type="arc" xlink:arcrole="http://www.xbrl.org/2003/arcrole/parent-child" xlink:from="ChangesInDefinedBenefitObligationAtPresentValueAbstract" xlink:to="DecreaseIncreaseThroughCurtailmentsDefinedBenefitObligationAtPresentValue" priority="0" order="8.0" preferredLabel="http://www.xbrl.org/2009/role/negatedLabel"/>
    <loc xlink:type="locator" xlink:href="../in-gaap-2012-03-31.xsd#in-gaap_DecreaseIncreaseThroughSettlementsDefinedBenefitObligationAtPresentValue" xlink:label="DecreaseIncreaseThroughSettlementsDefinedBenefitObligationAtPresentValue"/>
    <presentationArc xlink:type="arc" xlink:arcrole="http://www.xbrl.org/2003/arcrole/parent-child" xlink:from="ChangesInDefinedBenefitObligationAtPresentValueAbstract" xlink:to="DecreaseIncreaseThroughSettlementsDefinedBenefitObligationAtPresentValue" priority="0" order="9.0" preferredLabel="http://www.xbrl.org/2009/role/negatedLabel"/>
    <loc xlink:type="locator" xlink:href="../in-gaap-2012-03-31.xsd#in-gaap_IncreaseDecreaseThroughNetExchangeDifferencesDefinedBenefitObligationAtPresentValue" xlink:label="IncreaseDecreaseThroughNetExchangeDifferencesDefinedBenefitObligationAtPresentValue"/>
    <presentationArc xlink:type="arc" xlink:arcrole="http://www.xbrl.org/2003/arcrole/parent-child" xlink:from="ChangesInDefinedBenefitObligationAtPresentValueAbstract" xlink:to="IncreaseDecreaseThroughNetExchangeDifferencesDefinedBenefitObligationAtPresentValue" priority="0" order="10.0"/>
    <loc xlink:type="locator" xlink:href="../in-gaap-2012-03-31.xsd#in-gaap_ChangesInDefinedBenefitObligationAtPresentValue" xlink:label="ChangesInDefinedBenefitObligationAtPresentValue"/>
    <presentationArc xlink:type="arc" xlink:arcrole="http://www.xbrl.org/2003/arcrole/parent-child" xlink:from="ChangesInDefinedBenefitObligationAtPresentValueAbstract" xlink:to="ChangesInDefinedBenefitObligationAtPresentValue" priority="0" order="11.0" preferredLabel="http://www.xbrl.org/2003/role/totalLabel"/>
    <loc xlink:type="locator" xlink:href="../in-gaap-2012-03-31.xsd#in-gaap_DefinedBenefitObligationAtPresentValue" xlink:label="DefinedBenefitObligationAtPresentValue"/>
    <presentationArc xlink:type="arc" xlink:arcrole="http://www.xbrl.org/2003/arcrole/parent-child" xlink:from="ReconciliationOfChangesInPresentValueOfDefinedBenefitObligationAbstract" xlink:to="DefinedBenefitObligationAtPresentValue" priority="0" order="1.0" preferredLabel="http://www.xbrl.org/2003/role/periodStartLabel"/>
    <loc xlink:type="locator" xlink:href="../in-gaap-2012-03-31.xsd#in-gaap_DefinedBenefitObligationAtPresentValue" xlink:label="DefinedBenefitObligationAtPresentValue_2"/>
    <presentationArc xlink:type="arc" xlink:arcrole="http://www.xbrl.org/2003/arcrole/parent-child" xlink:from="ReconciliationOfChangesInPresentValueOfDefinedBenefitObligationAbstract" xlink:to="DefinedBenefitObligationAtPresentValue_2" priority="0" order="3.0" preferredLabel="http://www.xbrl.org/2003/role/periodEndLabel"/>
    <loc xlink:type="locator" xlink:href="../in-gaap-2012-03-31.xsd#in-gaap_DefinedBenefitObligationArisingFromWhollyUnfundedPlans" xlink:label="DefinedBenefitObligationArisingFromWhollyUnfundedPlans"/>
    <presentationArc xlink:type="arc" xlink:arcrole="http://www.xbrl.org/2003/arcrole/parent-child" xlink:from="ReconciliationOfChangesInPresentValueOfDefinedBenefitObligationAbstract" xlink:to="DefinedBenefitObligationArisingFromWhollyUnfundedPlans" priority="0" order="4.0"/>
    <loc xlink:type="locator" xlink:href="../in-gaap-2012-03-31.xsd#in-gaap_DefinedBenefitObligationArisingFromWhollyOrPartlyFundedPlans" xlink:label="DefinedBenefitObligationArisingFromWhollyOrPartlyFundedPlans"/>
    <presentationArc xlink:type="arc" xlink:arcrole="http://www.xbrl.org/2003/arcrole/parent-child" xlink:from="ReconciliationOfChangesInPresentValueOfDefinedBenefitObligationAbstract" xlink:to="DefinedBenefitObligationArisingFromWhollyOrPartlyFundedPlans" priority="0" order="5.0"/>
    <loc xlink:type="locator" xlink:href="../in-gaap-2012-03-31.xsd#in-gaap_ReconciliationOfChangesInFairValueOfPlanAssetsAbstract" xlink:label="ReconciliationOfChangesInFairValueOfPlanAssetsAbstract"/>
    <presentationArc xlink:type="arc" xlink:arcrole="http://www.xbrl.org/2003/arcrole/parent-child" xlink:from="ReconciliationOfChangesInPresentValueOfDefinedBenefitObligationAbstract" xlink:to="ReconciliationOfChangesInFairValueOfPlanAssetsAbstract" priority="0" order="6.0"/>
    <loc xlink:type="locator" xlink:href="../in-gaap-2012-03-31.xsd#in-gaap_ChangesInPlanAssetsAtFairValueAbstract" xlink:label="ChangesInPlanAssetsAtFairValueAbstract"/>
    <presentationArc xlink:type="arc" xlink:arcrole="http://www.xbrl.org/2003/arcrole/parent-child" xlink:from="ReconciliationOfChangesInFairValueOfPlanAssetsAbstract" xlink:to="ChangesInPlanAssetsAtFairValueAbstract" priority="0" order="2.0"/>
    <loc xlink:type="locator" xlink:href="../in-gaap-2012-03-31.xsd#in-gaap_IncreaseDecreaseThroughActuarialGainsLossesPlanAssetsAtFairValue" xlink:label="IncreaseDecreaseThroughActuarialGainsLossesPlanAssetsAtFairValue"/>
    <presentationArc xlink:type="arc" xlink:arcrole="http://www.xbrl.org/2003/arcrole/parent-child" xlink:from="ChangesInPlanAssetsAtFairValueAbstract" xlink:to="IncreaseDecreaseThroughActuarialGainsLossesPlanAssetsAtFairValue" priority="0" order="1.0"/>
    <loc xlink:type="locator" xlink:href="../in-gaap-2012-03-31.xsd#in-gaap_AmalgamationsPlanAssetsAtFairValue" xlink:label="AmalgamationsPlanAssetsAtFairValue"/>
    <presentationArc xlink:type="arc" xlink:arcrole="http://www.xbrl.org/2003/arcrole/parent-child" xlink:from="ChangesInPlanAssetsAtFairValueAbstract" xlink:to="AmalgamationsPlanAssetsAtFairValue" priority="0" order="2.0"/>
    <loc xlink:type="locator" xlink:href="../in-gaap-2012-03-31.xsd#in-gaap_IncreaseDecreaseThroughExpectedReturnPlanAssetsAtFairValue" xlink:label="IncreaseDecreaseThroughExpectedReturnPlanAssetsAtFairValue"/>
    <presentationArc xlink:type="arc" xlink:arcrole="http://www.xbrl.org/2003/arcrole/parent-child" xlink:from="ChangesInPlanAssetsAtFairValueAbstract" xlink:to="IncreaseDecreaseThroughExpectedReturnPlanAssetsAtFairValue" priority="0" order="3.0"/>
    <loc xlink:type="locator" xlink:href="../in-gaap-2012-03-31.xsd#in-gaap_DecreaseThroughBenefitsPaidPlanAssetsAtFairValue" xlink:label="DecreaseThroughBenefitsPaidPlanAssetsAtFairValue"/>
    <presentationArc xlink:type="arc" xlink:arcrole="http://www.xbrl.org/2003/arcrole/parent-child" xlink:from="ChangesInPlanAssetsAtFairValueAbstract" xlink:to="DecreaseThroughBenefitsPaidPlanAssetsAtFairValue" priority="0" order="4.0" preferredLabel="http://www.xbrl.org/2009/role/negatedLabel"/>
    <loc xlink:type="locator" xlink:href="../in-gaap-2012-03-31.xsd#in-gaap_IncreaseDecreaseThroughContributionsByPlanParticipantsPlanAssetsAtFairValue" xlink:label="IncreaseDecreaseThroughContributionsByPlanParticipantsPlanAssetsAtFairValue"/>
    <presentationArc xlink:type="arc" xlink:arcrole="http://www.xbrl.org/2003/arcrole/parent-child" xlink:from="ChangesInPlanAssetsAtFairValueAbstract" xlink:to="IncreaseDecreaseThroughContributionsByPlanParticipantsPlanAssetsAtFairValue" priority="0" order="5.0"/>
    <loc xlink:type="locator" xlink:href="../in-gaap-2012-03-31.xsd#in-gaap_IncreaseDecreaseThroughContributionsByEmployerPlanAssetsAtFairValue" xlink:label="IncreaseDecreaseThroughContributionsByEmployerPlanAssetsAtFairValue"/>
    <presentationArc xlink:type="arc" xlink:arcrole="http://www.xbrl.org/2003/arcrole/parent-child" xlink:from="ChangesInPlanAssetsAtFairValueAbstract" xlink:to="IncreaseDecreaseThroughContributionsByEmployerPlanAssetsAtFairValue" priority="0" order="6.0"/>
    <loc xlink:type="locator" xlink:href="../in-gaap-2012-03-31.xsd#in-gaap_IncreaseDecreaseThroughNetExchangeDifferencesPlanAssetsAtFairValue" xlink:label="IncreaseDecreaseThroughNetExchangeDifferencesPlanAssetsAtFairValue"/>
    <presentationArc xlink:type="arc" xlink:arcrole="http://www.xbrl.org/2003/arcrole/parent-child" xlink:from="ChangesInPlanAssetsAtFairValueAbstract" xlink:to="IncreaseDecreaseThroughNetExchangeDifferencesPlanAssetsAtFairValue" priority="0" order="7.0"/>
    <loc xlink:type="locator" xlink:href="../in-gaap-2012-03-31.xsd#in-gaap_DecreaseIncreaseThroughSettlementsPlanAssetsAtFairValue" xlink:label="DecreaseIncreaseThroughSettlementsPlanAssetsAtFairValue"/>
    <presentationArc xlink:type="arc" xlink:arcrole="http://www.xbrl.org/2003/arcrole/parent-child" xlink:from="ChangesInPlanAssetsAtFairValueAbstract" xlink:to="DecreaseIncreaseThroughSettlementsPlanAssetsAtFairValue" priority="0" order="8.0" preferredLabel="http://www.xbrl.org/2009/role/negatedLabel"/>
    <loc xlink:type="locator" xlink:href="../in-gaap-2012-03-31.xsd#in-gaap_ChangesInPlanAssetsAtFairValue" xlink:label="ChangesInPlanAssetsAtFairValue"/>
    <presentationArc xlink:type="arc" xlink:arcrole="http://www.xbrl.org/2003/arcrole/parent-child" xlink:from="ChangesInPlanAssetsAtFairValueAbstract" xlink:to="ChangesInPlanAssetsAtFairValue" priority="0" order="9.0" preferredLabel="http://www.xbrl.org/2003/role/totalLabel"/>
    <loc xlink:type="locator" xlink:href="../in-gaap-2012-03-31.xsd#in-gaap_PlanAssetsAtFairValue" xlink:label="PlanAssetsAtFairValue"/>
    <presentationArc xlink:type="arc" xlink:arcrole="http://www.xbrl.org/2003/arcrole/parent-child" xlink:from="ReconciliationOfChangesInFairValueOfPlanAssetsAbstract" xlink:to="PlanAssetsAtFairValue" priority="0" order="1.0" preferredLabel="http://www.xbrl.org/2003/role/periodStartLabel"/>
    <loc xlink:type="locator" xlink:href="../in-gaap-2012-03-31.xsd#in-gaap_PlanAssetsAtFairValue" xlink:label="PlanAssetsAtFairValue_2"/>
    <presentationArc xlink:type="arc" xlink:arcrole="http://www.xbrl.org/2003/arcrole/parent-child" xlink:from="ReconciliationOfChangesInFairValueOfPlanAssetsAbstract" xlink:to="PlanAssetsAtFairValue_2" priority="0" order="3.0" preferredLabel="http://www.xbrl.org/2003/role/periodEndLabel"/>
    <loc xlink:type="locator" xlink:href="../in-gaap-2012-03-31.xsd#in-gaap_ChangesInReimbursementRightsAtFairValueAbstract" xlink:label="ChangesInReimbursementRightsAtFairValueAbstract"/>
    <presentationArc xlink:type="arc" xlink:arcrole="http://www.xbrl.org/2003/arcrole/parent-child" xlink:from="ReconciliationOfChangesInFairValueOfPlanAssetsAbstract" xlink:to="ChangesInReimbursementRightsAtFairValueAbstract" priority="0" order="5.0"/>
    <loc xlink:type="locator" xlink:href="../in-gaap-2012-03-31.xsd#in-gaap_IncreaseDecreaseThroughActuarialGainsLossesReimbursementRightsAtFairValue" xlink:label="IncreaseDecreaseThroughActuarialGainsLossesReimbursementRightsAtFairValue"/>
    <presentationArc xlink:type="arc" xlink:arcrole="http://www.xbrl.org/2003/arcrole/parent-child" xlink:from="ChangesInReimbursementRightsAtFairValueAbstract" xlink:to="IncreaseDecreaseThroughActuarialGainsLossesReimbursementRightsAtFairValue" priority="0" order="1.0"/>
    <loc xlink:type="locator" xlink:href="../in-gaap-2012-03-31.xsd#in-gaap_AmalgamationsReimbursementRightsAtFairValue" xlink:label="AmalgamationsReimbursementRightsAtFairValue"/>
    <presentationArc xlink:type="arc" xlink:arcrole="http://www.xbrl.org/2003/arcrole/parent-child" xlink:from="ChangesInReimbursementRightsAtFairValueAbstract" xlink:to="AmalgamationsReimbursementRightsAtFairValue" priority="0" order="2.0"/>
    <loc xlink:type="locator" xlink:href="../in-gaap-2012-03-31.xsd#in-gaap_IncreaseDecreaseThroughExpectedReturnReimbursementRightsAtFairValue" xlink:label="IncreaseDecreaseThroughExpectedReturnReimbursementRightsAtFairValue"/>
    <presentationArc xlink:type="arc" xlink:arcrole="http://www.xbrl.org/2003/arcrole/parent-child" xlink:from="ChangesInReimbursementRightsAtFairValueAbstract" xlink:to="IncreaseDecreaseThroughExpectedReturnReimbursementRightsAtFairValue" priority="0" order="3.0"/>
    <loc xlink:type="locator" xlink:href="../in-gaap-2012-03-31.xsd#in-gaap_DecreaseThroughBenefitsPaidReimbursementRightsAtFairValue" xlink:label="DecreaseThroughBenefitsPaidReimbursementRightsAtFairValue"/>
    <presentationArc xlink:type="arc" xlink:arcrole="http://www.xbrl.org/2003/arcrole/parent-child" xlink:from="ChangesInReimbursementRightsAtFairValueAbstract" xlink:to="DecreaseThroughBenefitsPaidReimbursementRightsAtFairValue" priority="0" order="4.0" preferredLabel="http://www.xbrl.org/2009/role/negatedLabel"/>
    <loc xlink:type="locator" xlink:href="../in-gaap-2012-03-31.xsd#in-gaap_IncreaseDecreaseThroughContributionsByPlanParticipantsReimbursementRightsAtFairValue" xlink:label="IncreaseDecreaseThroughContributionsByPlanParticipantsReimbursementRightsAtFairValue"/>
    <presentationArc xlink:type="arc" xlink:arcrole="http://www.xbrl.org/2003/arcrole/parent-child" xlink:from="ChangesInReimbursementRightsAtFairValueAbstract" xlink:to="IncreaseDecreaseThroughContributionsByPlanParticipantsReimbursementRightsAtFairValue" priority="0" order="5.0"/>
    <loc xlink:type="locator" xlink:href="../in-gaap-2012-03-31.xsd#in-gaap_IncreaseDecreaseThroughContributionsByEmployerReimbursementRightsAtFairValue" xlink:label="IncreaseDecreaseThroughContributionsByEmployerReimbursementRightsAtFairValue"/>
    <presentationArc xlink:type="arc" xlink:arcrole="http://www.xbrl.org/2003/arcrole/parent-child" xlink:from="ChangesInReimbursementRightsAtFairValueAbstract" xlink:to="IncreaseDecreaseThroughContributionsByEmployerReimbursementRightsAtFairValue" priority="0" order="6.0"/>
    <loc xlink:type="locator" xlink:href="../in-gaap-2012-03-31.xsd#in-gaap_IncreaseDecreaseThroughNetExchangeDifferencesReimbursementRightsAtFairValue" xlink:label="IncreaseDecreaseThroughNetExchangeDifferencesReimbursementRightsAtFairValue"/>
    <presentationArc xlink:type="arc" xlink:arcrole="http://www.xbrl.org/2003/arcrole/parent-child" xlink:from="ChangesInReimbursementRightsAtFairValueAbstract" xlink:to="IncreaseDecreaseThroughNetExchangeDifferencesReimbursementRightsAtFairValue" priority="0" order="7.0"/>
    <loc xlink:type="locator" xlink:href="../in-gaap-2012-03-31.xsd#in-gaap_DecreaseIncreaseThroughSettlementsReimbursementRightsAtFairValue" xlink:label="DecreaseIncreaseThroughSettlementsReimbursementRightsAtFairValue"/>
    <presentationArc xlink:type="arc" xlink:arcrole="http://www.xbrl.org/2003/arcrole/parent-child" xlink:from="ChangesInReimbursementRightsAtFairValueAbstract" xlink:to="DecreaseIncreaseThroughSettlementsReimbursementRightsAtFairValue" priority="0" order="8.0" preferredLabel="http://www.xbrl.org/2009/role/negatedLabel"/>
    <loc xlink:type="locator" xlink:href="../in-gaap-2012-03-31.xsd#in-gaap_ChangesInReimbursementRightsAtFairValue" xlink:label="ChangesInReimbursementRightsAtFairValue"/>
    <presentationArc xlink:type="arc" xlink:arcrole="http://www.xbrl.org/2003/arcrole/parent-child" xlink:from="ChangesInReimbursementRightsAtFairValueAbstract" xlink:to="ChangesInReimbursementRightsAtFairValue" priority="0" order="9.0" preferredLabel="http://www.xbrl.org/2003/role/totalLabel"/>
    <loc xlink:type="locator" xlink:href="../in-gaap-2012-03-31.xsd#in-gaap_ReimbursementRightsAtFairValue" xlink:label="ReimbursementRightsAtFairValue"/>
    <presentationArc xlink:type="arc" xlink:arcrole="http://www.xbrl.org/2003/arcrole/parent-child" xlink:from="ReconciliationOfChangesInFairValueOfPlanAssetsAbstract" xlink:to="ReimbursementRightsAtFairValue" priority="0" order="4.0" preferredLabel="http://www.xbrl.org/2003/role/periodStartLabel"/>
    <loc xlink:type="locator" xlink:href="../in-gaap-2012-03-31.xsd#in-gaap_ReimbursementRightsAtFairValue" xlink:label="ReimbursementRightsAtFairValue_2"/>
    <presentationArc xlink:type="arc" xlink:arcrole="http://www.xbrl.org/2003/arcrole/parent-child" xlink:from="ReconciliationOfChangesInFairValueOfPlanAssetsAbstract" xlink:to="ReimbursementRightsAtFairValue_2" priority="0" order="6.0" preferredLabel="http://www.xbrl.org/2003/role/periodEndLabel"/>
    <loc xlink:type="locator" xlink:href="../in-gaap-2012-03-31.xsd#in-gaap_RecognisedAssetsAndLiabilitiesOfDefinedBenefitPlansAbstract" xlink:label="RecognisedAssetsAndLiabilitiesOfDefinedBenefitPlansAbstract"/>
    <presentationArc xlink:type="arc" xlink:arcrole="http://www.xbrl.org/2003/arcrole/parent-child" xlink:from="ReconciliationOfChangesInFairValueOfPlanAssetsAbstract" xlink:to="RecognisedAssetsAndLiabilitiesOfDefinedBenefitPlansAbstract" priority="0" order="7.0"/>
    <loc xlink:type="locator" xlink:href="../in-gaap-2012-03-31.xsd#in-gaap_RecognisedLiabilitiesDefinedBenefitPlan" xlink:label="RecognisedLiabilitiesDefinedBenefitPlan"/>
    <presentationArc xlink:type="arc" xlink:arcrole="http://www.xbrl.org/2003/arcrole/parent-child" xlink:from="RecognisedAssetsAndLiabilitiesOfDefinedBenefitPlansAbstract" xlink:to="RecognisedLiabilitiesDefinedBenefitPlan" priority="0" order="1.0"/>
    <loc xlink:type="locator" xlink:href="../in-gaap-2012-03-31.xsd#in-gaap_RecognisedAssetsDefinedBenefitPlan" xlink:label="RecognisedAssetsDefinedBenefitPlan"/>
    <presentationArc xlink:type="arc" xlink:arcrole="http://www.xbrl.org/2003/arcrole/parent-child" xlink:from="RecognisedAssetsAndLiabilitiesOfDefinedBenefitPlansAbstract" xlink:to="RecognisedAssetsDefinedBenefitPlan" priority="0" order="2.0" preferredLabel="http://www.xbrl.org/2009/role/negatedLabel"/>
    <loc xlink:type="locator" xlink:href="../in-gaap-2012-03-31.xsd#in-gaap_LiabilityAssetOfDefinedBenefitPlans" xlink:label="LiabilityAssetOfDefinedBenefitPlans"/>
    <presentationArc xlink:type="arc" xlink:arcrole="http://www.xbrl.org/2003/arcrole/parent-child" xlink:from="RecognisedAssetsAndLiabilitiesOfDefinedBenefitPlansAbstract" xlink:to="LiabilityAssetOfDefinedBenefitPlans" priority="0" order="3.0" preferredLabel="http://www.xbrl.org/2009/role/netLabel"/>
    <loc xlink:type="locator" xlink:href="../in-gaap-2012-03-31.xsd#in-gaap_ReconciliationOfLiabilityAssetOfDefinedBenefitPlansAbstract" xlink:label="ReconciliationOfLiabilityAssetOfDefinedBenefitPlansAbstract"/>
    <presentationArc xlink:type="arc" xlink:arcrole="http://www.xbrl.org/2003/arcrole/parent-child" xlink:from="ReconciliationOfChangesInFairValueOfPlanAssetsAbstract" xlink:to="ReconciliationOfLiabilityAssetOfDefinedBenefitPlansAbstract" priority="0" order="8.0"/>
    <loc xlink:type="locator" xlink:href="../in-gaap-2012-03-31.xsd#in-gaap_DefinedBenefitObligationAtPresentValue" xlink:label="DefinedBenefitObligationAtPresentValue_3"/>
    <presentationArc xlink:type="arc" xlink:arcrole="http://www.xbrl.org/2003/arcrole/parent-child" xlink:from="ReconciliationOfLiabilityAssetOfDefinedBenefitPlansAbstract" xlink:to="DefinedBenefitObligationAtPresentValue_3" priority="0" order="1.0"/>
    <loc xlink:type="locator" xlink:href="../in-gaap-2012-03-31.xsd#in-gaap_PlanAssetsAtFairValue" xlink:label="PlanAssetsAtFairValue_3"/>
    <presentationArc xlink:type="arc" xlink:arcrole="http://www.xbrl.org/2003/arcrole/parent-child" xlink:from="ReconciliationOfLiabilityAssetOfDefinedBenefitPlansAbstract" xlink:to="PlanAssetsAtFairValue_3" priority="0" order="2.0" preferredLabel="http://www.xbrl.org/2009/role/negatedLabel"/>
    <loc xlink:type="locator" xlink:href="../in-gaap-2012-03-31.xsd#in-gaap_ReimbursementRightsAtFairValue" xlink:label="ReimbursementRightsAtFairValue_3"/>
    <presentationArc xlink:type="arc" xlink:arcrole="http://www.xbrl.org/2003/arcrole/parent-child" xlink:from="ReconciliationOfLiabilityAssetOfDefinedBenefitPlansAbstract" xlink:to="ReimbursementRightsAtFairValue_3" priority="0" order="3.0" preferredLabel="http://www.xbrl.org/2009/role/negatedLabel"/>
    <loc xlink:type="locator" xlink:href="../in-gaap-2012-03-31.xsd#in-gaap_UnrecognisedPastServiceCostNegativePastServiceCost" xlink:label="UnrecognisedPastServiceCostNegativePastServiceCost"/>
    <presentationArc xlink:type="arc" xlink:arcrole="http://www.xbrl.org/2003/arcrole/parent-child" xlink:from="ReconciliationOfLiabilityAssetOfDefinedBenefitPlansAbstract" xlink:to="UnrecognisedPastServiceCostNegativePastServiceCost" priority="0" order="4.0" preferredLabel="http://www.xbrl.org/2009/role/negatedLabel"/>
    <loc xlink:type="locator" xlink:href="../in-gaap-2012-03-31.xsd#in-gaap_UnrecognisedAssetsOfDefinedBenefitPlans" xlink:label="UnrecognisedAssetsOfDefinedBenefitPlans"/>
    <presentationArc xlink:type="arc" xlink:arcrole="http://www.xbrl.org/2003/arcrole/parent-child" xlink:from="ReconciliationOfLiabilityAssetOfDefinedBenefitPlansAbstract" xlink:to="UnrecognisedAssetsOfDefinedBenefitPlans" priority="0" order="5.0" preferredLabel="http://www.xbrl.org/2009/role/negatedLabel"/>
    <loc xlink:type="locator" xlink:href="../in-gaap-2012-03-31.xsd#in-gaap_OtherAmountsRecognisedForDefinedBenefitPlans" xlink:label="OtherAmountsRecognisedForDefinedBenefitPlans"/>
    <presentationArc xlink:type="arc" xlink:arcrole="http://www.xbrl.org/2003/arcrole/parent-child" xlink:from="ReconciliationOfLiabilityAssetOfDefinedBenefitPlansAbstract" xlink:to="OtherAmountsRecognisedForDefinedBenefitPlans" priority="0" order="6.0"/>
    <loc xlink:type="locator" xlink:href="../in-gaap-2012-03-31.xsd#in-gaap_LiabilityAssetOfDefinedBenefitPlans" xlink:label="LiabilityAssetOfDefinedBenefitPlans_2"/>
    <presentationArc xlink:type="arc" xlink:arcrole="http://www.xbrl.org/2003/arcrole/parent-child" xlink:from="ReconciliationOfLiabilityAssetOfDefinedBenefitPlansAbstract" xlink:to="LiabilityAssetOfDefinedBenefitPlans_2" priority="0" order="7.0" preferredLabel="http://www.xbrl.org/2009/role/netLabel"/>
    <loc xlink:type="locator" xlink:href="../in-gaap-2012-03-31.xsd#in-gaap_RecognisedExpenseOfDefinedBenefitPlansAbstract" xlink:label="RecognisedExpenseOfDefinedBenefitPlansAbstract"/>
    <presentationArc xlink:type="arc" xlink:arcrole="http://www.xbrl.org/2003/arcrole/parent-child" xlink:from="ReconciliationOfChangesInFairValueOfPlanAssetsAbstract" xlink:to="RecognisedExpenseOfDefinedBenefitPlansAbstract" priority="0" order="9.0"/>
    <loc xlink:type="locator" xlink:href="../in-gaap-2012-03-31.xsd#in-gaap_CurrentServiceCostDefinedBenefitPlan" xlink:label="CurrentServiceCostDefinedBenefitPlan"/>
    <presentationArc xlink:type="arc" xlink:arcrole="http://www.xbrl.org/2003/arcrole/parent-child" xlink:from="RecognisedExpenseOfDefinedBenefitPlansAbstract" xlink:to="CurrentServiceCostDefinedBenefitPlan" priority="0" order="1.0"/>
    <loc xlink:type="locator" xlink:href="../in-gaap-2012-03-31.xsd#in-gaap_InterestCostDefinedBenefitPlan" xlink:label="InterestCostDefinedBenefitPlan"/>
    <presentationArc xlink:type="arc" xlink:arcrole="http://www.xbrl.org/2003/arcrole/parent-child" xlink:from="RecognisedExpenseOfDefinedBenefitPlansAbstract" xlink:to="InterestCostDefinedBenefitPlan" priority="0" order="2.0"/>
    <loc xlink:type="locator" xlink:href="../in-gaap-2012-03-31.xsd#in-gaap_ExpectedReturnOnPlanAssetsDefinedBenefitPlan" xlink:label="ExpectedReturnOnPlanAssetsDefinedBenefitPlan"/>
    <presentationArc xlink:type="arc" xlink:arcrole="http://www.xbrl.org/2003/arcrole/parent-child" xlink:from="RecognisedExpenseOfDefinedBenefitPlansAbstract" xlink:to="ExpectedReturnOnPlanAssetsDefinedBenefitPlan" priority="0" order="3.0" preferredLabel="http://www.xbrl.org/2009/role/negatedLabel"/>
    <loc xlink:type="locator" xlink:href="../in-gaap-2012-03-31.xsd#in-gaap_ExpectedReturnOnRecognisedAssetsForReimbursementRightDefinedBenefitPlan" xlink:label="ExpectedReturnOnRecognisedAssetsForReimbursementRightDefinedBenefitPlan"/>
    <presentationArc xlink:type="arc" xlink:arcrole="http://www.xbrl.org/2003/arcrole/parent-child" xlink:from="RecognisedExpenseOfDefinedBenefitPlansAbstract" xlink:to="ExpectedReturnOnRecognisedAssetsForReimbursementRightDefinedBenefitPlan" priority="0" order="4.0" preferredLabel="http://www.xbrl.org/2009/role/negatedLabel"/>
    <loc xlink:type="locator" xlink:href="../in-gaap-2012-03-31.xsd#in-gaap_ActuarialGainsLossesRecognisedInProfitOrLossDefinedBenefitPlan" xlink:label="ActuarialGainsLossesRecognisedInProfitOrLossDefinedBenefitPlan"/>
    <presentationArc xlink:type="arc" xlink:arcrole="http://www.xbrl.org/2003/arcrole/parent-child" xlink:from="RecognisedExpenseOfDefinedBenefitPlansAbstract" xlink:to="ActuarialGainsLossesRecognisedInProfitOrLossDefinedBenefitPlan" priority="0" order="5.0" preferredLabel="http://www.xbrl.org/2009/role/negatedLabel"/>
    <loc xlink:type="locator" xlink:href="../in-gaap-2012-03-31.xsd#in-gaap_PastServiceCostRecognisedInProfitOrLossDefinedBenefitPlan" xlink:label="PastServiceCostRecognisedInProfitOrLossDefinedBenefitPlan"/>
    <presentationArc xlink:type="arc" xlink:arcrole="http://www.xbrl.org/2003/arcrole/parent-child" xlink:from="RecognisedExpenseOfDefinedBenefitPlansAbstract" xlink:to="PastServiceCostRecognisedInProfitOrLossDefinedBenefitPlan" priority="0" order="6.0"/>
    <loc xlink:type="locator" xlink:href="../in-gaap-2012-03-31.xsd#in-gaap_EffectOfCurtailmentAndSettlementRecognisedInProfitOrLossDefinedBenefitPlan" xlink:label="EffectOfCurtailmentAndSettlementRecognisedInProfitOrLossDefinedBenefitPlan"/>
    <presentationArc xlink:type="arc" xlink:arcrole="http://www.xbrl.org/2003/arcrole/parent-child" xlink:from="RecognisedExpenseOfDefinedBenefitPlansAbstract" xlink:to="EffectOfCurtailmentAndSettlementRecognisedInProfitOrLossDefinedBenefitPlan" priority="0" order="7.0" preferredLabel="http://www.xbrl.org/2009/role/negatedLabel"/>
    <loc xlink:type="locator" xlink:href="../in-gaap-2012-03-31.xsd#in-gaap_EffectsOfLimitInAS15Paragraph59B" xlink:label="EffectsOfLimitInAS15Paragraph59B"/>
    <presentationArc xlink:type="arc" xlink:arcrole="http://www.xbrl.org/2003/arcrole/parent-child" xlink:from="RecognisedExpenseOfDefinedBenefitPlansAbstract" xlink:to="EffectsOfLimitInAS15Paragraph59B" priority="0" order="8.0" preferredLabel="http://www.xbrl.org/2009/role/negatedLabel"/>
    <loc xlink:type="locator" xlink:href="../in-gaap-2012-03-31.xsd#in-gaap_PostemploymentBenefitExpenseDefinedBenefitPlans" xlink:label="PostemploymentBenefitExpenseDefinedBenefitPlans"/>
    <presentationArc xlink:type="arc" xlink:arcrole="http://www.xbrl.org/2003/arcrole/parent-child" xlink:from="RecognisedExpenseOfDefinedBenefitPlansAbstract" xlink:to="PostemploymentBenefitExpenseDefinedBenefitPlans" priority="0" order="9.0" preferredLabel="http://www.xbrl.org/2003/role/totalLabel"/>
    <loc xlink:type="locator" xlink:href="../in-gaap-2012-03-31.xsd#in-gaap_DescriptionOfLineItemsInStatementOfProfitAndLossInWhichExpenseOfDefinedBenefitPlansIsRecognised" xlink:label="DescriptionOfLineItemsInStatementOfProfitAndLossInWhichExpenseOfDefinedBenefitPlansIsRecognised"/>
    <presentationArc xlink:type="arc" xlink:arcrole="http://www.xbrl.org/2003/arcrole/parent-child" xlink:from="RecognisedExpenseOfDefinedBenefitPlansAbstract" xlink:to="DescriptionOfLineItemsInStatementOfProfitAndLossInWhichExpenseOfDefinedBenefitPlansIsRecognised" priority="0" order="10.0"/>
    <loc xlink:type="locator" xlink:href="../in-gaap-2012-03-31.xsd#in-gaap_DescriptionOfPercentageOrAmountWhichEachMajorCategoryContributesToFairValueOfTotalPlanAssetsTextBlock" xlink:label="DescriptionOfPercentageOrAmountWhichEachMajorCategoryContributesToFairValueOfTotalPlanAssetsTextBlock"/>
    <presentationArc xlink:type="arc" xlink:arcrole="http://www.xbrl.org/2003/arcrole/parent-child" xlink:from="ReconciliationOfChangesInFairValueOfPlanAssetsAbstract" xlink:to="DescriptionOfPercentageOrAmountWhichEachMajorCategoryContributesToFairValueOfTotalPlanAssetsTextBlock" priority="0" order="10.0"/>
    <loc xlink:type="locator" xlink:href="../in-gaap-2012-03-31.xsd#in-gaap_EquityInstrumentsAmountContributedToFairValueOfPlanAssets" xlink:label="EquityInstrumentsAmountContributedToFairValueOfPlanAssets"/>
    <presentationArc xlink:type="arc" xlink:arcrole="http://www.xbrl.org/2003/arcrole/parent-child" xlink:from="DescriptionOfPercentageOrAmountWhichEachMajorCategoryContributesToFairValueOfTotalPlanAssetsTextBlock" xlink:to="EquityInstrumentsAmountContributedToFairValueOfPlanAssets" priority="0" order="1.0"/>
    <loc xlink:type="locator" xlink:href="../in-gaap-2012-03-31.xsd#in-gaap_DebtInstrumentsAmountContributedToFairValueOfPlanAssets" xlink:label="DebtInstrumentsAmountContributedToFairValueOfPlanAssets"/>
    <presentationArc xlink:type="arc" xlink:arcrole="http://www.xbrl.org/2003/arcrole/parent-child" xlink:from="DescriptionOfPercentageOrAmountWhichEachMajorCategoryContributesToFairValueOfTotalPlanAssetsTextBlock" xlink:to="DebtInstrumentsAmountContributedToFairValueOfPlanAssets" priority="0" order="2.0"/>
    <loc xlink:type="locator" xlink:href="../in-gaap-2012-03-31.xsd#in-gaap_PropertyAmountContributedToFairValueOfPlanAssets" xlink:label="PropertyAmountContributedToFairValueOfPlanAssets"/>
    <presentationArc xlink:type="arc" xlink:arcrole="http://www.xbrl.org/2003/arcrole/parent-child" xlink:from="DescriptionOfPercentageOrAmountWhichEachMajorCategoryContributesToFairValueOfTotalPlanAssetsTextBlock" xlink:to="PropertyAmountContributedToFairValueOfPlanAssets" priority="0" order="3.0"/>
    <loc xlink:type="locator" xlink:href="../in-gaap-2012-03-31.xsd#in-gaap_OtherAssetsAmountContributedToFairValueOfPlanAssets" xlink:label="OtherAssetsAmountContributedToFairValueOfPlanAssets"/>
    <presentationArc xlink:type="arc" xlink:arcrole="http://www.xbrl.org/2003/arcrole/parent-child" xlink:from="DescriptionOfPercentageOrAmountWhichEachMajorCategoryContributesToFairValueOfTotalPlanAssetsTextBlock" xlink:to="OtherAssetsAmountContributedToFairValueOfPlanAssets" priority="0" order="4.0"/>
    <loc xlink:type="locator" xlink:href="../in-gaap-2012-03-31.xsd#in-gaap_EquityInstrumentsPercentageContributedToFairValueOfPlanAssets" xlink:label="EquityInstrumentsPercentageContributedToFairValueOfPlanAssets"/>
    <presentationArc xlink:type="arc" xlink:arcrole="http://www.xbrl.org/2003/arcrole/parent-child" xlink:from="DescriptionOfPercentageOrAmountWhichEachMajorCategoryContributesToFairValueOfTotalPlanAssetsTextBlock" xlink:to="EquityInstrumentsPercentageContributedToFairValueOfPlanAssets" priority="0" order="5.0"/>
    <loc xlink:type="locator" xlink:href="../in-gaap-2012-03-31.xsd#in-gaap_DebtInstrumentsPercentageContributedToFairValueOfPlanAssets" xlink:label="DebtInstrumentsPercentageContributedToFairValueOfPlanAssets"/>
    <presentationArc xlink:type="arc" xlink:arcrole="http://www.xbrl.org/2003/arcrole/parent-child" xlink:from="DescriptionOfPercentageOrAmountWhichEachMajorCategoryContributesToFairValueOfTotalPlanAssetsTextBlock" xlink:to="DebtInstrumentsPercentageContributedToFairValueOfPlanAssets" priority="0" order="6.0"/>
    <loc xlink:type="locator" xlink:href="../in-gaap-2012-03-31.xsd#in-gaap_PropertyPercentageContributedToFairValueOfPlanAssets" xlink:label="PropertyPercentageContributedToFairValueOfPlanAssets"/>
    <presentationArc xlink:type="arc" xlink:arcrole="http://www.xbrl.org/2003/arcrole/parent-child" xlink:from="DescriptionOfPercentageOrAmountWhichEachMajorCategoryContributesToFairValueOfTotalPlanAssetsTextBlock" xlink:to="PropertyPercentageContributedToFairValueOfPlanAssets" priority="0" order="7.0"/>
    <loc xlink:type="locator" xlink:href="../in-gaap-2012-03-31.xsd#in-gaap_OtherAssetsPercentageContributedToFairValueOfPlanAssets" xlink:label="OtherAssetsPercentageContributedToFairValueOfPlanAssets"/>
    <presentationArc xlink:type="arc" xlink:arcrole="http://www.xbrl.org/2003/arcrole/parent-child" xlink:from="DescriptionOfPercentageOrAmountWhichEachMajorCategoryContributesToFairValueOfTotalPlanAssetsTextBlock" xlink:to="OtherAssetsPercentageContributedToFairValueOfPlanAssets" priority="0" order="8.0"/>
    <loc xlink:type="locator" xlink:href="../in-gaap-2012-03-31.xsd#in-gaap_AmountsOfEnterprisesOwnFinancialInstrumentsIncludedInFairValueOfPlanAssets" xlink:label="AmountsOfEnterprisesOwnFinancialInstrumentsIncludedInFairValueOfPlanAssets"/>
    <presentationArc xlink:type="arc" xlink:arcrole="http://www.xbrl.org/2003/arcrole/parent-child" xlink:from="ReconciliationOfChangesInFairValueOfPlanAssetsAbstract" xlink:to="AmountsOfEnterprisesOwnFinancialInstrumentsIncludedInFairValueOfPlanAssets" priority="0" order="11.0"/>
    <loc xlink:type="locator" xlink:href="../in-gaap-2012-03-31.xsd#in-gaap_AmountsOfPropertyOccupiedByEnterpriseIncludedInFairValueOfPlanAssets" xlink:label="AmountsOfPropertyOccupiedByEnterpriseIncludedInFairValueOfPlanAssets"/>
    <presentationArc xlink:type="arc" xlink:arcrole="http://www.xbrl.org/2003/arcrole/parent-child" xlink:from="ReconciliationOfChangesInFairValueOfPlanAssetsAbstract" xlink:to="AmountsOfPropertyOccupiedByEnterpriseIncludedInFairValueOfPlanAssets" priority="0" order="12.0"/>
    <loc xlink:type="locator" xlink:href="../in-gaap-2012-03-31.xsd#in-gaap_AmountsOfOtherAssetsUsedByEnterpriseIncludedInFairValueOfPlanAssets" xlink:label="AmountsOfOtherAssetsUsedByEnterpriseIncludedInFairValueOfPlanAssets"/>
    <presentationArc xlink:type="arc" xlink:arcrole="http://www.xbrl.org/2003/arcrole/parent-child" xlink:from="ReconciliationOfChangesInFairValueOfPlanAssetsAbstract" xlink:to="AmountsOfOtherAssetsUsedByEnterpriseIncludedInFairValueOfPlanAssets" priority="0" order="13.0"/>
    <loc xlink:type="locator" xlink:href="../in-gaap-2012-03-31.xsd#in-gaap_DescriptionOfBasisUsedToDetermineExpectedRateOfReturnOnAssets" xlink:label="DescriptionOfBasisUsedToDetermineExpectedRateOfReturnOnAssets"/>
    <presentationArc xlink:type="arc" xlink:arcrole="http://www.xbrl.org/2003/arcrole/parent-child" xlink:from="ReconciliationOfChangesInFairValueOfPlanAssetsAbstract" xlink:to="DescriptionOfBasisUsedToDetermineExpectedRateOfReturnOnAssets" priority="0" order="14.0"/>
    <loc xlink:type="locator" xlink:href="../in-gaap-2012-03-31.xsd#in-gaap_ActualReturnOnPlanAssetsAndReimbursementRightRecognisedAsAssetAbstract" xlink:label="ActualReturnOnPlanAssetsAndReimbursementRightRecognisedAsAssetAbstract"/>
    <presentationArc xlink:type="arc" xlink:arcrole="http://www.xbrl.org/2003/arcrole/parent-child" xlink:from="ReconciliationOfChangesInFairValueOfPlanAssetsAbstract" xlink:to="ActualReturnOnPlanAssetsAndReimbursementRightRecognisedAsAssetAbstract" priority="0" order="15.0"/>
    <loc xlink:type="locator" xlink:href="../in-gaap-2012-03-31.xsd#in-gaap_ActualReturnOnPlanAssetsRecognisedAsAsset" xlink:label="ActualReturnOnPlanAssetsRecognisedAsAsset"/>
    <presentationArc xlink:type="arc" xlink:arcrole="http://www.xbrl.org/2003/arcrole/parent-child" xlink:from="ActualReturnOnPlanAssetsAndReimbursementRightRecognisedAsAssetAbstract" xlink:to="ActualReturnOnPlanAssetsRecognisedAsAsset" priority="0" order="1.0"/>
    <loc xlink:type="locator" xlink:href="../in-gaap-2012-03-31.xsd#in-gaap_ActualReturnOnReimbursementRightRecognisedAsAsset" xlink:label="ActualReturnOnReimbursementRightRecognisedAsAsset"/>
    <presentationArc xlink:type="arc" xlink:arcrole="http://www.xbrl.org/2003/arcrole/parent-child" xlink:from="ActualReturnOnPlanAssetsAndReimbursementRightRecognisedAsAssetAbstract" xlink:to="ActualReturnOnReimbursementRightRecognisedAsAsset" priority="0" order="2.0"/>
    <loc xlink:type="locator" xlink:href="../in-gaap-2012-03-31.xsd#in-gaap_ActualReturnOnPlanAssetsAndReimbursementRightRecognisedAsAsset" xlink:label="ActualReturnOnPlanAssetsAndReimbursementRightRecognisedAsAsset"/>
    <presentationArc xlink:type="arc" xlink:arcrole="http://www.xbrl.org/2003/arcrole/parent-child" xlink:from="ActualReturnOnPlanAssetsAndReimbursementRightRecognisedAsAssetAbstract" xlink:to="ActualReturnOnPlanAssetsAndReimbursementRightRecognisedAsAsset" priority="0" order="3.0" preferredLabel="http://www.xbrl.org/2003/role/totalLabel"/>
    <loc xlink:type="locator" xlink:href="../in-gaap-2012-03-31.xsd#in-gaap_ActuarialAssumptionAbstract" xlink:label="ActuarialAssumptionAbstract"/>
    <presentationArc xlink:type="arc" xlink:arcrole="http://www.xbrl.org/2003/arcrole/parent-child" xlink:from="ReconciliationOfChangesInFairValueOfPlanAssetsAbstract" xlink:to="ActuarialAssumptionAbstract" priority="0" order="16.0"/>
    <loc xlink:type="locator" xlink:href="../in-gaap-2012-03-31.xsd#in-gaap_ActuarialAssumptionOfDiscountRates" xlink:label="ActuarialAssumptionOfDiscountRates"/>
    <presentationArc xlink:type="arc" xlink:arcrole="http://www.xbrl.org/2003/arcrole/parent-child" xlink:from="ActuarialAssumptionAbstract" xlink:to="ActuarialAssumptionOfDiscountRates" priority="0" order="1.0"/>
    <loc xlink:type="locator" xlink:href="../in-gaap-2012-03-31.xsd#in-gaap_ActuarialAssumptionOfExpectedRatesOfReturnOnPlanAssets" xlink:label="ActuarialAssumptionOfExpectedRatesOfReturnOnPlanAssets"/>
    <presentationArc xlink:type="arc" xlink:arcrole="http://www.xbrl.org/2003/arcrole/parent-child" xlink:from="ActuarialAssumptionAbstract" xlink:to="ActuarialAssumptionOfExpectedRatesOfReturnOnPlanAssets" priority="0" order="2.0"/>
    <loc xlink:type="locator" xlink:href="../in-gaap-2012-03-31.xsd#in-gaap_ActuarialAssumptionOfExpectedRatesOfReturnOnReimbursementRightRecognisedAsAsset" xlink:label="ActuarialAssumptionOfExpectedRatesOfReturnOnReimbursementRightRecognisedAsAsset"/>
    <presentationArc xlink:type="arc" xlink:arcrole="http://www.xbrl.org/2003/arcrole/parent-child" xlink:from="ActuarialAssumptionAbstract" xlink:to="ActuarialAssumptionOfExpectedRatesOfReturnOnReimbursementRightRecognisedAsAsset" priority="0" order="3.0"/>
    <loc xlink:type="locator" xlink:href="../in-gaap-2012-03-31.xsd#in-gaap_ActuarialAssumptionOfExpectedRatesOfSalaryIncreases" xlink:label="ActuarialAssumptionOfExpectedRatesOfSalaryIncreases"/>
    <presentationArc xlink:type="arc" xlink:arcrole="http://www.xbrl.org/2003/arcrole/parent-child" xlink:from="ActuarialAssumptionAbstract" xlink:to="ActuarialAssumptionOfExpectedRatesOfSalaryIncreases" priority="0" order="4.0"/>
    <loc xlink:type="locator" xlink:href="../in-gaap-2012-03-31.xsd#in-gaap_ActuarialAssumptionOfMedicalCostTrendRates" xlink:label="ActuarialAssumptionOfMedicalCostTrendRates"/>
    <presentationArc xlink:type="arc" xlink:arcrole="http://www.xbrl.org/2003/arcrole/parent-child" xlink:from="ActuarialAssumptionAbstract" xlink:to="ActuarialAssumptionOfMedicalCostTrendRates" priority="0" order="5.0"/>
    <loc xlink:type="locator" xlink:href="../in-gaap-2012-03-31.xsd#in-gaap_OtherMaterialActuarialAssumptions" xlink:label="OtherMaterialActuarialAssumptions"/>
    <presentationArc xlink:type="arc" xlink:arcrole="http://www.xbrl.org/2003/arcrole/parent-child" xlink:from="ActuarialAssumptionAbstract" xlink:to="OtherMaterialActuarialAssumptions" priority="0" order="6.0"/>
    <loc xlink:type="locator" xlink:href="../in-gaap-2012-03-31.xsd#in-gaap_AssertionOnFutureSalaryIncreases" xlink:label="AssertionOnFutureSalaryIncreases"/>
    <presentationArc xlink:type="arc" xlink:arcrole="http://www.xbrl.org/2003/arcrole/parent-child" xlink:from="ActuarialAssumptionAbstract" xlink:to="AssertionOnFutureSalaryIncreases" priority="0" order="7.0"/>
    <loc xlink:type="locator" xlink:href="../in-gaap-2012-03-31.xsd#in-gaap_ExperienceAdjustmentsOnPlanAssetsAndPlanLiabilitiesAbstract" xlink:label="ExperienceAdjustmentsOnPlanAssetsAndPlanLiabilitiesAbstract"/>
    <presentationArc xlink:type="arc" xlink:arcrole="http://www.xbrl.org/2003/arcrole/parent-child" xlink:from="ReconciliationOfChangesInFairValueOfPlanAssetsAbstract" xlink:to="ExperienceAdjustmentsOnPlanAssetsAndPlanLiabilitiesAbstract" priority="0" order="17.0"/>
    <loc xlink:type="locator" xlink:href="../in-gaap-2012-03-31.xsd#in-gaap_DefinedBenefitObligationAtPresentValue" xlink:label="DefinedBenefitObligationAtPresentValue_4"/>
    <presentationArc xlink:type="arc" xlink:arcrole="http://www.xbrl.org/2003/arcrole/parent-child" xlink:from="ExperienceAdjustmentsOnPlanAssetsAndPlanLiabilitiesAbstract" xlink:to="DefinedBenefitObligationAtPresentValue_4" priority="0" order="1.0" preferredLabel="http://www.xbrl.org/2009/role/negatedLabel"/>
    <loc xlink:type="locator" xlink:href="../in-gaap-2012-03-31.xsd#in-gaap_PlanAssetsAtFairValue" xlink:label="PlanAssetsAtFairValue_4"/>
    <presentationArc xlink:type="arc" xlink:arcrole="http://www.xbrl.org/2003/arcrole/parent-child" xlink:from="ExperienceAdjustmentsOnPlanAssetsAndPlanLiabilitiesAbstract" xlink:to="PlanAssetsAtFairValue_4" priority="0" order="2.0"/>
    <loc xlink:type="locator" xlink:href="../in-gaap-2012-03-31.xsd#in-gaap_SurplusDeficitInPlan" xlink:label="SurplusDeficitInPlan"/>
    <presentationArc xlink:type="arc" xlink:arcrole="http://www.xbrl.org/2003/arcrole/parent-child" xlink:from="ExperienceAdjustmentsOnPlanAssetsAndPlanLiabilitiesAbstract" xlink:to="SurplusDeficitInPlan" priority="0" order="3.0" preferredLabel="http://www.xbrl.org/2009/role/netLabel"/>
    <loc xlink:type="locator" xlink:href="../in-gaap-2012-03-31.xsd#in-gaap_ExperienceAdjustmentsOnPlanLiabilities" xlink:label="ExperienceAdjustmentsOnPlanLiabilities"/>
    <presentationArc xlink:type="arc" xlink:arcrole="http://www.xbrl.org/2003/arcrole/parent-child" xlink:from="ExperienceAdjustmentsOnPlanAssetsAndPlanLiabilitiesAbstract" xlink:to="ExperienceAdjustmentsOnPlanLiabilities" priority="0" order="4.0"/>
    <loc xlink:type="locator" xlink:href="../in-gaap-2012-03-31.xsd#in-gaap_ExperienceAdjustmentsOnPlanAssets" xlink:label="ExperienceAdjustmentsOnPlanAssets"/>
    <presentationArc xlink:type="arc" xlink:arcrole="http://www.xbrl.org/2003/arcrole/parent-child" xlink:from="ExperienceAdjustmentsOnPlanAssetsAndPlanLiabilitiesAbstract" xlink:to="ExperienceAdjustmentsOnPlanAssets" priority="0" order="5.0"/>
    <loc xlink:type="locator" xlink:href="../in-gaap-2012-03-31.xsd#in-gaap_PercentageOfExperienceAdjustmentsOnPlanLiabilities" xlink:label="PercentageOfExperienceAdjustmentsOnPlanLiabilities"/>
    <presentationArc xlink:type="arc" xlink:arcrole="http://www.xbrl.org/2003/arcrole/parent-child" xlink:from="ExperienceAdjustmentsOnPlanAssetsAndPlanLiabilitiesAbstract" xlink:to="PercentageOfExperienceAdjustmentsOnPlanLiabilities" priority="0" order="6.0"/>
    <loc xlink:type="locator" xlink:href="../in-gaap-2012-03-31.xsd#in-gaap_PercentageOfExperienceAdjustmentsOnPlanAssets" xlink:label="PercentageOfExperienceAdjustmentsOnPlanAssets"/>
    <presentationArc xlink:type="arc" xlink:arcrole="http://www.xbrl.org/2003/arcrole/parent-child" xlink:from="ExperienceAdjustmentsOnPlanAssetsAndPlanLiabilitiesAbstract" xlink:to="PercentageOfExperienceAdjustmentsOnPlanAssets" priority="0" order="7.0"/>
    <loc xlink:type="locator" xlink:href="../in-gaap-2012-03-31.xsd#in-gaap_EstimateOfContributionsExpectedToBePaidToPlan" xlink:label="EstimateOfContributionsExpectedToBePaidToPlan"/>
    <presentationArc xlink:type="arc" xlink:arcrole="http://www.xbrl.org/2003/arcrole/parent-child" xlink:from="ReconciliationOfChangesInFairValueOfPlanAssetsAbstract" xlink:to="EstimateOfContributionsExpectedToBePaidToPlan" priority="0" order="18.0"/>
    <loc xlink:type="locator" xlink:href="../in-gaap-2012-03-31.xsd#in-gaap_EffectOfIncreaseOrDecreaseOfOnePercentagePointInMedicalCostTrendRatesAbstract" xlink:label="EffectOfIncreaseOrDecreaseOfOnePercentagePointInMedicalCostTrendRatesAbstract"/>
    <presentationArc xlink:type="arc" xlink:arcrole="http://www.xbrl.org/2003/arcrole/parent-child" xlink:from="ReconciliationOfChangesInFairValueOfPlanAssetsAbstract" xlink:to="EffectOfIncreaseOrDecreaseOfOnePercentagePointInMedicalCostTrendRatesAbstract" priority="0" order="19.0"/>
    <loc xlink:type="locator" xlink:href="../in-gaap-2012-03-31.xsd#in-gaap_EffectOfIncreaseOfOnePercentagePointAggregateCurrentServiceCostAndInterestCost" xlink:label="EffectOfIncreaseOfOnePercentagePointAggregateCurrentServiceCostAndInterestCost"/>
    <presentationArc xlink:type="arc" xlink:arcrole="http://www.xbrl.org/2003/arcrole/parent-child" xlink:from="EffectOfIncreaseOrDecreaseOfOnePercentagePointInMedicalCostTrendRatesAbstract" xlink:to="EffectOfIncreaseOfOnePercentagePointAggregateCurrentServiceCostAndInterestCost" priority="0" order="1.0"/>
    <loc xlink:type="locator" xlink:href="../in-gaap-2012-03-31.xsd#in-gaap_EffectOfDecreaseOfOnePercentagePointAggregateCurrentServiceCostAndInterestCost" xlink:label="EffectOfDecreaseOfOnePercentagePointAggregateCurrentServiceCostAndInterestCost"/>
    <presentationArc xlink:type="arc" xlink:arcrole="http://www.xbrl.org/2003/arcrole/parent-child" xlink:from="EffectOfIncreaseOrDecreaseOfOnePercentagePointInMedicalCostTrendRatesAbstract" xlink:to="EffectOfDecreaseOfOnePercentagePointAggregateCurrentServiceCostAndInterestCost" priority="0" order="2.0"/>
    <loc xlink:type="locator" xlink:href="../in-gaap-2012-03-31.xsd#in-gaap_EffectOfIncreaseOfOnePercentagePointAccumulatedPostemploymentBenefitObligationForMedicalCosts" xlink:label="EffectOfIncreaseOfOnePercentagePointAccumulatedPostemploymentBenefitObligationForMedicalCosts"/>
    <presentationArc xlink:type="arc" xlink:arcrole="http://www.xbrl.org/2003/arcrole/parent-child" xlink:from="EffectOfIncreaseOrDecreaseOfOnePercentagePointInMedicalCostTrendRatesAbstract" xlink:to="EffectOfIncreaseOfOnePercentagePointAccumulatedPostemploymentBenefitObligationForMedicalCosts" priority="0" order="3.0"/>
    <loc xlink:type="locator" xlink:href="../in-gaap-2012-03-31.xsd#in-gaap_EffectOfDecreaseOfOnePercentagePointAccumulatedPostemploymentBenefitObligationForMedicalCosts" xlink:label="EffectOfDecreaseOfOnePercentagePointAccumulatedPostemploymentBenefitObligationForMedicalCosts"/>
    <presentationArc xlink:type="arc" xlink:arcrole="http://www.xbrl.org/2003/arcrole/parent-child" xlink:from="EffectOfIncreaseOrDecreaseOfOnePercentagePointInMedicalCostTrendRatesAbstract" xlink:to="EffectOfDecreaseOfOnePercentagePointAccumulatedPostemploymentBenefitObligationForMedicalCosts" priority="0" order="4.0"/>
    <loc xlink:type="locator" xlink:href="../in-gaap-2012-03-31.xsd#in-gaap_DescriptionOfFactThatMultiemployerPlanIsDefinedBenefitPlanButAccountedAsDefinedContributionPlan" xlink:label="DescriptionOfFactThatMultiemployerPlanIsDefinedBenefitPlanButAccountedAsDefinedContributionPlan"/>
    <presentationArc xlink:type="arc" xlink:arcrole="http://www.xbrl.org/2003/arcrole/parent-child" xlink:from="DisclosureOfDefinedBenefitPlansAbstract" xlink:to="DescriptionOfFactThatMultiemployerPlanIsDefinedBenefitPlanButAccountedAsDefinedContributionPlan" priority="0" order="3.0"/>
    <loc xlink:type="locator" xlink:href="../in-gaap-2012-03-31.xsd#in-gaap_DescriptionOfReasonWhySufficientInformationIsNotAvailableToAccountForMultiemployerPlanAsDefinedBenefitPlan" xlink:label="DescriptionOfReasonWhySufficientInformationIsNotAvailableToAccountForMultiemployerPlanAsDefinedBenefitPlan"/>
    <presentationArc xlink:type="arc" xlink:arcrole="http://www.xbrl.org/2003/arcrole/parent-child" xlink:from="DisclosureOfDefinedBenefitPlansAbstract" xlink:to="DescriptionOfReasonWhySufficientInformationIsNotAvailableToAccountForMultiemployerPlanAsDefinedBenefitPlan" priority="0" order="4.0"/>
    <loc xlink:type="locator" xlink:href="../in-gaap-2012-03-31.xsd#in-gaap_DescriptionOfInformationAboutSurplusOrDeficitOfMultiemployerPlan" xlink:label="DescriptionOfInformationAboutSurplusOrDeficitOfMultiemployerPlan"/>
    <presentationArc xlink:type="arc" xlink:arcrole="http://www.xbrl.org/2003/arcrole/parent-child" xlink:from="DisclosureOfDefinedBenefitPlansAbstract" xlink:to="DescriptionOfInformationAboutSurplusOrDeficitOfMultiemployerPlan" priority="0" order="5.0"/>
    <loc xlink:type="locator" xlink:href="../in-gaap-2012-03-31.xsd#in-gaap_DescriptionOfBasisUsedToDetermineSurplusOrDeficitOfMultiemployerPlan" xlink:label="DescriptionOfBasisUsedToDetermineSurplusOrDeficitOfMultiemployerPlan"/>
    <presentationArc xlink:type="arc" xlink:arcrole="http://www.xbrl.org/2003/arcrole/parent-child" xlink:from="DisclosureOfDefinedBenefitPlansAbstract" xlink:to="DescriptionOfBasisUsedToDetermineSurplusOrDeficitOfMultiemployerPlan" priority="0" order="6.0"/>
    <loc xlink:type="locator" xlink:href="../in-gaap-2012-03-31.xsd#in-gaap_DescriptionOfImplicationsOfSurplusOrDeficitOnMultiemployerPlanForEnterprise" xlink:label="DescriptionOfImplicationsOfSurplusOrDeficitOnMultiemployerPlanForEnterprise"/>
    <presentationArc xlink:type="arc" xlink:arcrole="http://www.xbrl.org/2003/arcrole/parent-child" xlink:from="DisclosureOfDefinedBenefitPlansAbstract" xlink:to="DescriptionOfImplicationsOfSurplusOrDeficitOnMultiemployerPlanForEnterprise" priority="0" order="7.0"/>
    <loc xlink:type="locator" xlink:href="../in-gaap-2012-03-31.xsd#in-gaap_DescriptionOfRelatedPartyTransactionsInRelationToPostemploymentBenefitPlansAbstract" xlink:label="DescriptionOfRelatedPartyTransactionsInRelationToPostemploymentBenefitPlansAbstract"/>
    <presentationArc xlink:type="arc" xlink:arcrole="http://www.xbrl.org/2003/arcrole/parent-child" xlink:from="DisclosureOfDefinedBenefitPlansAbstract" xlink:to="DescriptionOfRelatedPartyTransactionsInRelationToPostemploymentBenefitPlansAbstract" priority="0" order="8.0"/>
    <loc xlink:type="locator" xlink:href="../in-gaap-2012-03-31.xsd#in-gaap_InformationAboutRelatedPartyTransactionsWithPostemploymentBenefitPlans" xlink:label="InformationAboutRelatedPartyTransactionsWithPostemploymentBenefitPlans"/>
    <presentationArc xlink:type="arc" xlink:arcrole="http://www.xbrl.org/2003/arcrole/parent-child" xlink:from="DescriptionOfRelatedPartyTransactionsInRelationToPostemploymentBenefitPlansAbstract" xlink:to="InformationAboutRelatedPartyTransactionsWithPostemploymentBenefitPlans" priority="0" order="1.0"/>
    <loc xlink:type="locator" xlink:href="../in-gaap-2012-03-31.xsd#in-gaap_InformationAboutPostemploymentBenefitsForKeyManagementPersonnel" xlink:label="InformationAboutPostemploymentBenefitsForKeyManagementPersonnel"/>
    <presentationArc xlink:type="arc" xlink:arcrole="http://www.xbrl.org/2003/arcrole/parent-child" xlink:from="DescriptionOfRelatedPartyTransactionsInRelationToPostemploymentBenefitPlansAbstract" xlink:to="InformationAboutPostemploymentBenefitsForKeyManagementPersonnel" priority="0" order="2.0"/>
    <loc xlink:type="locator" xlink:href="../in-gaap-2012-03-31.xsd#in-gaap_DetailsOnTerminationBenefitsAbstract" xlink:label="DetailsOnTerminationBenefitsAbstract"/>
    <presentationArc xlink:type="arc" xlink:arcrole="http://www.xbrl.org/2003/arcrole/parent-child" xlink:from="DisclosureOfEmployeeBenefitsExplanatoryTextBlock" xlink:to="DetailsOnTerminationBenefitsAbstract" priority="0" order="2.0"/>
    <loc xlink:type="locator" xlink:href="../in-gaap-2012-03-31.xsd#in-gaap_DescriptionOfNatureOfObligationTerminationBenefitsContingentLiability" xlink:label="DescriptionOfNatureOfObligationTerminationBenefitsContingentLiability"/>
    <presentationArc xlink:type="arc" xlink:arcrole="http://www.xbrl.org/2003/arcrole/parent-child" xlink:from="DetailsOnTerminationBenefitsAbstract" xlink:to="DescriptionOfNatureOfObligationTerminationBenefitsContingentLiability" priority="0" order="1.0"/>
    <loc xlink:type="locator" xlink:href="../in-gaap-2012-03-31.xsd#in-gaap_DescriptionOfInformationAboutTerminationBenefitsForKeyManagementPersonnel" xlink:label="DescriptionOfInformationAboutTerminationBenefitsForKeyManagementPersonnel"/>
    <presentationArc xlink:type="arc" xlink:arcrole="http://www.xbrl.org/2003/arcrole/parent-child" xlink:from="DetailsOnTerminationBenefitsAbstract" xlink:to="DescriptionOfInformationAboutTerminationBenefitsForKeyManagementPersonnel" priority="0" order="2.0"/>
    <loc xlink:type="locator" xlink:href="../in-gaap-2012-03-31.xsd#in-gaap_DescriptionOfNatureOfTerminationBenefitsExpense" xlink:label="DescriptionOfNatureOfTerminationBenefitsExpense"/>
    <presentationArc xlink:type="arc" xlink:arcrole="http://www.xbrl.org/2003/arcrole/parent-child" xlink:from="DetailsOnTerminationBenefitsAbstract" xlink:to="DescriptionOfNatureOfTerminationBenefitsExpense" priority="0" order="3.0"/>
    <loc xlink:type="locator" xlink:href="../in-gaap-2012-03-31.xsd#in-gaap_TerminationBenefitsExpense" xlink:label="TerminationBenefitsExpense"/>
    <presentationArc xlink:type="arc" xlink:arcrole="http://www.xbrl.org/2003/arcrole/parent-child" xlink:from="DetailsOnTerminationBenefitsAbstract" xlink:to="TerminationBenefitsExpense" priority="0" order="4.0"/>
    <loc xlink:type="locator" xlink:href="../in-gaap-2012-03-31.xsd#in-gaap_DescriptionOfInformationShortTermEmployeeBenefitsForKeyManagementPersonnel" xlink:label="DescriptionOfInformationShortTermEmployeeBenefitsForKeyManagementPersonnel"/>
    <presentationArc xlink:type="arc" xlink:arcrole="http://www.xbrl.org/2003/arcrole/parent-child" xlink:from="DisclosureOfEmployeeBenefitsExplanatoryTextBlock" xlink:to="DescriptionOfInformationShortTermEmployeeBenefitsForKeyManagementPersonnel" priority="0" order="3.0"/>
    <loc xlink:type="locator" xlink:href="../in-gaap-2012-03-31.xsd#in-gaap_DetailsOfDefinedContributionPlansAbstract" xlink:label="DetailsOfDefinedContributionPlansAbstract"/>
    <presentationArc xlink:type="arc" xlink:arcrole="http://www.xbrl.org/2003/arcrole/parent-child" xlink:from="DisclosureOfEmployeeBenefitsExplanatoryTextBlock" xlink:to="DetailsOfDefinedContributionPlansAbstract" priority="0" order="4.0"/>
    <loc xlink:type="locator" xlink:href="../in-gaap-2012-03-31.xsd#in-gaap_AmountRecognisedAsExpenseForDefinedContributionPlans" xlink:label="AmountRecognisedAsExpenseForDefinedContributionPlans"/>
    <presentationArc xlink:type="arc" xlink:arcrole="http://www.xbrl.org/2003/arcrole/parent-child" xlink:from="DetailsOfDefinedContributionPlansAbstract" xlink:to="AmountRecognisedAsExpenseForDefinedContributionPlans" priority="0" order="1.0"/>
    <loc xlink:type="locator" xlink:href="../in-gaap-2012-03-31.xsd#in-gaap_DescriptionOfInformationOnDefinedContributionPlansForKeyManagementPersonnel" xlink:label="DescriptionOfInformationOnDefinedContributionPlansForKeyManagementPersonnel"/>
    <presentationArc xlink:type="arc" xlink:arcrole="http://www.xbrl.org/2003/arcrole/parent-child" xlink:from="DetailsOfDefinedContributionPlansAbstract" xlink:to="DescriptionOfInformationOnDefinedContributionPlansForKeyManagementPersonnel" priority="0" order="2.0"/>
  </presentationLink>
</linkbase>
