<?xml version="1.0" encoding="US-ASCII"?>
<!-- Generated by Fujitsu Interstage XWand B0166 -->
<linkbase xmlns="http://www.xbrl.org/2003/linkbase" xmlns:xsi="http://www.w3.org/2001/XMLSchema-instance" xmlns:xlink="http://www.w3.org/1999/xlink" xmlns:xbrli="http://www.xbrl.org/2003/instance">
  <roleRef roleURI="http://www.icai.org/xbrl/taxonomy/role/in-gaap/NotesTangibleAssets" xlink:type="simple" xlink:href="../in-gaap-roles-2012-03-31.xsd#in-gaap-rol-201000"/>
  <roleRef roleURI="http://www.xbrl.org/2009/role/negatedLabel" xlink:type="simple" xlink:href="http://www.xbrl.org/lrr/role/negated-2009-12-16.xsd#negatedLabel"/>
  <presentationLink xlink:type="extended" xlink:role="http://www.icai.org/xbrl/taxonomy/role/in-gaap/NotesTangibleAssets">
    <loc xlink:type="locator" xlink:href="../in-gaap-2012-03-31.xsd#in-gaap_DisclosureOfNotesOnTangibleAssetsExplanatoryTextBlock" xlink:label="DisclosureOfNotesOnTangibleAssetsExplanatoryTextBlock"/>
    <loc xlink:type="locator" xlink:href="../in-gaap-2012-03-31.xsd#in-gaap_DisclosureOfAccountingPolicyOnTangibleAssetsTextBlock" xlink:label="DisclosureOfAccountingPolicyOnTangibleAssetsTextBlock"/>
    <presentationArc xlink:type="arc" xlink:arcrole="http://www.xbrl.org/2003/arcrole/parent-child" xlink:from="DisclosureOfNotesOnTangibleAssetsExplanatoryTextBlock" xlink:to="DisclosureOfAccountingPolicyOnTangibleAssetsTextBlock" priority="0" order="1.0"/>
    <loc xlink:type="locator" xlink:href="../in-gaap-2012-03-31.xsd#in-gaap_DisclosureOfTangibleAssetsAbstract" xlink:label="DisclosureOfTangibleAssetsAbstract"/>
    <presentationArc xlink:type="arc" xlink:arcrole="http://www.xbrl.org/2003/arcrole/parent-child" xlink:from="DisclosureOfNotesOnTangibleAssetsExplanatoryTextBlock" xlink:to="DisclosureOfTangibleAssetsAbstract" priority="0" order="2.0"/>
    <loc xlink:type="locator" xlink:href="../in-gaap-2012-03-31.xsd#in-gaap_DisclosureOfTangibleAssetsTable" xlink:label="DisclosureOfTangibleAssetsTable"/>
    <presentationArc xlink:type="arc" xlink:arcrole="http://www.xbrl.org/2003/arcrole/parent-child" xlink:from="DisclosureOfTangibleAssetsAbstract" xlink:to="DisclosureOfTangibleAssetsTable" priority="0" order="1.0"/>
    <loc xlink:type="locator" xlink:href="../in-gaap-2012-03-31.xsd#in-gaap_ClassesOfTangibleAssetsAxis" xlink:label="ClassesOfTangibleAssetsAxis"/>
    <presentationArc xlink:type="arc" xlink:arcrole="http://www.xbrl.org/2003/arcrole/parent-child" xlink:from="DisclosureOfTangibleAssetsTable" xlink:to="ClassesOfTangibleAssetsAxis" priority="0" order="1.0"/>
    <loc xlink:type="locator" xlink:href="../in-gaap-2012-03-31.xsd#in-gaap_CompanyTotalTangibleAssetsMember" xlink:label="CompanyTotalTangibleAssetsMember"/>
    <presentationArc xlink:type="arc" xlink:arcrole="http://www.xbrl.org/2003/arcrole/parent-child" xlink:from="ClassesOfTangibleAssetsAxis" xlink:to="CompanyTotalTangibleAssetsMember" priority="0" order="1.0"/>
    <loc xlink:type="locator" xlink:href="../in-gaap-2012-03-31.xsd#in-gaap_LandMember" xlink:label="LandMember"/>
    <presentationArc xlink:type="arc" xlink:arcrole="http://www.xbrl.org/2003/arcrole/parent-child" xlink:from="CompanyTotalTangibleAssetsMember" xlink:to="LandMember" priority="0" order="1.0"/>
    <loc xlink:type="locator" xlink:href="../in-gaap-2012-03-31.xsd#in-gaap_BuildingsMember" xlink:label="BuildingsMember"/>
    <presentationArc xlink:type="arc" xlink:arcrole="http://www.xbrl.org/2003/arcrole/parent-child" xlink:from="CompanyTotalTangibleAssetsMember" xlink:to="BuildingsMember" priority="0" order="2.0"/>
    <loc xlink:type="locator" xlink:href="../in-gaap-2012-03-31.xsd#in-gaap_ResidentialBuildingMember" xlink:label="ResidentialBuildingMember"/>
    <presentationArc xlink:type="arc" xlink:arcrole="http://www.xbrl.org/2003/arcrole/parent-child" xlink:from="BuildingsMember" xlink:to="ResidentialBuildingMember" priority="0" order="1.0"/>
    <loc xlink:type="locator" xlink:href="../in-gaap-2012-03-31.xsd#in-gaap_OfficeBuildingMember" xlink:label="OfficeBuildingMember"/>
    <presentationArc xlink:type="arc" xlink:arcrole="http://www.xbrl.org/2003/arcrole/parent-child" xlink:from="BuildingsMember" xlink:to="OfficeBuildingMember" priority="0" order="2.0"/>
    <loc xlink:type="locator" xlink:href="../in-gaap-2012-03-31.xsd#in-gaap_FactoryBuildingMember" xlink:label="FactoryBuildingMember"/>
    <presentationArc xlink:type="arc" xlink:arcrole="http://www.xbrl.org/2003/arcrole/parent-child" xlink:from="BuildingsMember" xlink:to="FactoryBuildingMember" priority="0" order="3.0"/>
    <loc xlink:type="locator" xlink:href="../in-gaap-2012-03-31.xsd#in-gaap_OtherBuildingMember" xlink:label="OtherBuildingMember"/>
    <presentationArc xlink:type="arc" xlink:arcrole="http://www.xbrl.org/2003/arcrole/parent-child" xlink:from="BuildingsMember" xlink:to="OtherBuildingMember" priority="0" order="4.0"/>
    <loc xlink:type="locator" xlink:href="../in-gaap-2012-03-31.xsd#in-gaap_PlantAndEquipmentMember" xlink:label="PlantAndEquipmentMember"/>
    <presentationArc xlink:type="arc" xlink:arcrole="http://www.xbrl.org/2003/arcrole/parent-child" xlink:from="CompanyTotalTangibleAssetsMember" xlink:to="PlantAndEquipmentMember" priority="0" order="3.0"/>
    <loc xlink:type="locator" xlink:href="../in-gaap-2012-03-31.xsd#in-gaap_FactoryEquipmentsMember" xlink:label="FactoryEquipmentsMember"/>
    <presentationArc xlink:type="arc" xlink:arcrole="http://www.xbrl.org/2003/arcrole/parent-child" xlink:from="PlantAndEquipmentMember" xlink:to="FactoryEquipmentsMember" priority="0" order="1.0"/>
    <loc xlink:type="locator" xlink:href="../in-gaap-2012-03-31.xsd#in-gaap_EmissionReductionEquipmentMember" xlink:label="EmissionReductionEquipmentMember"/>
    <presentationArc xlink:type="arc" xlink:arcrole="http://www.xbrl.org/2003/arcrole/parent-child" xlink:from="PlantAndEquipmentMember" xlink:to="EmissionReductionEquipmentMember" priority="0" order="2.0"/>
    <loc xlink:type="locator" xlink:href="../in-gaap-2012-03-31.xsd#in-gaap_OtherPollutionReductionEquipmentMember" xlink:label="OtherPollutionReductionEquipmentMember"/>
    <presentationArc xlink:type="arc" xlink:arcrole="http://www.xbrl.org/2003/arcrole/parent-child" xlink:from="PlantAndEquipmentMember" xlink:to="OtherPollutionReductionEquipmentMember" priority="0" order="3.0"/>
    <loc xlink:type="locator" xlink:href="../in-gaap-2012-03-31.xsd#in-gaap_FurnitureAndFixturesMember" xlink:label="FurnitureAndFixturesMember"/>
    <presentationArc xlink:type="arc" xlink:arcrole="http://www.xbrl.org/2003/arcrole/parent-child" xlink:from="CompanyTotalTangibleAssetsMember" xlink:to="FurnitureAndFixturesMember" priority="0" order="4.0"/>
    <loc xlink:type="locator" xlink:href="../in-gaap-2012-03-31.xsd#in-gaap_VehiclesMember" xlink:label="VehiclesMember"/>
    <presentationArc xlink:type="arc" xlink:arcrole="http://www.xbrl.org/2003/arcrole/parent-child" xlink:from="CompanyTotalTangibleAssetsMember" xlink:to="VehiclesMember" priority="0" order="5.0"/>
    <loc xlink:type="locator" xlink:href="../in-gaap-2012-03-31.xsd#in-gaap_ShipsVesselsMember" xlink:label="ShipsVesselsMember"/>
    <presentationArc xlink:type="arc" xlink:arcrole="http://www.xbrl.org/2003/arcrole/parent-child" xlink:from="VehiclesMember" xlink:to="ShipsVesselsMember" priority="0" order="1.0"/>
    <loc xlink:type="locator" xlink:href="../in-gaap-2012-03-31.xsd#in-gaap_AircraftsHelicoptersMember" xlink:label="AircraftsHelicoptersMember"/>
    <presentationArc xlink:type="arc" xlink:arcrole="http://www.xbrl.org/2003/arcrole/parent-child" xlink:from="VehiclesMember" xlink:to="AircraftsHelicoptersMember" priority="0" order="2.0"/>
    <loc xlink:type="locator" xlink:href="../in-gaap-2012-03-31.xsd#in-gaap_MotorVehiclesMember" xlink:label="MotorVehiclesMember"/>
    <presentationArc xlink:type="arc" xlink:arcrole="http://www.xbrl.org/2003/arcrole/parent-child" xlink:from="VehiclesMember" xlink:to="MotorVehiclesMember" priority="0" order="3.0"/>
    <loc xlink:type="locator" xlink:href="../in-gaap-2012-03-31.xsd#in-gaap_OfficeEquipmentMember" xlink:label="OfficeEquipmentMember"/>
    <presentationArc xlink:type="arc" xlink:arcrole="http://www.xbrl.org/2003/arcrole/parent-child" xlink:from="CompanyTotalTangibleAssetsMember" xlink:to="OfficeEquipmentMember" priority="0" order="6.0"/>
    <loc xlink:type="locator" xlink:href="../in-gaap-2012-03-31.xsd#in-gaap_ComputerEquipmentsMember" xlink:label="ComputerEquipmentsMember"/>
    <presentationArc xlink:type="arc" xlink:arcrole="http://www.xbrl.org/2003/arcrole/parent-child" xlink:from="OfficeEquipmentMember" xlink:to="ComputerEquipmentsMember" priority="0" order="1.0"/>
    <loc xlink:type="locator" xlink:href="../in-gaap-2012-03-31.xsd#in-gaap_OtherEquipmentsMember" xlink:label="OtherEquipmentsMember"/>
    <presentationArc xlink:type="arc" xlink:arcrole="http://www.xbrl.org/2003/arcrole/parent-child" xlink:from="OfficeEquipmentMember" xlink:to="OtherEquipmentsMember" priority="0" order="2.0"/>
    <loc xlink:type="locator" xlink:href="../in-gaap-2012-03-31.xsd#in-gaap_LeaseholdImprovementsMember" xlink:label="LeaseholdImprovementsMember"/>
    <presentationArc xlink:type="arc" xlink:arcrole="http://www.xbrl.org/2003/arcrole/parent-child" xlink:from="CompanyTotalTangibleAssetsMember" xlink:to="LeaseholdImprovementsMember" priority="0" order="7.0"/>
    <loc xlink:type="locator" xlink:href="../in-gaap-2012-03-31.xsd#in-gaap_OtherTangibleAssetsMember" xlink:label="OtherTangibleAssetsMember"/>
    <presentationArc xlink:type="arc" xlink:arcrole="http://www.xbrl.org/2003/arcrole/parent-child" xlink:from="CompanyTotalTangibleAssetsMember" xlink:to="OtherTangibleAssetsMember" priority="0" order="8.0"/>
    <loc xlink:type="locator" xlink:href="../in-gaap-2012-03-31.xsd#in-gaap_LivestockMember" xlink:label="LivestockMember"/>
    <presentationArc xlink:type="arc" xlink:arcrole="http://www.xbrl.org/2003/arcrole/parent-child" xlink:from="OtherTangibleAssetsMember" xlink:to="LivestockMember" priority="0" order="1.0"/>
    <loc xlink:type="locator" xlink:href="../in-gaap-2012-03-31.xsd#in-gaap_BridgesRoadsPortsCulvertsMember" xlink:label="BridgesRoadsPortsCulvertsMember"/>
    <presentationArc xlink:type="arc" xlink:arcrole="http://www.xbrl.org/2003/arcrole/parent-child" xlink:from="OtherTangibleAssetsMember" xlink:to="BridgesRoadsPortsCulvertsMember" priority="0" order="2.0"/>
    <loc xlink:type="locator" xlink:href="../in-gaap-2012-03-31.xsd#in-gaap_RailwaySidingsMember" xlink:label="RailwaySidingsMember"/>
    <presentationArc xlink:type="arc" xlink:arcrole="http://www.xbrl.org/2003/arcrole/parent-child" xlink:from="OtherTangibleAssetsMember" xlink:to="RailwaySidingsMember" priority="0" order="3.0"/>
    <loc xlink:type="locator" xlink:href="../in-gaap-2012-03-31.xsd#in-gaap_BooksPeriodicalsMember" xlink:label="BooksPeriodicalsMember"/>
    <presentationArc xlink:type="arc" xlink:arcrole="http://www.xbrl.org/2003/arcrole/parent-child" xlink:from="OtherTangibleAssetsMember" xlink:to="BooksPeriodicalsMember" priority="0" order="4.0"/>
    <loc xlink:type="locator" xlink:href="../in-gaap-2012-03-31.xsd#in-gaap_PlantationsMember" xlink:label="PlantationsMember"/>
    <presentationArc xlink:type="arc" xlink:arcrole="http://www.xbrl.org/2003/arcrole/parent-child" xlink:from="OtherTangibleAssetsMember" xlink:to="PlantationsMember" priority="0" order="5.0"/>
    <loc xlink:type="locator" xlink:href="../in-gaap-2012-03-31.xsd#in-gaap_MinesQuarriesMember" xlink:label="MinesQuarriesMember"/>
    <presentationArc xlink:type="arc" xlink:arcrole="http://www.xbrl.org/2003/arcrole/parent-child" xlink:from="OtherTangibleAssetsMember" xlink:to="MinesQuarriesMember" priority="0" order="6.0"/>
    <loc xlink:type="locator" xlink:href="../in-gaap-2012-03-31.xsd#in-gaap_SubClassesOfTangibleAssetsAxis" xlink:label="SubClassesOfTangibleAssetsAxis"/>
    <presentationArc xlink:type="arc" xlink:arcrole="http://www.xbrl.org/2003/arcrole/parent-child" xlink:from="DisclosureOfTangibleAssetsTable" xlink:to="SubClassesOfTangibleAssetsAxis" priority="0" order="2.0"/>
    <loc xlink:type="locator" xlink:href="../in-gaap-2012-03-31.xsd#in-gaap_OwnedAndLeasedAssetsMember" xlink:label="OwnedAndLeasedAssetsMember"/>
    <presentationArc xlink:type="arc" xlink:arcrole="http://www.xbrl.org/2003/arcrole/parent-child" xlink:from="SubClassesOfTangibleAssetsAxis" xlink:to="OwnedAndLeasedAssetsMember" priority="0" order="1.0"/>
    <loc xlink:type="locator" xlink:href="../in-gaap-2012-03-31.xsd#in-gaap_AssetsHeldUnderLeaseMember" xlink:label="AssetsHeldUnderLeaseMember"/>
    <presentationArc xlink:type="arc" xlink:arcrole="http://www.xbrl.org/2003/arcrole/parent-child" xlink:from="OwnedAndLeasedAssetsMember" xlink:to="AssetsHeldUnderLeaseMember" priority="0" order="1.0"/>
    <loc xlink:type="locator" xlink:href="../in-gaap-2012-03-31.xsd#in-gaap_AssetsGivenUnderOperatingLeaseMember" xlink:label="AssetsGivenUnderOperatingLeaseMember"/>
    <presentationArc xlink:type="arc" xlink:arcrole="http://www.xbrl.org/2003/arcrole/parent-child" xlink:from="OwnedAndLeasedAssetsMember" xlink:to="AssetsGivenUnderOperatingLeaseMember" priority="0" order="2.0"/>
    <loc xlink:type="locator" xlink:href="../in-gaap-2012-03-31.xsd#in-gaap_OwnedAssetsMember" xlink:label="OwnedAssetsMember"/>
    <presentationArc xlink:type="arc" xlink:arcrole="http://www.xbrl.org/2003/arcrole/parent-child" xlink:from="OwnedAndLeasedAssetsMember" xlink:to="OwnedAssetsMember" priority="0" order="3.0"/>
    <loc xlink:type="locator" xlink:href="../in-gaap-2012-03-31.xsd#in-gaap_CarryingAmountAccumulatedDepreciationAndGrossCarryingAmountAxis" xlink:label="CarryingAmountAccumulatedDepreciationAndGrossCarryingAmountAxis"/>
    <presentationArc xlink:type="arc" xlink:arcrole="http://www.xbrl.org/2003/arcrole/parent-child" xlink:from="DisclosureOfTangibleAssetsTable" xlink:to="CarryingAmountAccumulatedDepreciationAndGrossCarryingAmountAxis" priority="0" order="3.0"/>
    <loc xlink:type="locator" xlink:href="../in-gaap-2012-03-31.xsd#in-gaap_CarryingAmountMember" xlink:label="CarryingAmountMember"/>
    <presentationArc xlink:type="arc" xlink:arcrole="http://www.xbrl.org/2003/arcrole/parent-child" xlink:from="CarryingAmountAccumulatedDepreciationAndGrossCarryingAmountAxis" xlink:to="CarryingAmountMember" priority="0" order="1.0"/>
    <loc xlink:type="locator" xlink:href="../in-gaap-2012-03-31.xsd#in-gaap_AccumulatedDepreciationAndImpairmentMember" xlink:label="AccumulatedDepreciationAndImpairmentMember"/>
    <presentationArc xlink:type="arc" xlink:arcrole="http://www.xbrl.org/2003/arcrole/parent-child" xlink:from="CarryingAmountMember" xlink:to="AccumulatedDepreciationAndImpairmentMember" priority="0" order="2.0"/>
    <loc xlink:type="locator" xlink:href="../in-gaap-2012-03-31.xsd#in-gaap_GrossCarryingAmountMember" xlink:label="GrossCarryingAmountMember"/>
    <presentationArc xlink:type="arc" xlink:arcrole="http://www.xbrl.org/2003/arcrole/parent-child" xlink:from="CarryingAmountMember" xlink:to="GrossCarryingAmountMember" priority="0" order="1.0"/>
    <loc xlink:type="locator" xlink:href="../in-gaap-2012-03-31.xsd#in-gaap_DisclosureOfTangibleAssetsLineItems" xlink:label="DisclosureOfTangibleAssetsLineItems"/>
    <presentationArc xlink:type="arc" xlink:arcrole="http://www.xbrl.org/2003/arcrole/parent-child" xlink:from="DisclosureOfTangibleAssetsAbstract" xlink:to="DisclosureOfTangibleAssetsLineItems" priority="0" order="2.0"/>
    <loc xlink:type="locator" xlink:href="../in-gaap-2012-03-31.xsd#in-gaap_DepreciationMethodTangibleAssets" xlink:label="DepreciationMethodTangibleAssets"/>
    <presentationArc xlink:type="arc" xlink:arcrole="http://www.xbrl.org/2003/arcrole/parent-child" xlink:from="DisclosureOfTangibleAssetsLineItems" xlink:to="DepreciationMethodTangibleAssets" priority="0" order="1.0"/>
    <loc xlink:type="locator" xlink:href="../in-gaap-2012-03-31.xsd#in-gaap_UsefulLivesOrDepreciationRatesTangibleAssets" xlink:label="UsefulLivesOrDepreciationRatesTangibleAssets"/>
    <presentationArc xlink:type="arc" xlink:arcrole="http://www.xbrl.org/2003/arcrole/parent-child" xlink:from="DisclosureOfTangibleAssetsLineItems" xlink:to="UsefulLivesOrDepreciationRatesTangibleAssets" priority="0" order="2.0"/>
    <loc xlink:type="locator" xlink:href="../in-gaap-2012-03-31.xsd#in-gaap_DescriptionOfJustificationForUsingHigherRatesOfDepreciationThanPrescribedRate" xlink:label="DescriptionOfJustificationForUsingHigherRatesOfDepreciationThanPrescribedRate"/>
    <presentationArc xlink:type="arc" xlink:arcrole="http://www.xbrl.org/2003/arcrole/parent-child" xlink:from="DisclosureOfTangibleAssetsLineItems" xlink:to="DescriptionOfJustificationForUsingHigherRatesOfDepreciationThanPrescribedRate" priority="0" order="3.0"/>
    <loc xlink:type="locator" xlink:href="../in-gaap-2012-03-31.xsd#in-gaap_ExplanationOnRevaluationOfFixedAssetsAbstract" xlink:label="ExplanationOnRevaluationOfFixedAssetsAbstract"/>
    <presentationArc xlink:type="arc" xlink:arcrole="http://www.xbrl.org/2003/arcrole/parent-child" xlink:from="DisclosureOfTangibleAssetsLineItems" xlink:to="ExplanationOnRevaluationOfFixedAssetsAbstract" priority="0" order="4.0"/>
    <loc xlink:type="locator" xlink:href="../in-gaap-2012-03-31.xsd#in-gaap_ExplanationOfBasisForRevaluationOnSystematicBasis" xlink:label="ExplanationOfBasisForRevaluationOnSystematicBasis"/>
    <presentationArc xlink:type="arc" xlink:arcrole="http://www.xbrl.org/2003/arcrole/parent-child" xlink:from="ExplanationOnRevaluationOfFixedAssetsAbstract" xlink:to="ExplanationOfBasisForRevaluationOnSystematicBasis" priority="0" order="1.0"/>
    <loc xlink:type="locator" xlink:href="../in-gaap-2012-03-31.xsd#in-gaap_ExplanationOfRevaluationMethodsTangibleAssets" xlink:label="ExplanationOfRevaluationMethodsTangibleAssets"/>
    <presentationArc xlink:type="arc" xlink:arcrole="http://www.xbrl.org/2003/arcrole/parent-child" xlink:from="ExplanationOnRevaluationOfFixedAssetsAbstract" xlink:to="ExplanationOfRevaluationMethodsTangibleAssets" priority="0" order="2.0"/>
    <loc xlink:type="locator" xlink:href="../in-gaap-2012-03-31.xsd#in-gaap_NatureOfIndicesUsedInRevaluation" xlink:label="NatureOfIndicesUsedInRevaluation"/>
    <presentationArc xlink:type="arc" xlink:arcrole="http://www.xbrl.org/2003/arcrole/parent-child" xlink:from="ExplanationOnRevaluationOfFixedAssetsAbstract" xlink:to="NatureOfIndicesUsedInRevaluation" priority="0" order="3.0"/>
    <loc xlink:type="locator" xlink:href="../in-gaap-2012-03-31.xsd#in-gaap_YearOfAppraisalMade" xlink:label="YearOfAppraisalMade"/>
    <presentationArc xlink:type="arc" xlink:arcrole="http://www.xbrl.org/2003/arcrole/parent-child" xlink:from="ExplanationOnRevaluationOfFixedAssetsAbstract" xlink:to="YearOfAppraisalMade" priority="0" order="4.0"/>
    <loc xlink:type="locator" xlink:href="../in-gaap-2012-03-31.xsd#in-gaap_DescriptionOfWhetherExternalValuerWasUsedForValuationOfTangibleAssets" xlink:label="DescriptionOfWhetherExternalValuerWasUsedForValuationOfTangibleAssets"/>
    <presentationArc xlink:type="arc" xlink:arcrole="http://www.xbrl.org/2003/arcrole/parent-child" xlink:from="ExplanationOnRevaluationOfFixedAssetsAbstract" xlink:to="DescriptionOfWhetherExternalValuerWasUsedForValuationOfTangibleAssets" priority="0" order="5.0"/>
    <loc xlink:type="locator" xlink:href="../in-gaap-2012-03-31.xsd#in-gaap_AdditionalDepreciationOnRevaluedAmountOfTangibleAssetsDisclosedSeparatelyIfMaterial" xlink:label="AdditionalDepreciationOnRevaluedAmountOfTangibleAssetsDisclosedSeparatelyIfMaterial"/>
    <presentationArc xlink:type="arc" xlink:arcrole="http://www.xbrl.org/2003/arcrole/parent-child" xlink:from="ExplanationOnRevaluationOfFixedAssetsAbstract" xlink:to="AdditionalDepreciationOnRevaluedAmountOfTangibleAssetsDisclosedSeparatelyIfMaterial" priority="0" order="6.0"/>
    <loc xlink:type="locator" xlink:href="../in-gaap-2012-03-31.xsd#in-gaap_NatureOfOtherTangibleAssets" xlink:label="NatureOfOtherTangibleAssets"/>
    <presentationArc xlink:type="arc" xlink:arcrole="http://www.xbrl.org/2003/arcrole/parent-child" xlink:from="DisclosureOfTangibleAssetsLineItems" xlink:to="NatureOfOtherTangibleAssets" priority="0" order="5.0"/>
    <loc xlink:type="locator" xlink:href="../in-gaap-2012-03-31.xsd#in-gaap_ReconciliationOfChangesInTangibleAssetsAbstract" xlink:label="ReconciliationOfChangesInTangibleAssetsAbstract"/>
    <presentationArc xlink:type="arc" xlink:arcrole="http://www.xbrl.org/2003/arcrole/parent-child" xlink:from="DisclosureOfTangibleAssetsLineItems" xlink:to="ReconciliationOfChangesInTangibleAssetsAbstract" priority="0" order="6.0"/>
    <loc xlink:type="locator" xlink:href="../in-gaap-2012-03-31.xsd#in-gaap_ChangesInTangibleAssetsAbstract" xlink:label="ChangesInTangibleAssetsAbstract"/>
    <presentationArc xlink:type="arc" xlink:arcrole="http://www.xbrl.org/2003/arcrole/parent-child" xlink:from="ReconciliationOfChangesInTangibleAssetsAbstract" xlink:to="ChangesInTangibleAssetsAbstract" priority="0" order="2.0"/>
    <loc xlink:type="locator" xlink:href="../in-gaap-2012-03-31.xsd#in-gaap_AdditionsOtherThanThroughBusinessCombinationsTangibleAssets" xlink:label="AdditionsOtherThanThroughBusinessCombinationsTangibleAssets"/>
    <presentationArc xlink:type="arc" xlink:arcrole="http://www.xbrl.org/2003/arcrole/parent-child" xlink:from="ChangesInTangibleAssetsAbstract" xlink:to="AdditionsOtherThanThroughBusinessCombinationsTangibleAssets" priority="0" order="1.0"/>
    <loc xlink:type="locator" xlink:href="../in-gaap-2012-03-31.xsd#in-gaap_AcquisitionsThroughBusinessCombinationsTangibleAssets" xlink:label="AcquisitionsThroughBusinessCombinationsTangibleAssets"/>
    <presentationArc xlink:type="arc" xlink:arcrole="http://www.xbrl.org/2003/arcrole/parent-child" xlink:from="ChangesInTangibleAssetsAbstract" xlink:to="AcquisitionsThroughBusinessCombinationsTangibleAssets" priority="0" order="2.0"/>
    <loc xlink:type="locator" xlink:href="../in-gaap-2012-03-31.xsd#in-gaap_DepreciationTangibleAssets" xlink:label="DepreciationTangibleAssets"/>
    <presentationArc xlink:type="arc" xlink:arcrole="http://www.xbrl.org/2003/arcrole/parent-child" xlink:from="ChangesInTangibleAssetsAbstract" xlink:to="DepreciationTangibleAssets" priority="0" order="3.0" preferredLabel="http://www.xbrl.org/2009/role/negatedLabel"/>
    <loc xlink:type="locator" xlink:href="../in-gaap-2012-03-31.xsd#in-gaap_ImpairmentLossRecognisedInProfitOrLossTangibleAssets" xlink:label="ImpairmentLossRecognisedInProfitOrLossTangibleAssets"/>
    <presentationArc xlink:type="arc" xlink:arcrole="http://www.xbrl.org/2003/arcrole/parent-child" xlink:from="ChangesInTangibleAssetsAbstract" xlink:to="ImpairmentLossRecognisedInProfitOrLossTangibleAssets" priority="0" order="4.0" preferredLabel="http://www.xbrl.org/2009/role/negatedLabel"/>
    <loc xlink:type="locator" xlink:href="../in-gaap-2012-03-31.xsd#in-gaap_ReversalOfImpairmentLossRecognisedInProfitOrLossTangibleAssets" xlink:label="ReversalOfImpairmentLossRecognisedInProfitOrLossTangibleAssets"/>
    <presentationArc xlink:type="arc" xlink:arcrole="http://www.xbrl.org/2003/arcrole/parent-child" xlink:from="ChangesInTangibleAssetsAbstract" xlink:to="ReversalOfImpairmentLossRecognisedInProfitOrLossTangibleAssets" priority="0" order="5.0"/>
    <loc xlink:type="locator" xlink:href="../in-gaap-2012-03-31.xsd#in-gaap_RevaluationIncreaseDecreaseTangibleAssets" xlink:label="RevaluationIncreaseDecreaseTangibleAssets"/>
    <presentationArc xlink:type="arc" xlink:arcrole="http://www.xbrl.org/2003/arcrole/parent-child" xlink:from="ChangesInTangibleAssetsAbstract" xlink:to="RevaluationIncreaseDecreaseTangibleAssets" priority="0" order="6.0"/>
    <loc xlink:type="locator" xlink:href="../in-gaap-2012-03-31.xsd#in-gaap_DisposalsTangibleAssetsAbstract" xlink:label="DisposalsTangibleAssetsAbstract"/>
    <presentationArc xlink:type="arc" xlink:arcrole="http://www.xbrl.org/2003/arcrole/parent-child" xlink:from="ChangesInTangibleAssetsAbstract" xlink:to="DisposalsTangibleAssetsAbstract" priority="0" order="7.0"/>
    <loc xlink:type="locator" xlink:href="../in-gaap-2012-03-31.xsd#in-gaap_DisposalsTangibleAssetsThroughDemergers" xlink:label="DisposalsTangibleAssetsThroughDemergers"/>
    <presentationArc xlink:type="arc" xlink:arcrole="http://www.xbrl.org/2003/arcrole/parent-child" xlink:from="DisposalsTangibleAssetsAbstract" xlink:to="DisposalsTangibleAssetsThroughDemergers" priority="0" order="1.0" preferredLabel="http://www.xbrl.org/2009/role/negatedLabel"/>
    <loc xlink:type="locator" xlink:href="../in-gaap-2012-03-31.xsd#in-gaap_DisposalsTangibleAssetsOthers" xlink:label="DisposalsTangibleAssetsOthers"/>
    <presentationArc xlink:type="arc" xlink:arcrole="http://www.xbrl.org/2003/arcrole/parent-child" xlink:from="DisposalsTangibleAssetsAbstract" xlink:to="DisposalsTangibleAssetsOthers" priority="0" order="2.0" preferredLabel="http://www.xbrl.org/2009/role/negatedLabel"/>
    <loc xlink:type="locator" xlink:href="../in-gaap-2012-03-31.xsd#in-gaap_DisposalsTangibleAssets" xlink:label="DisposalsTangibleAssets"/>
    <presentationArc xlink:type="arc" xlink:arcrole="http://www.xbrl.org/2003/arcrole/parent-child" xlink:from="DisposalsTangibleAssetsAbstract" xlink:to="DisposalsTangibleAssets" priority="0" order="3.0" preferredLabel="http://www.xbrl.org/2003/role/totalLabel"/>
    <loc xlink:type="locator" xlink:href="../in-gaap-2012-03-31.xsd#in-gaap_OtherAdjustmentsTangibleAssetsAbstract" xlink:label="OtherAdjustmentsTangibleAssetsAbstract"/>
    <presentationArc xlink:type="arc" xlink:arcrole="http://www.xbrl.org/2003/arcrole/parent-child" xlink:from="ChangesInTangibleAssetsAbstract" xlink:to="OtherAdjustmentsTangibleAssetsAbstract" priority="0" order="8.0"/>
    <loc xlink:type="locator" xlink:href="../in-gaap-2012-03-31.xsd#in-gaap_IncreaseDecreaseThroughNetExchangeDifferencesTangibleAssets" xlink:label="IncreaseDecreaseThroughNetExchangeDifferencesTangibleAssets"/>
    <presentationArc xlink:type="arc" xlink:arcrole="http://www.xbrl.org/2003/arcrole/parent-child" xlink:from="OtherAdjustmentsTangibleAssetsAbstract" xlink:to="IncreaseDecreaseThroughNetExchangeDifferencesTangibleAssets" priority="0" order="1.0"/>
    <loc xlink:type="locator" xlink:href="../in-gaap-2012-03-31.xsd#in-gaap_OtherAdjustmentsTangibleAssets" xlink:label="OtherAdjustmentsTangibleAssets"/>
    <presentationArc xlink:type="arc" xlink:arcrole="http://www.xbrl.org/2003/arcrole/parent-child" xlink:from="OtherAdjustmentsTangibleAssetsAbstract" xlink:to="OtherAdjustmentsTangibleAssets" priority="0" order="2.0" preferredLabel="http://www.xbrl.org/2003/role/totalLabel"/>
    <loc xlink:type="locator" xlink:href="../in-gaap-2012-03-31.xsd#in-gaap_ChangesInTangibleAssets" xlink:label="ChangesInTangibleAssets"/>
    <presentationArc xlink:type="arc" xlink:arcrole="http://www.xbrl.org/2003/arcrole/parent-child" xlink:from="ChangesInTangibleAssetsAbstract" xlink:to="ChangesInTangibleAssets" priority="0" order="9.0" preferredLabel="http://www.xbrl.org/2003/role/totalLabel"/>
    <loc xlink:type="locator" xlink:href="../in-gaap-2012-03-31.xsd#in-gaap_TangibleAssets" xlink:label="TangibleAssets"/>
    <presentationArc xlink:type="arc" xlink:arcrole="http://www.xbrl.org/2003/arcrole/parent-child" xlink:from="ReconciliationOfChangesInTangibleAssetsAbstract" xlink:to="TangibleAssets" priority="0" order="1.0" preferredLabel="http://www.xbrl.org/2003/role/periodStartLabel"/>
    <loc xlink:type="locator" xlink:href="../in-gaap-2012-03-31.xsd#in-gaap_TangibleAssets" xlink:label="TangibleAssets_2"/>
    <presentationArc xlink:type="arc" xlink:arcrole="http://www.xbrl.org/2003/arcrole/parent-child" xlink:from="ReconciliationOfChangesInTangibleAssetsAbstract" xlink:to="TangibleAssets_2" priority="0" order="3.0" preferredLabel="http://www.xbrl.org/2003/role/periodEndLabel"/>
    <loc xlink:type="locator" xlink:href="../in-gaap-2012-03-31.xsd#in-gaap_DisclosureOfAdditionalInformationOnTangibleAssetsAbstract" xlink:label="DisclosureOfAdditionalInformationOnTangibleAssetsAbstract"/>
    <presentationArc xlink:type="arc" xlink:arcrole="http://www.xbrl.org/2003/arcrole/parent-child" xlink:from="DisclosureOfTangibleAssetsLineItems" xlink:to="DisclosureOfAdditionalInformationOnTangibleAssetsAbstract" priority="0" order="7.0"/>
    <loc xlink:type="locator" xlink:href="../in-gaap-2012-03-31.xsd#in-gaap_TangibleAssetsCarryingAmountOfAssetsRetiredFromActiveUse" xlink:label="TangibleAssetsCarryingAmountOfAssetsRetiredFromActiveUse"/>
    <presentationArc xlink:type="arc" xlink:arcrole="http://www.xbrl.org/2003/arcrole/parent-child" xlink:from="DisclosureOfAdditionalInformationOnTangibleAssetsAbstract" xlink:to="TangibleAssetsCarryingAmountOfAssetsRetiredFromActiveUse" priority="0" order="1.0"/>
    <loc xlink:type="locator" xlink:href="../in-gaap-2012-03-31.xsd#in-gaap_AmountOfReductionOrIncreaseToTangibleAssetsDueToRevaluationOfAssetsOrReductionOfCapitalAsApplicableExplanatoryTextBlock" xlink:label="AmountOfReductionOrIncreaseToTangibleAssetsDueToRevaluationOfAssetsOrReductionOfCapitalAsApplicableExplanatoryTextBlock"/>
    <presentationArc xlink:type="arc" xlink:arcrole="http://www.xbrl.org/2003/arcrole/parent-child" xlink:from="DisclosureOfAdditionalInformationOnTangibleAssetsAbstract" xlink:to="AmountOfReductionOrIncreaseToTangibleAssetsDueToRevaluationOfAssetsOrReductionOfCapitalAsApplicableExplanatoryTextBlock" priority="0" order="2.0"/>
    <loc xlink:type="locator" xlink:href="../in-gaap-2012-03-31.xsd#in-gaap_DateOfSuchReductionOrIncreaseToTangibleAssetsExplanatoryTextBlock" xlink:label="DateOfSuchReductionOrIncreaseToTangibleAssetsExplanatoryTextBlock"/>
    <presentationArc xlink:type="arc" xlink:arcrole="http://www.xbrl.org/2003/arcrole/parent-child" xlink:from="DisclosureOfAdditionalInformationOnTangibleAssetsAbstract" xlink:to="DateOfSuchReductionOrIncreaseToTangibleAssetsExplanatoryTextBlock" priority="0" order="3.0"/>
    <loc xlink:type="locator" xlink:href="../in-gaap-2012-03-31.xsd#in-gaap_TangibleAssetsRestrictionsOnTitleAbstract" xlink:label="TangibleAssetsRestrictionsOnTitleAbstract"/>
    <presentationArc xlink:type="arc" xlink:arcrole="http://www.xbrl.org/2003/arcrole/parent-child" xlink:from="DisclosureOfAdditionalInformationOnTangibleAssetsAbstract" xlink:to="TangibleAssetsRestrictionsOnTitleAbstract" priority="0" order="4.0"/>
    <loc xlink:type="locator" xlink:href="../in-gaap-2012-03-31.xsd#in-gaap_DescriptionOfExistenceOfRestrictionsOnTitleTangibleAssets" xlink:label="DescriptionOfExistenceOfRestrictionsOnTitleTangibleAssets"/>
    <presentationArc xlink:type="arc" xlink:arcrole="http://www.xbrl.org/2003/arcrole/parent-child" xlink:from="TangibleAssetsRestrictionsOnTitleAbstract" xlink:to="DescriptionOfExistenceOfRestrictionsOnTitleTangibleAssets" priority="0" order="1.0"/>
    <loc xlink:type="locator" xlink:href="../in-gaap-2012-03-31.xsd#in-gaap_TangibleAssetsPurchasedOnHirePurchase" xlink:label="TangibleAssetsPurchasedOnHirePurchase"/>
    <presentationArc xlink:type="arc" xlink:arcrole="http://www.xbrl.org/2003/arcrole/parent-child" xlink:from="TangibleAssetsRestrictionsOnTitleAbstract" xlink:to="TangibleAssetsPurchasedOnHirePurchase" priority="0" order="2.0"/>
    <loc xlink:type="locator" xlink:href="../in-gaap-2012-03-31.xsd#in-gaap_TangibleAssetsJointlyOwnedByEnterpriseAndAccountedForOnProRataBasis" xlink:label="TangibleAssetsJointlyOwnedByEnterpriseAndAccountedForOnProRataBasis"/>
    <presentationArc xlink:type="arc" xlink:arcrole="http://www.xbrl.org/2003/arcrole/parent-child" xlink:from="TangibleAssetsRestrictionsOnTitleAbstract" xlink:to="TangibleAssetsJointlyOwnedByEnterpriseAndAccountedForOnProRataBasis" priority="0" order="3.0"/>
    <loc xlink:type="locator" xlink:href="../in-gaap-2012-03-31.xsd#in-gaap_ExpenditureIncurredOnAccountOfTangibleAssetsInCourseOfConstructionOrAcquisition" xlink:label="ExpenditureIncurredOnAccountOfTangibleAssetsInCourseOfConstructionOrAcquisition"/>
    <presentationArc xlink:type="arc" xlink:arcrole="http://www.xbrl.org/2003/arcrole/parent-child" xlink:from="DisclosureOfAdditionalInformationOnTangibleAssetsAbstract" xlink:to="ExpenditureIncurredOnAccountOfTangibleAssetsInCourseOfConstructionOrAcquisition" priority="0" order="5.0"/>
    <loc xlink:type="locator" xlink:href="../in-gaap-2012-03-31.xsd#in-gaap_ShareTangibleAssetsJointVenturesNet" xlink:label="ShareTangibleAssetsJointVenturesNet"/>
    <presentationArc xlink:type="arc" xlink:arcrole="http://www.xbrl.org/2003/arcrole/parent-child" xlink:from="DisclosureOfTangibleAssetsAbstract" xlink:to="ShareTangibleAssetsJointVenturesNet" priority="0" order="3.0"/>
  </presentationLink>
</linkbase>
