<?xml version="1.0" encoding="US-ASCII"?>
<!-- Generated by Fujitsu Interstage XWand B0166 -->
<linkbase xmlns="http://www.xbrl.org/2003/linkbase" xmlns:xsi="http://www.w3.org/2001/XMLSchema-instance" xmlns:xlink="http://www.w3.org/1999/xlink" xmlns:xbrli="http://www.xbrl.org/2003/instance">
  <roleRef roleURI="http://www.icai.org/xbrl/taxonomy/role/in-gaap/NotesCashFlowStatements" xlink:type="simple" xlink:href="../in-gaap-roles-2012-03-31.xsd#in-gaap-rol-202700"/>
  <roleRef roleURI="http://www.xbrl.org/2009/role/negatedLabel" xlink:type="simple" xlink:href="http://www.xbrl.org/lrr/role/negated-2009-12-16.xsd#negatedLabel"/>
  <presentationLink xlink:type="extended" xlink:role="http://www.icai.org/xbrl/taxonomy/role/in-gaap/NotesCashFlowStatements">
    <loc xlink:type="locator" xlink:href="../in-gaap-2012-03-31.xsd#in-gaap_DisclosureOfCashFlowStatementExplanatoryTextBlock" xlink:label="DisclosureOfCashFlowStatementExplanatoryTextBlock"/>
    <loc xlink:type="locator" xlink:href="../in-gaap-2012-03-31.xsd#in-gaap_ConsiderationPaidReceived" xlink:label="ConsiderationPaidReceived"/>
    <presentationArc xlink:type="arc" xlink:arcrole="http://www.xbrl.org/2003/arcrole/parent-child" xlink:from="DisclosureOfCashFlowStatementExplanatoryTextBlock" xlink:to="ConsiderationPaidReceived" priority="0" order="1.0"/>
    <loc xlink:type="locator" xlink:href="../in-gaap-2012-03-31.xsd#in-gaap_PortionOfConsiderationPaidReceivedConsistingOfCashAndCashEquivalents" xlink:label="PortionOfConsiderationPaidReceivedConsistingOfCashAndCashEquivalents"/>
    <presentationArc xlink:type="arc" xlink:arcrole="http://www.xbrl.org/2003/arcrole/parent-child" xlink:from="DisclosureOfCashFlowStatementExplanatoryTextBlock" xlink:to="PortionOfConsiderationPaidReceivedConsistingOfCashAndCashEquivalents" priority="0" order="2.0"/>
    <loc xlink:type="locator" xlink:href="../in-gaap-2012-03-31.xsd#in-gaap_DescriptionOfAccountingPolicyToDetermineComponentsOfCashAndCashEquivalentsTextBlock" xlink:label="DescriptionOfAccountingPolicyToDetermineComponentsOfCashAndCashEquivalentsTextBlock"/>
    <presentationArc xlink:type="arc" xlink:arcrole="http://www.xbrl.org/2003/arcrole/parent-child" xlink:from="DisclosureOfCashFlowStatementExplanatoryTextBlock" xlink:to="DescriptionOfAccountingPolicyToDetermineComponentsOfCashAndCashEquivalentsTextBlock" priority="0" order="3.0"/>
    <loc xlink:type="locator" xlink:href="../in-gaap-2012-03-31.xsd#in-gaap_CashAndCashEquivalentsIfDifferentFromBalanceSheetAbstract" xlink:label="CashAndCashEquivalentsIfDifferentFromBalanceSheetAbstract"/>
    <presentationArc xlink:type="arc" xlink:arcrole="http://www.xbrl.org/2003/arcrole/parent-child" xlink:from="DisclosureOfCashFlowStatementExplanatoryTextBlock" xlink:to="CashAndCashEquivalentsIfDifferentFromBalanceSheetAbstract" priority="0" order="4.0"/>
    <loc xlink:type="locator" xlink:href="../in-gaap-2012-03-31.xsd#in-gaap_CashAndCashEquivalents" xlink:label="CashAndCashEquivalents"/>
    <presentationArc xlink:type="arc" xlink:arcrole="http://www.xbrl.org/2003/arcrole/parent-child" xlink:from="CashAndCashEquivalentsIfDifferentFromBalanceSheetAbstract" xlink:to="CashAndCashEquivalents" priority="0" order="1.0"/>
    <loc xlink:type="locator" xlink:href="../in-gaap-2012-03-31.xsd#in-gaap_BankOverdraftsClassifiedAsCashEquivalents" xlink:label="BankOverdraftsClassifiedAsCashEquivalents"/>
    <presentationArc xlink:type="arc" xlink:arcrole="http://www.xbrl.org/2003/arcrole/parent-child" xlink:from="CashAndCashEquivalentsIfDifferentFromBalanceSheetAbstract" xlink:to="BankOverdraftsClassifiedAsCashEquivalents" priority="0" order="2.0" preferredLabel="http://www.xbrl.org/2009/role/negatedLabel"/>
    <loc xlink:type="locator" xlink:href="../in-gaap-2012-03-31.xsd#in-gaap_OtherDifferencesToCashAndCashEquivalentsInStatementOfCashFlows" xlink:label="OtherDifferencesToCashAndCashEquivalentsInStatementOfCashFlows"/>
    <presentationArc xlink:type="arc" xlink:arcrole="http://www.xbrl.org/2003/arcrole/parent-child" xlink:from="CashAndCashEquivalentsIfDifferentFromBalanceSheetAbstract" xlink:to="OtherDifferencesToCashAndCashEquivalentsInStatementOfCashFlows" priority="0" order="3.0" preferredLabel="http://www.xbrl.org/2009/role/negatedLabel"/>
    <loc xlink:type="locator" xlink:href="../in-gaap-2012-03-31.xsd#in-gaap_CashAndCashEquivalentsIfDifferentFromStatementOfFinancialPosition" xlink:label="CashAndCashEquivalentsIfDifferentFromStatementOfFinancialPosition"/>
    <presentationArc xlink:type="arc" xlink:arcrole="http://www.xbrl.org/2003/arcrole/parent-child" xlink:from="CashAndCashEquivalentsIfDifferentFromBalanceSheetAbstract" xlink:to="CashAndCashEquivalentsIfDifferentFromStatementOfFinancialPosition" priority="0" order="4.0" preferredLabel="http://www.xbrl.org/2003/role/totalLabel"/>
    <loc xlink:type="locator" xlink:href="../in-gaap-2012-03-31.xsd#in-gaap_DetailsOfNoncashInvestingAndFinancingTransactionsNotRequireUseOfCashOrCashEquivalentsAbstract" xlink:label="DetailsOfNoncashInvestingAndFinancingTransactionsNotRequireUseOfCashOrCashEquivalentsAbstract"/>
    <presentationArc xlink:type="arc" xlink:arcrole="http://www.xbrl.org/2003/arcrole/parent-child" xlink:from="DisclosureOfCashFlowStatementExplanatoryTextBlock" xlink:to="DetailsOfNoncashInvestingAndFinancingTransactionsNotRequireUseOfCashOrCashEquivalentsAbstract" priority="0" order="5.0"/>
    <loc xlink:type="locator" xlink:href="../in-gaap-2012-03-31.xsd#in-gaap_DetailsOfAcquisitionAssetsByDirectlyAssumingLiabilities" xlink:label="DetailsOfAcquisitionAssetsByDirectlyAssumingLiabilities"/>
    <presentationArc xlink:type="arc" xlink:arcrole="http://www.xbrl.org/2003/arcrole/parent-child" xlink:from="DetailsOfNoncashInvestingAndFinancingTransactionsNotRequireUseOfCashOrCashEquivalentsAbstract" xlink:to="DetailsOfAcquisitionAssetsByDirectlyAssumingLiabilities" priority="0" order="1.0"/>
    <loc xlink:type="locator" xlink:href="../in-gaap-2012-03-31.xsd#in-gaap_DetailsOfAcquisitionEnterprisesByMeansOfIssueOfShares" xlink:label="DetailsOfAcquisitionEnterprisesByMeansOfIssueOfShares"/>
    <presentationArc xlink:type="arc" xlink:arcrole="http://www.xbrl.org/2003/arcrole/parent-child" xlink:from="DetailsOfNoncashInvestingAndFinancingTransactionsNotRequireUseOfCashOrCashEquivalentsAbstract" xlink:to="DetailsOfAcquisitionEnterprisesByMeansOfIssueOfShares" priority="0" order="2.0"/>
    <loc xlink:type="locator" xlink:href="../in-gaap-2012-03-31.xsd#in-gaap_DetailsOfConversionOfDebtToEquity" xlink:label="DetailsOfConversionOfDebtToEquity"/>
    <presentationArc xlink:type="arc" xlink:arcrole="http://www.xbrl.org/2003/arcrole/parent-child" xlink:from="DetailsOfNoncashInvestingAndFinancingTransactionsNotRequireUseOfCashOrCashEquivalentsAbstract" xlink:to="DetailsOfConversionOfDebtToEquity" priority="0" order="3.0"/>
    <loc xlink:type="locator" xlink:href="../in-gaap-2012-03-31.xsd#in-gaap_DetailsOfAnyOtherNoncashInvestingAndFinancingActivities" xlink:label="DetailsOfAnyOtherNoncashInvestingAndFinancingActivities"/>
    <presentationArc xlink:type="arc" xlink:arcrole="http://www.xbrl.org/2003/arcrole/parent-child" xlink:from="DetailsOfNoncashInvestingAndFinancingTransactionsNotRequireUseOfCashOrCashEquivalentsAbstract" xlink:to="DetailsOfAnyOtherNoncashInvestingAndFinancingActivities" priority="0" order="4.0"/>
    <loc xlink:type="locator" xlink:href="../in-gaap-2012-03-31.xsd#in-gaap_DescriptionOfAcquisitionOfAssetsByAssumingDirectlyRelatedLiabilities" xlink:label="DescriptionOfAcquisitionOfAssetsByAssumingDirectlyRelatedLiabilities"/>
    <presentationArc xlink:type="arc" xlink:arcrole="http://www.xbrl.org/2003/arcrole/parent-child" xlink:from="DisclosureOfCashFlowStatementExplanatoryTextBlock" xlink:to="DescriptionOfAcquisitionOfAssetsByAssumingDirectlyRelatedLiabilities" priority="0" order="6.0"/>
    <loc xlink:type="locator" xlink:href="../in-gaap-2012-03-31.xsd#in-gaap_DescriptionOfAcquisitionOfEntityByMeansOfIssueOfShares" xlink:label="DescriptionOfAcquisitionOfEntityByMeansOfIssueOfShares"/>
    <presentationArc xlink:type="arc" xlink:arcrole="http://www.xbrl.org/2003/arcrole/parent-child" xlink:from="DisclosureOfCashFlowStatementExplanatoryTextBlock" xlink:to="DescriptionOfAcquisitionOfEntityByMeansOfIssueOfShares" priority="0" order="7.0"/>
    <loc xlink:type="locator" xlink:href="../in-gaap-2012-03-31.xsd#in-gaap_DescriptionOfConversionOfDebtToEquity" xlink:label="DescriptionOfConversionOfDebtToEquity"/>
    <presentationArc xlink:type="arc" xlink:arcrole="http://www.xbrl.org/2003/arcrole/parent-child" xlink:from="DisclosureOfCashFlowStatementExplanatoryTextBlock" xlink:to="DescriptionOfConversionOfDebtToEquity" priority="0" order="8.0"/>
    <loc xlink:type="locator" xlink:href="../in-gaap-2012-03-31.xsd#in-gaap_CashAndCashEquivalentsHeldByEntityUnavailableForUseByGroup" xlink:label="CashAndCashEquivalentsHeldByEntityUnavailableForUseByGroup"/>
    <presentationArc xlink:type="arc" xlink:arcrole="http://www.xbrl.org/2003/arcrole/parent-child" xlink:from="DisclosureOfCashFlowStatementExplanatoryTextBlock" xlink:to="CashAndCashEquivalentsHeldByEntityUnavailableForUseByGroup" priority="0" order="9.0"/>
    <loc xlink:type="locator" xlink:href="../in-gaap-2012-03-31.xsd#in-gaap_CommentaryByManagementOnSignificantCashAndCashEquivalentBalancesHeldByEntityThatAreNotAvailableForUseByGroup" xlink:label="CommentaryByManagementOnSignificantCashAndCashEquivalentBalancesHeldByEntityThatAreNotAvailableForUseByGroup"/>
    <presentationArc xlink:type="arc" xlink:arcrole="http://www.xbrl.org/2003/arcrole/parent-child" xlink:from="DisclosureOfCashFlowStatementExplanatoryTextBlock" xlink:to="CommentaryByManagementOnSignificantCashAndCashEquivalentBalancesHeldByEntityThatAreNotAvailableForUseByGroup" priority="0" order="10.0"/>
    <loc xlink:type="locator" xlink:href="../in-gaap-2012-03-31.xsd#in-gaap_DisclosureOfAdditionalInformationAboutUnderstandingFinancialPositionsAndLiquidityOfEntityExplanatoryTextBlock" xlink:label="DisclosureOfAdditionalInformationAboutUnderstandingFinancialPositionsAndLiquidityOfEntityExplanatoryTextBlock"/>
    <presentationArc xlink:type="arc" xlink:arcrole="http://www.xbrl.org/2003/arcrole/parent-child" xlink:from="DisclosureOfCashFlowStatementExplanatoryTextBlock" xlink:to="DisclosureOfAdditionalInformationAboutUnderstandingFinancialPositionsAndLiquidityOfEntityExplanatoryTextBlock" priority="0" order="11.0"/>
    <loc xlink:type="locator" xlink:href="../in-gaap-2012-03-31.xsd#in-gaap_UndrawnBorrowingFacilities" xlink:label="UndrawnBorrowingFacilities"/>
    <presentationArc xlink:type="arc" xlink:arcrole="http://www.xbrl.org/2003/arcrole/parent-child" xlink:from="DisclosureOfAdditionalInformationAboutUnderstandingFinancialPositionsAndLiquidityOfEntityExplanatoryTextBlock" xlink:to="UndrawnBorrowingFacilities" priority="0" order="1.0"/>
    <loc xlink:type="locator" xlink:href="../in-gaap-2012-03-31.xsd#in-gaap_CashFlowsFromUsedInIncreasesInOperatingCapacity" xlink:label="CashFlowsFromUsedInIncreasesInOperatingCapacity"/>
    <presentationArc xlink:type="arc" xlink:arcrole="http://www.xbrl.org/2003/arcrole/parent-child" xlink:from="DisclosureOfAdditionalInformationAboutUnderstandingFinancialPositionsAndLiquidityOfEntityExplanatoryTextBlock" xlink:to="CashFlowsFromUsedInIncreasesInOperatingCapacity" priority="0" order="2.0"/>
    <loc xlink:type="locator" xlink:href="../in-gaap-2012-03-31.xsd#in-gaap_CashFlowsFromUsedInMaintainingOperatingCapacity" xlink:label="CashFlowsFromUsedInMaintainingOperatingCapacity"/>
    <presentationArc xlink:type="arc" xlink:arcrole="http://www.xbrl.org/2003/arcrole/parent-child" xlink:from="DisclosureOfAdditionalInformationAboutUnderstandingFinancialPositionsAndLiquidityOfEntityExplanatoryTextBlock" xlink:to="CashFlowsFromUsedInMaintainingOperatingCapacity" priority="0" order="3.0"/>
    <loc xlink:type="locator" xlink:href="../in-gaap-2012-03-31.xsd#in-gaap_IncomeTaxesPaidRefundAbstract" xlink:label="IncomeTaxesPaidRefundAbstract"/>
    <presentationArc xlink:type="arc" xlink:arcrole="http://www.xbrl.org/2003/arcrole/parent-child" xlink:from="DisclosureOfCashFlowStatementExplanatoryTextBlock" xlink:to="IncomeTaxesPaidRefundAbstract" priority="0" order="12.0"/>
    <loc xlink:type="locator" xlink:href="../in-gaap-2012-03-31.xsd#in-gaap_IncomeTaxesPaidRefundClassifiedAsOperatingActivities" xlink:label="IncomeTaxesPaidRefundClassifiedAsOperatingActivities"/>
    <presentationArc xlink:type="arc" xlink:arcrole="http://www.xbrl.org/2003/arcrole/parent-child" xlink:from="IncomeTaxesPaidRefundAbstract" xlink:to="IncomeTaxesPaidRefundClassifiedAsOperatingActivities" priority="0" order="1.0"/>
    <loc xlink:type="locator" xlink:href="../in-gaap-2012-03-31.xsd#in-gaap_IncomeTaxesPaidRefundClassifiedAsInvestingActivities" xlink:label="IncomeTaxesPaidRefundClassifiedAsInvestingActivities"/>
    <presentationArc xlink:type="arc" xlink:arcrole="http://www.xbrl.org/2003/arcrole/parent-child" xlink:from="IncomeTaxesPaidRefundAbstract" xlink:to="IncomeTaxesPaidRefundClassifiedAsInvestingActivities" priority="0" order="2.0"/>
    <loc xlink:type="locator" xlink:href="../in-gaap-2012-03-31.xsd#in-gaap_IncomeTaxesPaidRefundClassifiedAsFinancingActivities" xlink:label="IncomeTaxesPaidRefundClassifiedAsFinancingActivities"/>
    <presentationArc xlink:type="arc" xlink:arcrole="http://www.xbrl.org/2003/arcrole/parent-child" xlink:from="IncomeTaxesPaidRefundAbstract" xlink:to="IncomeTaxesPaidRefundClassifiedAsFinancingActivities" priority="0" order="3.0"/>
    <loc xlink:type="locator" xlink:href="../in-gaap-2012-03-31.xsd#in-gaap_IncomeTaxesPaidRefund" xlink:label="IncomeTaxesPaidRefund"/>
    <presentationArc xlink:type="arc" xlink:arcrole="http://www.xbrl.org/2003/arcrole/parent-child" xlink:from="IncomeTaxesPaidRefundAbstract" xlink:to="IncomeTaxesPaidRefund" priority="0" order="4.0" preferredLabel="http://www.xbrl.org/2003/role/totalLabel"/>
  </presentationLink>
</linkbase>
