<?xml version="1.0" encoding="US-ASCII"?>
<!-- Generated by Fujitsu Interstage XWand B0166 -->
<linkbase xmlns="http://www.xbrl.org/2003/linkbase" xmlns:xsi="http://www.w3.org/2001/XMLSchema-instance" xmlns:xlink="http://www.w3.org/1999/xlink" xmlns:xbrli="http://www.xbrl.org/2003/instance">
  <roleRef roleURI="http://www.icai.org/xbrl/taxonomy/role/in-gaap/NotesEarningsPerShare" xlink:type="simple" xlink:href="../in-gaap-roles-2012-03-31.xsd#in-gaap-rol-300300"/>
  <presentationLink xlink:type="extended" xlink:role="http://www.icai.org/xbrl/taxonomy/role/in-gaap/NotesEarningsPerShare">
    <loc xlink:type="locator" xlink:href="../in-gaap-2012-03-31.xsd#in-gaap_DisclosureOfEarningsPerShareExplanatoryTextBlock" xlink:label="DisclosureOfEarningsPerShareExplanatoryTextBlock"/>
    <loc xlink:type="locator" xlink:href="../in-gaap-2012-03-31.xsd#in-gaap_WeightedAverageSharesAndAdjustedWeightedAverageSharesAbstract" xlink:label="WeightedAverageSharesAndAdjustedWeightedAverageSharesAbstract"/>
    <presentationArc xlink:type="arc" xlink:arcrole="http://www.xbrl.org/2003/arcrole/parent-child" xlink:from="DisclosureOfEarningsPerShareExplanatoryTextBlock" xlink:to="WeightedAverageSharesAndAdjustedWeightedAverageSharesAbstract" priority="0" order="1.0"/>
    <loc xlink:type="locator" xlink:href="../in-gaap-2012-03-31.xsd#in-gaap_BasicWeightedAverageShares" xlink:label="BasicWeightedAverageShares"/>
    <presentationArc xlink:type="arc" xlink:arcrole="http://www.xbrl.org/2003/arcrole/parent-child" xlink:from="WeightedAverageSharesAndAdjustedWeightedAverageSharesAbstract" xlink:to="BasicWeightedAverageShares" priority="0" order="1.0"/>
    <loc xlink:type="locator" xlink:href="../in-gaap-2012-03-31.xsd#in-gaap_AdjustedWeightedAverageShares" xlink:label="AdjustedWeightedAverageShares"/>
    <presentationArc xlink:type="arc" xlink:arcrole="http://www.xbrl.org/2003/arcrole/parent-child" xlink:from="WeightedAverageSharesAndAdjustedWeightedAverageSharesAbstract" xlink:to="AdjustedWeightedAverageShares" priority="0" order="2.0"/>
    <loc xlink:type="locator" xlink:href="../in-gaap-2012-03-31.xsd#in-gaap_DilutedWeightedAverageShares" xlink:label="DilutedWeightedAverageShares"/>
    <presentationArc xlink:type="arc" xlink:arcrole="http://www.xbrl.org/2003/arcrole/parent-child" xlink:from="WeightedAverageSharesAndAdjustedWeightedAverageSharesAbstract" xlink:to="DilutedWeightedAverageShares" priority="0" order="3.0"/>
    <loc xlink:type="locator" xlink:href="../in-gaap-2012-03-31.xsd#in-gaap_AdjustmentsOfNumeratorToCalculateBasicEarningsPerShareAbstract" xlink:label="AdjustmentsOfNumeratorToCalculateBasicEarningsPerShareAbstract"/>
    <presentationArc xlink:type="arc" xlink:arcrole="http://www.xbrl.org/2003/arcrole/parent-child" xlink:from="DisclosureOfEarningsPerShareExplanatoryTextBlock" xlink:to="AdjustmentsOfNumeratorToCalculateBasicEarningsPerShareAbstract" priority="0" order="2.0"/>
    <loc xlink:type="locator" xlink:href="../in-gaap-2012-03-31.xsd#in-gaap_NumeratorToCalculateBasicAndDilutedEarningsPerShare" xlink:label="NumeratorToCalculateBasicAndDilutedEarningsPerShare"/>
    <presentationArc xlink:type="arc" xlink:arcrole="http://www.xbrl.org/2003/arcrole/parent-child" xlink:from="AdjustmentsOfNumeratorToCalculateBasicEarningsPerShareAbstract" xlink:to="NumeratorToCalculateBasicAndDilutedEarningsPerShare" priority="0" order="1.0"/>
    <loc xlink:type="locator" xlink:href="../in-gaap-2012-03-31.xsd#in-gaap_AdjustmentsToReconcileNumeratorToNetProfitOrLossAsPerStatementOfProfitOrLoss" xlink:label="AdjustmentsToReconcileNumeratorToNetProfitOrLossAsPerStatementOfProfitOrLoss"/>
    <presentationArc xlink:type="arc" xlink:arcrole="http://www.xbrl.org/2003/arcrole/parent-child" xlink:from="AdjustmentsOfNumeratorToCalculateBasicEarningsPerShareAbstract" xlink:to="AdjustmentsToReconcileNumeratorToNetProfitOrLossAsPerStatementOfProfitOrLoss" priority="0" order="2.0"/>
    <loc xlink:type="locator" xlink:href="../in-gaap-2012-03-31.xsd#in-gaap_ProfitLossForPeriod" xlink:label="ProfitLossForPeriod"/>
    <presentationArc xlink:type="arc" xlink:arcrole="http://www.xbrl.org/2003/arcrole/parent-child" xlink:from="AdjustmentsOfNumeratorToCalculateBasicEarningsPerShareAbstract" xlink:to="ProfitLossForPeriod" priority="0" order="3.0"/>
    <loc xlink:type="locator" xlink:href="../in-gaap-2012-03-31.xsd#in-gaap_AdjustmentsOfNumeratorToCalculateDilutedEarningsPerShareAbstract" xlink:label="AdjustmentsOfNumeratorToCalculateDilutedEarningsPerShareAbstract"/>
    <presentationArc xlink:type="arc" xlink:arcrole="http://www.xbrl.org/2003/arcrole/parent-child" xlink:from="DisclosureOfEarningsPerShareExplanatoryTextBlock" xlink:to="AdjustmentsOfNumeratorToCalculateDilutedEarningsPerShareAbstract" priority="0" order="3.0"/>
    <loc xlink:type="locator" xlink:href="../in-gaap-2012-03-31.xsd#in-gaap_NumeratorToCalculateDilutedEarningsPerShare" xlink:label="NumeratorToCalculateDilutedEarningsPerShare"/>
    <presentationArc xlink:type="arc" xlink:arcrole="http://www.xbrl.org/2003/arcrole/parent-child" xlink:from="AdjustmentsOfNumeratorToCalculateDilutedEarningsPerShareAbstract" xlink:to="NumeratorToCalculateDilutedEarningsPerShare" priority="0" order="1.0"/>
    <loc xlink:type="locator" xlink:href="../in-gaap-2012-03-31.xsd#in-gaap_AdjustmentsToReconcileNumeratorToCalculateDilutedEarningPerShareToNetProfitOrLossAsPerStatementOfProfitOrLoss" xlink:label="AdjustmentsToReconcileNumeratorToCalculateDilutedEarningPerShareToNetProfitOrLossAsPerStatementOfProfitOrLoss"/>
    <presentationArc xlink:type="arc" xlink:arcrole="http://www.xbrl.org/2003/arcrole/parent-child" xlink:from="AdjustmentsOfNumeratorToCalculateDilutedEarningsPerShareAbstract" xlink:to="AdjustmentsToReconcileNumeratorToCalculateDilutedEarningPerShareToNetProfitOrLossAsPerStatementOfProfitOrLoss" priority="0" order="2.0"/>
    <loc xlink:type="locator" xlink:href="../in-gaap-2012-03-31.xsd#in-gaap_ProfitLossForPeriod" xlink:label="ProfitLossForPeriod_2"/>
    <presentationArc xlink:type="arc" xlink:arcrole="http://www.xbrl.org/2003/arcrole/parent-child" xlink:from="AdjustmentsOfNumeratorToCalculateDilutedEarningsPerShareAbstract" xlink:to="ProfitLossForPeriod_2" priority="0" order="3.0"/>
    <loc xlink:type="locator" xlink:href="../in-gaap-2012-03-31.xsd#in-gaap_DescriptionOfTransactionsAfterReportingPeriodWithSignificantChangeInNumberOfEquitySharesOutstanding" xlink:label="DescriptionOfTransactionsAfterReportingPeriodWithSignificantChangeInNumberOfEquitySharesOutstanding"/>
    <presentationArc xlink:type="arc" xlink:arcrole="http://www.xbrl.org/2003/arcrole/parent-child" xlink:from="DisclosureOfEarningsPerShareExplanatoryTextBlock" xlink:to="DescriptionOfTransactionsAfterReportingPeriodWithSignificantChangeInNumberOfEquitySharesOutstanding" priority="0" order="4.0"/>
    <loc xlink:type="locator" xlink:href="../in-gaap-2012-03-31.xsd#in-gaap_DescriptionOfTransactionsAfterReportingPeriodWithSignificantChangeInNumberOfPotentialEquitySharesOutstanding" xlink:label="DescriptionOfTransactionsAfterReportingPeriodWithSignificantChangeInNumberOfPotentialEquitySharesOutstanding"/>
    <presentationArc xlink:type="arc" xlink:arcrole="http://www.xbrl.org/2003/arcrole/parent-child" xlink:from="DisclosureOfEarningsPerShareExplanatoryTextBlock" xlink:to="DescriptionOfTransactionsAfterReportingPeriodWithSignificantChangeInNumberOfPotentialEquitySharesOutstanding" priority="0" order="5.0"/>
    <loc xlink:type="locator" xlink:href="../in-gaap-2012-03-31.xsd#in-gaap_AdditionalDisclosureOfEquityShareTransactionsAfterBalanceSheetDateAbstract" xlink:label="AdditionalDisclosureOfEquityShareTransactionsAfterBalanceSheetDateAbstract"/>
    <presentationArc xlink:type="arc" xlink:arcrole="http://www.xbrl.org/2003/arcrole/parent-child" xlink:from="DisclosureOfEarningsPerShareExplanatoryTextBlock" xlink:to="AdditionalDisclosureOfEquityShareTransactionsAfterBalanceSheetDateAbstract" priority="0" order="6.0"/>
    <loc xlink:type="locator" xlink:href="../in-gaap-2012-03-31.xsd#in-gaap_DescriptionOfIssueOfSharesForCash" xlink:label="DescriptionOfIssueOfSharesForCash"/>
    <presentationArc xlink:type="arc" xlink:arcrole="http://www.xbrl.org/2003/arcrole/parent-child" xlink:from="AdditionalDisclosureOfEquityShareTransactionsAfterBalanceSheetDateAbstract" xlink:to="DescriptionOfIssueOfSharesForCash" priority="0" order="1.0"/>
    <loc xlink:type="locator" xlink:href="../in-gaap-2012-03-31.xsd#in-gaap_DescriptionOfIssueOfSharesWhenProceedsAreUsedToRepayDebt" xlink:label="DescriptionOfIssueOfSharesWhenProceedsAreUsedToRepayDebt"/>
    <presentationArc xlink:type="arc" xlink:arcrole="http://www.xbrl.org/2003/arcrole/parent-child" xlink:from="AdditionalDisclosureOfEquityShareTransactionsAfterBalanceSheetDateAbstract" xlink:to="DescriptionOfIssueOfSharesWhenProceedsAreUsedToRepayDebt" priority="0" order="2.0"/>
    <loc xlink:type="locator" xlink:href="../in-gaap-2012-03-31.xsd#in-gaap_DescriptionOfIssueOfSharesWhenProceedsAreUsedToRepayPreferenceSharesOutstandingAtBalanceSheetDate" xlink:label="DescriptionOfIssueOfSharesWhenProceedsAreUsedToRepayPreferenceSharesOutstandingAtBalanceSheetDate"/>
    <presentationArc xlink:type="arc" xlink:arcrole="http://www.xbrl.org/2003/arcrole/parent-child" xlink:from="AdditionalDisclosureOfEquityShareTransactionsAfterBalanceSheetDateAbstract" xlink:to="DescriptionOfIssueOfSharesWhenProceedsAreUsedToRepayPreferenceSharesOutstandingAtBalanceSheetDate" priority="0" order="3.0"/>
    <loc xlink:type="locator" xlink:href="../in-gaap-2012-03-31.xsd#in-gaap_DescriptionOfCancellationOfEquitySharesOutstandingAtBalanceSheetDate" xlink:label="DescriptionOfCancellationOfEquitySharesOutstandingAtBalanceSheetDate"/>
    <presentationArc xlink:type="arc" xlink:arcrole="http://www.xbrl.org/2003/arcrole/parent-child" xlink:from="AdditionalDisclosureOfEquityShareTransactionsAfterBalanceSheetDateAbstract" xlink:to="DescriptionOfCancellationOfEquitySharesOutstandingAtBalanceSheetDate" priority="0" order="4.0"/>
    <loc xlink:type="locator" xlink:href="../in-gaap-2012-03-31.xsd#in-gaap_DescriptionOfConversionOrExerciseOfPotentialEquitySharesOutstandingAtBalanceSheetDateIntoEquityShares" xlink:label="DescriptionOfConversionOrExerciseOfPotentialEquitySharesOutstandingAtBalanceSheetDateIntoEquityShares"/>
    <presentationArc xlink:type="arc" xlink:arcrole="http://www.xbrl.org/2003/arcrole/parent-child" xlink:from="AdditionalDisclosureOfEquityShareTransactionsAfterBalanceSheetDateAbstract" xlink:to="DescriptionOfConversionOrExerciseOfPotentialEquitySharesOutstandingAtBalanceSheetDateIntoEquityShares" priority="0" order="5.0"/>
    <loc xlink:type="locator" xlink:href="../in-gaap-2012-03-31.xsd#in-gaap_DescriptionOfIssueOfWarrantsOptionsOrConvertibleSecurities" xlink:label="DescriptionOfIssueOfWarrantsOptionsOrConvertibleSecurities"/>
    <presentationArc xlink:type="arc" xlink:arcrole="http://www.xbrl.org/2003/arcrole/parent-child" xlink:from="AdditionalDisclosureOfEquityShareTransactionsAfterBalanceSheetDateAbstract" xlink:to="DescriptionOfIssueOfWarrantsOptionsOrConvertibleSecurities" priority="0" order="6.0"/>
    <loc xlink:type="locator" xlink:href="../in-gaap-2012-03-31.xsd#in-gaap_DescriptionOfSatisfactionOfConditionsThatWouldResultInIssueOfContingentlyIssuableShares" xlink:label="DescriptionOfSatisfactionOfConditionsThatWouldResultInIssueOfContingentlyIssuableShares"/>
    <presentationArc xlink:type="arc" xlink:arcrole="http://www.xbrl.org/2003/arcrole/parent-child" xlink:from="AdditionalDisclosureOfEquityShareTransactionsAfterBalanceSheetDateAbstract" xlink:to="DescriptionOfSatisfactionOfConditionsThatWouldResultInIssueOfContingentlyIssuableShares" priority="0" order="7.0"/>
  </presentationLink>
</linkbase>
