<?xml version="1.0" encoding="US-ASCII"?>
<!-- Generated by Fujitsu Interstage XWand B0166 -->
<linkbase xmlns="http://www.xbrl.org/2003/linkbase" xmlns:xsi="http://www.w3.org/2001/XMLSchema-instance" xmlns:xlink="http://www.w3.org/1999/xlink" xmlns:xbrli="http://www.xbrl.org/2003/instance">
  <roleRef roleURI="http://www.icai.org/xbrl/taxonomy/role/in-gaap/NotesOtherProvisionsContingentLiabilitiesAndContingentAssets" xlink:type="simple" xlink:href="../in-gaap-roles-2012-03-31.xsd#in-gaap-rol-202100"/>
  <roleRef roleURI="http://www.xbrl.org/2009/role/negatedLabel" xlink:type="simple" xlink:href="http://www.xbrl.org/lrr/role/negated-2009-12-16.xsd#negatedLabel"/>
  <presentationLink xlink:type="extended" xlink:role="http://www.icai.org/xbrl/taxonomy/role/in-gaap/NotesOtherProvisionsContingentLiabilitiesAndContingentAssets">
    <loc xlink:type="locator" xlink:href="../in-gaap-2012-03-31.xsd#in-gaap_DisclosureOfNotesOnOtherProvisionsContingentLiabilitiesAndContingentAssetsExplanatoryTextBlock" xlink:label="DisclosureOfNotesOnOtherProvisionsContingentLiabilitiesAndContingentAssetsExplanatoryTextBlock"/>
    <loc xlink:type="locator" xlink:href="../in-gaap-2012-03-31.xsd#in-gaap_DisclosureOfOtherProvisionsExplanatoryTextBlock" xlink:label="DisclosureOfOtherProvisionsExplanatoryTextBlock"/>
    <presentationArc xlink:type="arc" xlink:arcrole="http://www.xbrl.org/2003/arcrole/parent-child" xlink:from="DisclosureOfNotesOnOtherProvisionsContingentLiabilitiesAndContingentAssetsExplanatoryTextBlock" xlink:to="DisclosureOfOtherProvisionsExplanatoryTextBlock" priority="0" order="1.0"/>
    <loc xlink:type="locator" xlink:href="../in-gaap-2012-03-31.xsd#in-gaap_DisclosureOfOtherProvisionsAbstract" xlink:label="DisclosureOfOtherProvisionsAbstract"/>
    <presentationArc xlink:type="arc" xlink:arcrole="http://www.xbrl.org/2003/arcrole/parent-child" xlink:from="DisclosureOfOtherProvisionsExplanatoryTextBlock" xlink:to="DisclosureOfOtherProvisionsAbstract" priority="0" order="1.0"/>
    <loc xlink:type="locator" xlink:href="../in-gaap-2012-03-31.xsd#in-gaap_DisclosureOfOtherProvisionsTable" xlink:label="DisclosureOfOtherProvisionsTable"/>
    <presentationArc xlink:type="arc" xlink:arcrole="http://www.xbrl.org/2003/arcrole/parent-child" xlink:from="DisclosureOfOtherProvisionsAbstract" xlink:to="DisclosureOfOtherProvisionsTable" priority="0" order="1.0"/>
    <loc xlink:type="locator" xlink:href="../in-gaap-2012-03-31.xsd#in-gaap_ClassesOfOtherProvisionsAxis" xlink:label="ClassesOfOtherProvisionsAxis"/>
    <presentationArc xlink:type="arc" xlink:arcrole="http://www.xbrl.org/2003/arcrole/parent-child" xlink:from="DisclosureOfOtherProvisionsTable" xlink:to="ClassesOfOtherProvisionsAxis" priority="0" order="1.0"/>
    <loc xlink:type="locator" xlink:href="../in-gaap-2012-03-31.xsd#in-gaap_CompanyTotalOtherProvisionsMember" xlink:label="CompanyTotalOtherProvisionsMember"/>
    <presentationArc xlink:type="arc" xlink:arcrole="http://www.xbrl.org/2003/arcrole/parent-child" xlink:from="ClassesOfOtherProvisionsAxis" xlink:to="CompanyTotalOtherProvisionsMember" priority="0" order="1.0"/>
    <loc xlink:type="locator" xlink:href="../in-gaap-2012-03-31.xsd#in-gaap_WarrantyProvisionMember" xlink:label="WarrantyProvisionMember"/>
    <presentationArc xlink:type="arc" xlink:arcrole="http://www.xbrl.org/2003/arcrole/parent-child" xlink:from="CompanyTotalOtherProvisionsMember" xlink:to="WarrantyProvisionMember" priority="0" order="1.0"/>
    <loc xlink:type="locator" xlink:href="../in-gaap-2012-03-31.xsd#in-gaap_RestructuringProvisionMember" xlink:label="RestructuringProvisionMember"/>
    <presentationArc xlink:type="arc" xlink:arcrole="http://www.xbrl.org/2003/arcrole/parent-child" xlink:from="CompanyTotalOtherProvisionsMember" xlink:to="RestructuringProvisionMember" priority="0" order="2.0"/>
    <loc xlink:type="locator" xlink:href="../in-gaap-2012-03-31.xsd#in-gaap_LegalProceedingsProvisionMember" xlink:label="LegalProceedingsProvisionMember"/>
    <presentationArc xlink:type="arc" xlink:arcrole="http://www.xbrl.org/2003/arcrole/parent-child" xlink:from="CompanyTotalOtherProvisionsMember" xlink:to="LegalProceedingsProvisionMember" priority="0" order="3.0"/>
    <loc xlink:type="locator" xlink:href="../in-gaap-2012-03-31.xsd#in-gaap_RefundsProvisionMember" xlink:label="RefundsProvisionMember"/>
    <presentationArc xlink:type="arc" xlink:arcrole="http://www.xbrl.org/2003/arcrole/parent-child" xlink:from="CompanyTotalOtherProvisionsMember" xlink:to="RefundsProvisionMember" priority="0" order="4.0"/>
    <loc xlink:type="locator" xlink:href="../in-gaap-2012-03-31.xsd#in-gaap_OnerousContractsProvisionMember" xlink:label="OnerousContractsProvisionMember"/>
    <presentationArc xlink:type="arc" xlink:arcrole="http://www.xbrl.org/2003/arcrole/parent-child" xlink:from="CompanyTotalOtherProvisionsMember" xlink:to="OnerousContractsProvisionMember" priority="0" order="5.0"/>
    <loc xlink:type="locator" xlink:href="../in-gaap-2012-03-31.xsd#in-gaap_ProvisionForDecommissioningRestorationAndRehabilitationCostsMember" xlink:label="ProvisionForDecommissioningRestorationAndRehabilitationCostsMember"/>
    <presentationArc xlink:type="arc" xlink:arcrole="http://www.xbrl.org/2003/arcrole/parent-child" xlink:from="CompanyTotalOtherProvisionsMember" xlink:to="ProvisionForDecommissioningRestorationAndRehabilitationCostsMember" priority="0" order="6.0"/>
    <loc xlink:type="locator" xlink:href="../in-gaap-2012-03-31.xsd#in-gaap_MiscellaneousOtherProvisionsMember" xlink:label="MiscellaneousOtherProvisionsMember"/>
    <presentationArc xlink:type="arc" xlink:arcrole="http://www.xbrl.org/2003/arcrole/parent-child" xlink:from="CompanyTotalOtherProvisionsMember" xlink:to="MiscellaneousOtherProvisionsMember" priority="0" order="7.0"/>
    <loc xlink:type="locator" xlink:href="../in-gaap-2012-03-31.xsd#in-gaap_DisclosureOfOtherProvisionsLineItems" xlink:label="DisclosureOfOtherProvisionsLineItems"/>
    <presentationArc xlink:type="arc" xlink:arcrole="http://www.xbrl.org/2003/arcrole/parent-child" xlink:from="DisclosureOfOtherProvisionsAbstract" xlink:to="DisclosureOfOtherProvisionsLineItems" priority="0" order="2.0"/>
    <loc xlink:type="locator" xlink:href="../in-gaap-2012-03-31.xsd#in-gaap_ReconciliationOfChangesInOtherProvisionsAbstract" xlink:label="ReconciliationOfChangesInOtherProvisionsAbstract"/>
    <presentationArc xlink:type="arc" xlink:arcrole="http://www.xbrl.org/2003/arcrole/parent-child" xlink:from="DisclosureOfOtherProvisionsLineItems" xlink:to="ReconciliationOfChangesInOtherProvisionsAbstract" priority="0" order="1.0"/>
    <loc xlink:type="locator" xlink:href="../in-gaap-2012-03-31.xsd#in-gaap_ChangesInOtherProvisionsAbstract" xlink:label="ChangesInOtherProvisionsAbstract"/>
    <presentationArc xlink:type="arc" xlink:arcrole="http://www.xbrl.org/2003/arcrole/parent-child" xlink:from="ReconciliationOfChangesInOtherProvisionsAbstract" xlink:to="ChangesInOtherProvisionsAbstract" priority="0" order="2.0"/>
    <loc xlink:type="locator" xlink:href="../in-gaap-2012-03-31.xsd#in-gaap_AdditionalProvisionsOtherProvisions" xlink:label="AdditionalProvisionsOtherProvisions"/>
    <presentationArc xlink:type="arc" xlink:arcrole="http://www.xbrl.org/2003/arcrole/parent-child" xlink:from="ChangesInOtherProvisionsAbstract" xlink:to="AdditionalProvisionsOtherProvisions" priority="0" order="1.0"/>
    <loc xlink:type="locator" xlink:href="../in-gaap-2012-03-31.xsd#in-gaap_IncreaseInExistingOtherProvisions" xlink:label="IncreaseInExistingOtherProvisions"/>
    <presentationArc xlink:type="arc" xlink:arcrole="http://www.xbrl.org/2003/arcrole/parent-child" xlink:from="ChangesInOtherProvisionsAbstract" xlink:to="IncreaseInExistingOtherProvisions" priority="0" order="2.0"/>
    <loc xlink:type="locator" xlink:href="../in-gaap-2012-03-31.xsd#in-gaap_ProvisionUsedOtherProvisions" xlink:label="ProvisionUsedOtherProvisions"/>
    <presentationArc xlink:type="arc" xlink:arcrole="http://www.xbrl.org/2003/arcrole/parent-child" xlink:from="ChangesInOtherProvisionsAbstract" xlink:to="ProvisionUsedOtherProvisions" priority="0" order="3.0" preferredLabel="http://www.xbrl.org/2009/role/negatedLabel"/>
    <loc xlink:type="locator" xlink:href="../in-gaap-2012-03-31.xsd#in-gaap_UnusedProvisionReversedOtherProvisions" xlink:label="UnusedProvisionReversedOtherProvisions"/>
    <presentationArc xlink:type="arc" xlink:arcrole="http://www.xbrl.org/2003/arcrole/parent-child" xlink:from="ChangesInOtherProvisionsAbstract" xlink:to="UnusedProvisionReversedOtherProvisions" priority="0" order="4.0" preferredLabel="http://www.xbrl.org/2009/role/negatedLabel"/>
    <loc xlink:type="locator" xlink:href="../in-gaap-2012-03-31.xsd#in-gaap_ChangesInOtherProvisions" xlink:label="ChangesInOtherProvisions"/>
    <presentationArc xlink:type="arc" xlink:arcrole="http://www.xbrl.org/2003/arcrole/parent-child" xlink:from="ChangesInOtherProvisionsAbstract" xlink:to="ChangesInOtherProvisions" priority="0" order="5.0" preferredLabel="http://www.xbrl.org/2003/role/totalLabel"/>
    <loc xlink:type="locator" xlink:href="../in-gaap-2012-03-31.xsd#in-gaap_OtherProvisions" xlink:label="OtherProvisions"/>
    <presentationArc xlink:type="arc" xlink:arcrole="http://www.xbrl.org/2003/arcrole/parent-child" xlink:from="ReconciliationOfChangesInOtherProvisionsAbstract" xlink:to="OtherProvisions" priority="0" order="1.0" preferredLabel="http://www.xbrl.org/2003/role/periodStartLabel"/>
    <loc xlink:type="locator" xlink:href="../in-gaap-2012-03-31.xsd#in-gaap_OtherProvisions" xlink:label="OtherProvisions_2"/>
    <presentationArc xlink:type="arc" xlink:arcrole="http://www.xbrl.org/2003/arcrole/parent-child" xlink:from="ReconciliationOfChangesInOtherProvisionsAbstract" xlink:to="OtherProvisions_2" priority="0" order="3.0" preferredLabel="http://www.xbrl.org/2003/role/periodEndLabel"/>
    <loc xlink:type="locator" xlink:href="../in-gaap-2012-03-31.xsd#in-gaap_DescriptionOfNatureOfObligationOtherProvisions" xlink:label="DescriptionOfNatureOfObligationOtherProvisions"/>
    <presentationArc xlink:type="arc" xlink:arcrole="http://www.xbrl.org/2003/arcrole/parent-child" xlink:from="DisclosureOfOtherProvisionsLineItems" xlink:to="DescriptionOfNatureOfObligationOtherProvisions" priority="0" order="2.0"/>
    <loc xlink:type="locator" xlink:href="../in-gaap-2012-03-31.xsd#in-gaap_DescriptionOfExpectedTimingOfOutflowsOtherProvisions" xlink:label="DescriptionOfExpectedTimingOfOutflowsOtherProvisions"/>
    <presentationArc xlink:type="arc" xlink:arcrole="http://www.xbrl.org/2003/arcrole/parent-child" xlink:from="DisclosureOfOtherProvisionsLineItems" xlink:to="DescriptionOfExpectedTimingOfOutflowsOtherProvisions" priority="0" order="3.0"/>
    <loc xlink:type="locator" xlink:href="../in-gaap-2012-03-31.xsd#in-gaap_IndicationOfUncertaintiesOfAmountOrTimingOfOutflowsOtherProvisions" xlink:label="IndicationOfUncertaintiesOfAmountOrTimingOfOutflowsOtherProvisions"/>
    <presentationArc xlink:type="arc" xlink:arcrole="http://www.xbrl.org/2003/arcrole/parent-child" xlink:from="DisclosureOfOtherProvisionsLineItems" xlink:to="IndicationOfUncertaintiesOfAmountOrTimingOfOutflowsOtherProvisions" priority="0" order="4.0"/>
    <loc xlink:type="locator" xlink:href="../in-gaap-2012-03-31.xsd#in-gaap_DescriptionOfMajorAssumptionsMadeConcerningFutureEventsOtherProvisions" xlink:label="DescriptionOfMajorAssumptionsMadeConcerningFutureEventsOtherProvisions"/>
    <presentationArc xlink:type="arc" xlink:arcrole="http://www.xbrl.org/2003/arcrole/parent-child" xlink:from="DisclosureOfOtherProvisionsLineItems" xlink:to="DescriptionOfMajorAssumptionsMadeConcerningFutureEventsOtherProvisions" priority="0" order="5.0"/>
    <loc xlink:type="locator" xlink:href="../in-gaap-2012-03-31.xsd#in-gaap_AssetRecognisedForExpectedReimbursementOtherProvisions" xlink:label="AssetRecognisedForExpectedReimbursementOtherProvisions"/>
    <presentationArc xlink:type="arc" xlink:arcrole="http://www.xbrl.org/2003/arcrole/parent-child" xlink:from="DisclosureOfOtherProvisionsLineItems" xlink:to="AssetRecognisedForExpectedReimbursementOtherProvisions" priority="0" order="6.0"/>
    <loc xlink:type="locator" xlink:href="../in-gaap-2012-03-31.xsd#in-gaap_ExpectedReimbursementOtherProvisions" xlink:label="ExpectedReimbursementOtherProvisions"/>
    <presentationArc xlink:type="arc" xlink:arcrole="http://www.xbrl.org/2003/arcrole/parent-child" xlink:from="DisclosureOfOtherProvisionsLineItems" xlink:to="ExpectedReimbursementOtherProvisions" priority="0" order="7.0"/>
    <loc xlink:type="locator" xlink:href="../in-gaap-2012-03-31.xsd#in-gaap_DisclosureOfContingentLiabilitiesExplanatoryTextBlock" xlink:label="DisclosureOfContingentLiabilitiesExplanatoryTextBlock"/>
    <presentationArc xlink:type="arc" xlink:arcrole="http://www.xbrl.org/2003/arcrole/parent-child" xlink:from="DisclosureOfNotesOnOtherProvisionsContingentLiabilitiesAndContingentAssetsExplanatoryTextBlock" xlink:to="DisclosureOfContingentLiabilitiesExplanatoryTextBlock" priority="0" order="2.0"/>
    <loc xlink:type="locator" xlink:href="../in-gaap-2012-03-31.xsd#in-gaap_DisclosureOfContingentLiabilitiesAbstract" xlink:label="DisclosureOfContingentLiabilitiesAbstract"/>
    <presentationArc xlink:type="arc" xlink:arcrole="http://www.xbrl.org/2003/arcrole/parent-child" xlink:from="DisclosureOfContingentLiabilitiesExplanatoryTextBlock" xlink:to="DisclosureOfContingentLiabilitiesAbstract" priority="0" order="1.0"/>
    <loc xlink:type="locator" xlink:href="../in-gaap-2012-03-31.xsd#in-gaap_DisclosureOfContingentLiabilitiesTable" xlink:label="DisclosureOfContingentLiabilitiesTable"/>
    <presentationArc xlink:type="arc" xlink:arcrole="http://www.xbrl.org/2003/arcrole/parent-child" xlink:from="DisclosureOfContingentLiabilitiesAbstract" xlink:to="DisclosureOfContingentLiabilitiesTable" priority="0" order="1.0"/>
    <loc xlink:type="locator" xlink:href="../in-gaap-2012-03-31.xsd#in-gaap_ClassesOfContingentLiabilitiesAxis" xlink:label="ClassesOfContingentLiabilitiesAxis"/>
    <presentationArc xlink:type="arc" xlink:arcrole="http://www.xbrl.org/2003/arcrole/parent-child" xlink:from="DisclosureOfContingentLiabilitiesTable" xlink:to="ClassesOfContingentLiabilitiesAxis" priority="0" order="1.0"/>
    <loc xlink:type="locator" xlink:href="../in-gaap-2012-03-31.xsd#in-gaap_CompanyTotalContingentLiabilitiesMember" xlink:label="CompanyTotalContingentLiabilitiesMember"/>
    <presentationArc xlink:type="arc" xlink:arcrole="http://www.xbrl.org/2003/arcrole/parent-child" xlink:from="ClassesOfContingentLiabilitiesAxis" xlink:to="CompanyTotalContingentLiabilitiesMember" priority="0" order="1.0"/>
    <loc xlink:type="locator" xlink:href="../in-gaap-2012-03-31.xsd#in-gaap_WarrantyContingentLiabilityMember" xlink:label="WarrantyContingentLiabilityMember"/>
    <presentationArc xlink:type="arc" xlink:arcrole="http://www.xbrl.org/2003/arcrole/parent-child" xlink:from="CompanyTotalContingentLiabilitiesMember" xlink:to="WarrantyContingentLiabilityMember" priority="0" order="1.0"/>
    <loc xlink:type="locator" xlink:href="../in-gaap-2012-03-31.xsd#in-gaap_RestructuringContingentLiabilityMember" xlink:label="RestructuringContingentLiabilityMember"/>
    <presentationArc xlink:type="arc" xlink:arcrole="http://www.xbrl.org/2003/arcrole/parent-child" xlink:from="CompanyTotalContingentLiabilitiesMember" xlink:to="RestructuringContingentLiabilityMember" priority="0" order="2.0"/>
    <loc xlink:type="locator" xlink:href="../in-gaap-2012-03-31.xsd#in-gaap_LegalProceedingsContingentLiabilityMember" xlink:label="LegalProceedingsContingentLiabilityMember"/>
    <presentationArc xlink:type="arc" xlink:arcrole="http://www.xbrl.org/2003/arcrole/parent-child" xlink:from="CompanyTotalContingentLiabilitiesMember" xlink:to="LegalProceedingsContingentLiabilityMember" priority="0" order="3.0"/>
    <loc xlink:type="locator" xlink:href="../in-gaap-2012-03-31.xsd#in-gaap_OnerousContractsContingentLiabilityMember" xlink:label="OnerousContractsContingentLiabilityMember"/>
    <presentationArc xlink:type="arc" xlink:arcrole="http://www.xbrl.org/2003/arcrole/parent-child" xlink:from="CompanyTotalContingentLiabilitiesMember" xlink:to="OnerousContractsContingentLiabilityMember" priority="0" order="4.0"/>
    <loc xlink:type="locator" xlink:href="../in-gaap-2012-03-31.xsd#in-gaap_ContingentLiabilityForDecommissioningRestorationAndRehabilitationCostsMember" xlink:label="ContingentLiabilityForDecommissioningRestorationAndRehabilitationCostsMember"/>
    <presentationArc xlink:type="arc" xlink:arcrole="http://www.xbrl.org/2003/arcrole/parent-child" xlink:from="CompanyTotalContingentLiabilitiesMember" xlink:to="ContingentLiabilityForDecommissioningRestorationAndRehabilitationCostsMember" priority="0" order="5.0"/>
    <loc xlink:type="locator" xlink:href="../in-gaap-2012-03-31.xsd#in-gaap_ContingentLiabilitiesOfJointVentureMember" xlink:label="ContingentLiabilitiesOfJointVentureMember"/>
    <presentationArc xlink:type="arc" xlink:arcrole="http://www.xbrl.org/2003/arcrole/parent-child" xlink:from="CompanyTotalContingentLiabilitiesMember" xlink:to="ContingentLiabilitiesOfJointVentureMember" priority="0" order="6.0"/>
    <loc xlink:type="locator" xlink:href="../in-gaap-2012-03-31.xsd#in-gaap_ContingenciesRelatedToGovernmentGrantMember" xlink:label="ContingenciesRelatedToGovernmentGrantMember"/>
    <presentationArc xlink:type="arc" xlink:arcrole="http://www.xbrl.org/2003/arcrole/parent-child" xlink:from="CompanyTotalContingentLiabilitiesMember" xlink:to="ContingenciesRelatedToGovernmentGrantMember" priority="0" order="7.0"/>
    <loc xlink:type="locator" xlink:href="../in-gaap-2012-03-31.xsd#in-gaap_ShareOfContingentLiabilitiesOfAssociatesMember" xlink:label="ShareOfContingentLiabilitiesOfAssociatesMember"/>
    <presentationArc xlink:type="arc" xlink:arcrole="http://www.xbrl.org/2003/arcrole/parent-child" xlink:from="CompanyTotalContingentLiabilitiesMember" xlink:to="ShareOfContingentLiabilitiesOfAssociatesMember" priority="0" order="8.0"/>
    <loc xlink:type="locator" xlink:href="../in-gaap-2012-03-31.xsd#in-gaap_OtherContingentLiabilitiesMember" xlink:label="OtherContingentLiabilitiesMember"/>
    <presentationArc xlink:type="arc" xlink:arcrole="http://www.xbrl.org/2003/arcrole/parent-child" xlink:from="CompanyTotalContingentLiabilitiesMember" xlink:to="OtherContingentLiabilitiesMember" priority="0" order="9.0"/>
    <loc xlink:type="locator" xlink:href="../in-gaap-2012-03-31.xsd#in-gaap_IndemnityForGuaranteesGivenByBankMember" xlink:label="IndemnityForGuaranteesGivenByBankMember"/>
    <presentationArc xlink:type="arc" xlink:arcrole="http://www.xbrl.org/2003/arcrole/parent-child" xlink:from="OtherContingentLiabilitiesMember" xlink:to="IndemnityForGuaranteesGivenByBankMember" priority="0" order="1.0"/>
    <loc xlink:type="locator" xlink:href="../in-gaap-2012-03-31.xsd#in-gaap_IndemnityForGuaranteesGivenByFinancialInstitutionsMember" xlink:label="IndemnityForGuaranteesGivenByFinancialInstitutionsMember"/>
    <presentationArc xlink:type="arc" xlink:arcrole="http://www.xbrl.org/2003/arcrole/parent-child" xlink:from="OtherContingentLiabilitiesMember" xlink:to="IndemnityForGuaranteesGivenByFinancialInstitutionsMember" priority="0" order="2.0"/>
    <loc xlink:type="locator" xlink:href="../in-gaap-2012-03-31.xsd#in-gaap_GuaranteeGivenForLetterOfCreditMember" xlink:label="GuaranteeGivenForLetterOfCreditMember"/>
    <presentationArc xlink:type="arc" xlink:arcrole="http://www.xbrl.org/2003/arcrole/parent-child" xlink:from="OtherContingentLiabilitiesMember" xlink:to="GuaranteeGivenForLetterOfCreditMember" priority="0" order="3.0"/>
    <loc xlink:type="locator" xlink:href="../in-gaap-2012-03-31.xsd#in-gaap_GuaranteeGivenForRelatedPartiesMember" xlink:label="GuaranteeGivenForRelatedPartiesMember"/>
    <presentationArc xlink:type="arc" xlink:arcrole="http://www.xbrl.org/2003/arcrole/parent-child" xlink:from="OtherContingentLiabilitiesMember" xlink:to="GuaranteeGivenForRelatedPartiesMember" priority="0" order="4.0"/>
    <loc xlink:type="locator" xlink:href="../in-gaap-2012-03-31.xsd#in-gaap_OtherGuaranteesGivenMember" xlink:label="OtherGuaranteesGivenMember"/>
    <presentationArc xlink:type="arc" xlink:arcrole="http://www.xbrl.org/2003/arcrole/parent-child" xlink:from="OtherContingentLiabilitiesMember" xlink:to="OtherGuaranteesGivenMember" priority="0" order="5.0"/>
    <loc xlink:type="locator" xlink:href="../in-gaap-2012-03-31.xsd#in-gaap_ContingentLiabilityOnBillDiscountedMember" xlink:label="ContingentLiabilityOnBillDiscountedMember"/>
    <presentationArc xlink:type="arc" xlink:arcrole="http://www.xbrl.org/2003/arcrole/parent-child" xlink:from="OtherContingentLiabilitiesMember" xlink:to="ContingentLiabilityOnBillDiscountedMember" priority="0" order="6.0"/>
    <loc xlink:type="locator" xlink:href="../in-gaap-2012-03-31.xsd#in-gaap_ContingentLiabilityOnUncalledLiabilityOnPartlyPaidUpSharesMember" xlink:label="ContingentLiabilityOnUncalledLiabilityOnPartlyPaidUpSharesMember"/>
    <presentationArc xlink:type="arc" xlink:arcrole="http://www.xbrl.org/2003/arcrole/parent-child" xlink:from="OtherContingentLiabilitiesMember" xlink:to="ContingentLiabilityOnUncalledLiabilityOnPartlyPaidUpSharesMember" priority="0" order="7.0"/>
    <loc xlink:type="locator" xlink:href="../in-gaap-2012-03-31.xsd#in-gaap_ContingentLiabilityOnDisputedTaxLiabilitiesRelatingToSalesServiceAndIncomeMember" xlink:label="ContingentLiabilityOnDisputedTaxLiabilitiesRelatingToSalesServiceAndIncomeMember"/>
    <presentationArc xlink:type="arc" xlink:arcrole="http://www.xbrl.org/2003/arcrole/parent-child" xlink:from="OtherContingentLiabilitiesMember" xlink:to="ContingentLiabilityOnDisputedTaxLiabilitiesRelatingToSalesServiceAndIncomeMember" priority="0" order="8.0"/>
    <loc xlink:type="locator" xlink:href="../in-gaap-2012-03-31.xsd#in-gaap_ContingentLiabilityOnDisputedSalesTaxMember" xlink:label="ContingentLiabilityOnDisputedSalesTaxMember"/>
    <presentationArc xlink:type="arc" xlink:arcrole="http://www.xbrl.org/2003/arcrole/parent-child" xlink:from="OtherContingentLiabilitiesMember" xlink:to="ContingentLiabilityOnDisputedSalesTaxMember" priority="0" order="9.0"/>
    <loc xlink:type="locator" xlink:href="../in-gaap-2012-03-31.xsd#in-gaap_ContingentLiabilityOnDisputedIncomeTaxMember" xlink:label="ContingentLiabilityOnDisputedIncomeTaxMember"/>
    <presentationArc xlink:type="arc" xlink:arcrole="http://www.xbrl.org/2003/arcrole/parent-child" xlink:from="OtherContingentLiabilitiesMember" xlink:to="ContingentLiabilityOnDisputedIncomeTaxMember" priority="0" order="10.0"/>
    <loc xlink:type="locator" xlink:href="../in-gaap-2012-03-31.xsd#in-gaap_ContingentLiabilityOnDisputedExciseDemandsMember" xlink:label="ContingentLiabilityOnDisputedExciseDemandsMember"/>
    <presentationArc xlink:type="arc" xlink:arcrole="http://www.xbrl.org/2003/arcrole/parent-child" xlink:from="OtherContingentLiabilitiesMember" xlink:to="ContingentLiabilityOnDisputedExciseDemandsMember" priority="0" order="11.0"/>
    <loc xlink:type="locator" xlink:href="../in-gaap-2012-03-31.xsd#in-gaap_ContingentLiabilityOnDisputedCustomDemandsMember" xlink:label="ContingentLiabilityOnDisputedCustomDemandsMember"/>
    <presentationArc xlink:type="arc" xlink:arcrole="http://www.xbrl.org/2003/arcrole/parent-child" xlink:from="OtherContingentLiabilitiesMember" xlink:to="ContingentLiabilityOnDisputedCustomDemandsMember" priority="0" order="12.0"/>
    <loc xlink:type="locator" xlink:href="../in-gaap-2012-03-31.xsd#in-gaap_ContingentLiabilityOnDisputedServiceTaxDemandsMember" xlink:label="ContingentLiabilityOnDisputedServiceTaxDemandsMember"/>
    <presentationArc xlink:type="arc" xlink:arcrole="http://www.xbrl.org/2003/arcrole/parent-child" xlink:from="OtherContingentLiabilitiesMember" xlink:to="ContingentLiabilityOnDisputedServiceTaxDemandsMember" priority="0" order="13.0"/>
    <loc xlink:type="locator" xlink:href="../in-gaap-2012-03-31.xsd#in-gaap_ContingentLiabilityOnOtherDisputedTaxLiabilitiesMember" xlink:label="ContingentLiabilityOnOtherDisputedTaxLiabilitiesMember"/>
    <presentationArc xlink:type="arc" xlink:arcrole="http://www.xbrl.org/2003/arcrole/parent-child" xlink:from="OtherContingentLiabilitiesMember" xlink:to="ContingentLiabilityOnOtherDisputedTaxLiabilitiesMember" priority="0" order="14.0"/>
    <loc xlink:type="locator" xlink:href="../in-gaap-2012-03-31.xsd#in-gaap_ContingentLiabilityOnDisputedLiabilityRelatingToEmployeesAndOtherStaffMember" xlink:label="ContingentLiabilityOnDisputedLiabilityRelatingToEmployeesAndOtherStaffMember"/>
    <presentationArc xlink:type="arc" xlink:arcrole="http://www.xbrl.org/2003/arcrole/parent-child" xlink:from="OtherContingentLiabilitiesMember" xlink:to="ContingentLiabilityOnDisputedLiabilityRelatingToEmployeesAndOtherStaffMember" priority="0" order="15.0"/>
    <loc xlink:type="locator" xlink:href="../in-gaap-2012-03-31.xsd#in-gaap_ContingentLiabilityRelatingToProvisionsUnderCompaniesActMember" xlink:label="ContingentLiabilityRelatingToProvisionsUnderCompaniesActMember"/>
    <presentationArc xlink:type="arc" xlink:arcrole="http://www.xbrl.org/2003/arcrole/parent-child" xlink:from="OtherContingentLiabilitiesMember" xlink:to="ContingentLiabilityRelatingToProvisionsUnderCompaniesActMember" priority="0" order="16.0"/>
    <loc xlink:type="locator" xlink:href="../in-gaap-2012-03-31.xsd#in-gaap_ContingentLiabilityInForeignExchangeMember" xlink:label="ContingentLiabilityInForeignExchangeMember"/>
    <presentationArc xlink:type="arc" xlink:arcrole="http://www.xbrl.org/2003/arcrole/parent-child" xlink:from="OtherContingentLiabilitiesMember" xlink:to="ContingentLiabilityInForeignExchangeMember" priority="0" order="17.0"/>
    <loc xlink:type="locator" xlink:href="../in-gaap-2012-03-31.xsd#in-gaap_ContingentLiabilitiesInRespectOfDerivativeTransactionsMember" xlink:label="ContingentLiabilitiesInRespectOfDerivativeTransactionsMember"/>
    <presentationArc xlink:type="arc" xlink:arcrole="http://www.xbrl.org/2003/arcrole/parent-child" xlink:from="OtherContingentLiabilitiesMember" xlink:to="ContingentLiabilitiesInRespectOfDerivativeTransactionsMember" priority="0" order="18.0"/>
    <loc xlink:type="locator" xlink:href="../in-gaap-2012-03-31.xsd#in-gaap_ContingentLiabilityOnLiquidatedDamagesForDelayInDeliveryOfGoodsMember" xlink:label="ContingentLiabilityOnLiquidatedDamagesForDelayInDeliveryOfGoodsMember"/>
    <presentationArc xlink:type="arc" xlink:arcrole="http://www.xbrl.org/2003/arcrole/parent-child" xlink:from="OtherContingentLiabilitiesMember" xlink:to="ContingentLiabilityOnLiquidatedDamagesForDelayInDeliveryOfGoodsMember" priority="0" order="19.0"/>
    <loc xlink:type="locator" xlink:href="../in-gaap-2012-03-31.xsd#in-gaap_ContingentLiabilityOnLeaseCommitmentsMember" xlink:label="ContingentLiabilityOnLeaseCommitmentsMember"/>
    <presentationArc xlink:type="arc" xlink:arcrole="http://www.xbrl.org/2003/arcrole/parent-child" xlink:from="OtherContingentLiabilitiesMember" xlink:to="ContingentLiabilityOnLeaseCommitmentsMember" priority="0" order="20.0"/>
    <loc xlink:type="locator" xlink:href="../in-gaap-2012-03-31.xsd#in-gaap_ContingentLiabilityOnEnvironmentalLiabilitiesMember" xlink:label="ContingentLiabilityOnEnvironmentalLiabilitiesMember"/>
    <presentationArc xlink:type="arc" xlink:arcrole="http://www.xbrl.org/2003/arcrole/parent-child" xlink:from="OtherContingentLiabilitiesMember" xlink:to="ContingentLiabilityOnEnvironmentalLiabilitiesMember" priority="0" order="21.0"/>
    <loc xlink:type="locator" xlink:href="../in-gaap-2012-03-31.xsd#in-gaap_ContingentLiabilityOnDisputedLiabilitiesPendingBeforeCourtMember" xlink:label="ContingentLiabilityOnDisputedLiabilitiesPendingBeforeCourtMember"/>
    <presentationArc xlink:type="arc" xlink:arcrole="http://www.xbrl.org/2003/arcrole/parent-child" xlink:from="OtherContingentLiabilitiesMember" xlink:to="ContingentLiabilityOnDisputedLiabilitiesPendingBeforeCourtMember" priority="0" order="22.0"/>
    <loc xlink:type="locator" xlink:href="../in-gaap-2012-03-31.xsd#in-gaap_ContingentLiabilitiesInRespectOfTechnologyKnowhowFeesRoyaltiesMember" xlink:label="ContingentLiabilitiesInRespectOfTechnologyKnowhowFeesRoyaltiesMember"/>
    <presentationArc xlink:type="arc" xlink:arcrole="http://www.xbrl.org/2003/arcrole/parent-child" xlink:from="OtherContingentLiabilitiesMember" xlink:to="ContingentLiabilitiesInRespectOfTechnologyKnowhowFeesRoyaltiesMember" priority="0" order="23.0"/>
    <loc xlink:type="locator" xlink:href="../in-gaap-2012-03-31.xsd#in-gaap_DisclosureOfContingentLiabilitiesLineItems" xlink:label="DisclosureOfContingentLiabilitiesLineItems"/>
    <presentationArc xlink:type="arc" xlink:arcrole="http://www.xbrl.org/2003/arcrole/parent-child" xlink:from="DisclosureOfContingentLiabilitiesAbstract" xlink:to="DisclosureOfContingentLiabilitiesLineItems" priority="0" order="2.0"/>
    <loc xlink:type="locator" xlink:href="../in-gaap-2012-03-31.xsd#in-gaap_DescriptionOfNatureOfContingentLiabilities" xlink:label="DescriptionOfNatureOfContingentLiabilities"/>
    <presentationArc xlink:type="arc" xlink:arcrole="http://www.xbrl.org/2003/arcrole/parent-child" xlink:from="DisclosureOfContingentLiabilitiesLineItems" xlink:to="DescriptionOfNatureOfContingentLiabilities" priority="0" order="1.0"/>
    <loc xlink:type="locator" xlink:href="../in-gaap-2012-03-31.xsd#in-gaap_IndicationOfUncertaintiesOfAmountOrTimingOfOutflowsContingentLiabilities" xlink:label="IndicationOfUncertaintiesOfAmountOrTimingOfOutflowsContingentLiabilities"/>
    <presentationArc xlink:type="arc" xlink:arcrole="http://www.xbrl.org/2003/arcrole/parent-child" xlink:from="DisclosureOfContingentLiabilitiesLineItems" xlink:to="IndicationOfUncertaintiesOfAmountOrTimingOfOutflowsContingentLiabilities" priority="0" order="2.0"/>
    <loc xlink:type="locator" xlink:href="../in-gaap-2012-03-31.xsd#in-gaap_EstimateOfFinancialEffectOfContingentLiabilities" xlink:label="EstimateOfFinancialEffectOfContingentLiabilities"/>
    <presentationArc xlink:type="arc" xlink:arcrole="http://www.xbrl.org/2003/arcrole/parent-child" xlink:from="DisclosureOfContingentLiabilitiesLineItems" xlink:to="EstimateOfFinancialEffectOfContingentLiabilities" priority="0" order="3.0"/>
    <loc xlink:type="locator" xlink:href="../in-gaap-2012-03-31.xsd#in-gaap_DescriptionOfStatementOfFactThatEstimateOfFinancialEffectOnContingentLiabilitiesCouldNotBeMade" xlink:label="DescriptionOfStatementOfFactThatEstimateOfFinancialEffectOnContingentLiabilitiesCouldNotBeMade"/>
    <presentationArc xlink:type="arc" xlink:arcrole="http://www.xbrl.org/2003/arcrole/parent-child" xlink:from="DisclosureOfContingentLiabilitiesLineItems" xlink:to="DescriptionOfStatementOfFactThatEstimateOfFinancialEffectOnContingentLiabilitiesCouldNotBeMade" priority="0" order="4.0"/>
    <loc xlink:type="locator" xlink:href="../in-gaap-2012-03-31.xsd#in-gaap_ExplanationOfPossibilityOfReimbursementContingentLiabilities" xlink:label="ExplanationOfPossibilityOfReimbursementContingentLiabilities"/>
    <presentationArc xlink:type="arc" xlink:arcrole="http://www.xbrl.org/2003/arcrole/parent-child" xlink:from="DisclosureOfContingentLiabilitiesLineItems" xlink:to="ExplanationOfPossibilityOfReimbursementContingentLiabilities" priority="0" order="5.0"/>
    <loc xlink:type="locator" xlink:href="../in-gaap-2012-03-31.xsd#in-gaap_InformationAboutContingentLiabilitiesThatDisclosureIsNotPracticable" xlink:label="InformationAboutContingentLiabilitiesThatDisclosureIsNotPracticable"/>
    <presentationArc xlink:type="arc" xlink:arcrole="http://www.xbrl.org/2003/arcrole/parent-child" xlink:from="DisclosureOfNotesOnOtherProvisionsContingentLiabilitiesAndContingentAssetsExplanatoryTextBlock" xlink:to="InformationAboutContingentLiabilitiesThatDisclosureIsNotPracticable" priority="0" order="3.0"/>
    <loc xlink:type="locator" xlink:href="../in-gaap-2012-03-31.xsd#in-gaap_ExplanationOfReasonForNondisclosureOfInformationRegardingContingentLiability" xlink:label="ExplanationOfReasonForNondisclosureOfInformationRegardingContingentLiability"/>
    <presentationArc xlink:type="arc" xlink:arcrole="http://www.xbrl.org/2003/arcrole/parent-child" xlink:from="DisclosureOfNotesOnOtherProvisionsContingentLiabilitiesAndContingentAssetsExplanatoryTextBlock" xlink:to="ExplanationOfReasonForNondisclosureOfInformationRegardingContingentLiability" priority="0" order="4.0"/>
  </presentationLink>
</linkbase>
