<?xml version="1.0" encoding="US-ASCII"?>
<!-- Generated by Fujitsu Interstage XWand B0166 -->
<linkbase xmlns="http://www.xbrl.org/2003/linkbase" xmlns:xsi="http://www.w3.org/2001/XMLSchema-instance" xmlns:xlink="http://www.w3.org/1999/xlink" xmlns:xbrli="http://www.xbrl.org/2003/instance">
  <roleRef roleURI="http://www.icai.org/xbrl/taxonomy/role/in-gaap/NotesIntangibleAssets" xlink:type="simple" xlink:href="../in-gaap-roles-2012-03-31.xsd#in-gaap-rol-201100"/>
  <roleRef roleURI="http://www.xbrl.org/2009/role/negatedLabel" xlink:type="simple" xlink:href="http://www.xbrl.org/lrr/role/negated-2009-12-16.xsd#negatedLabel"/>
  <presentationLink xlink:type="extended" xlink:role="http://www.icai.org/xbrl/taxonomy/role/in-gaap/NotesIntangibleAssets">
    <loc xlink:type="locator" xlink:href="../in-gaap-2012-03-31.xsd#in-gaap_CarryingAmountMember" xlink:label="CarryingAmountMember"/>
    <loc xlink:type="locator" xlink:href="../in-gaap-2012-03-31.xsd#in-gaap_GrossCarryingAmountMember" xlink:label="GrossCarryingAmountMember"/>
    <presentationArc xlink:type="arc" xlink:arcrole="http://www.xbrl.org/2003/arcrole/parent-child" xlink:from="CarryingAmountMember" xlink:to="GrossCarryingAmountMember" priority="0" order="1.0"/>
    <loc xlink:type="locator" xlink:href="../in-gaap-2012-03-31.xsd#in-gaap_AccumulatedAmortizationAndImpairmentMember" xlink:label="AccumulatedAmortizationAndImpairmentMember"/>
    <presentationArc xlink:type="arc" xlink:arcrole="http://www.xbrl.org/2003/arcrole/parent-child" xlink:from="CarryingAmountMember" xlink:to="AccumulatedAmortizationAndImpairmentMember" priority="0" order="2.0"/>
    <loc xlink:type="locator" xlink:href="../in-gaap-2012-03-31.xsd#in-gaap_DisclosureOfNotesOnIntangibleAssetsExplanatoryTextBlock" xlink:label="DisclosureOfNotesOnIntangibleAssetsExplanatoryTextBlock"/>
    <loc xlink:type="locator" xlink:href="../in-gaap-2012-03-31.xsd#in-gaap_DisclosureOfIntangibleAssetsAbstract" xlink:label="DisclosureOfIntangibleAssetsAbstract"/>
    <presentationArc xlink:type="arc" xlink:arcrole="http://www.xbrl.org/2003/arcrole/parent-child" xlink:from="DisclosureOfNotesOnIntangibleAssetsExplanatoryTextBlock" xlink:to="DisclosureOfIntangibleAssetsAbstract" priority="0" order="1.0"/>
    <loc xlink:type="locator" xlink:href="../in-gaap-2012-03-31.xsd#in-gaap_DisclosureOfIntangibleAssetsTable" xlink:label="DisclosureOfIntangibleAssetsTable"/>
    <presentationArc xlink:type="arc" xlink:arcrole="http://www.xbrl.org/2003/arcrole/parent-child" xlink:from="DisclosureOfIntangibleAssetsAbstract" xlink:to="DisclosureOfIntangibleAssetsTable" priority="0" order="1.0"/>
    <loc xlink:type="locator" xlink:href="../in-gaap-2012-03-31.xsd#in-gaap_ClassesOfIntangibleAssetsAxis" xlink:label="ClassesOfIntangibleAssetsAxis"/>
    <presentationArc xlink:type="arc" xlink:arcrole="http://www.xbrl.org/2003/arcrole/parent-child" xlink:from="DisclosureOfIntangibleAssetsTable" xlink:to="ClassesOfIntangibleAssetsAxis" priority="0" order="1.0"/>
    <loc xlink:type="locator" xlink:href="../in-gaap-2012-03-31.xsd#in-gaap_CompanyTotalIntangibleAssetsMember" xlink:label="CompanyTotalIntangibleAssetsMember"/>
    <presentationArc xlink:type="arc" xlink:arcrole="http://www.xbrl.org/2003/arcrole/parent-child" xlink:from="ClassesOfIntangibleAssetsAxis" xlink:to="CompanyTotalIntangibleAssetsMember" priority="0" order="1.0"/>
    <loc xlink:type="locator" xlink:href="../in-gaap-2012-03-31.xsd#in-gaap_GoodwillMember" xlink:label="GoodwillMember"/>
    <presentationArc xlink:type="arc" xlink:arcrole="http://www.xbrl.org/2003/arcrole/parent-child" xlink:from="CompanyTotalIntangibleAssetsMember" xlink:to="GoodwillMember" priority="0" order="1.0"/>
    <loc xlink:type="locator" xlink:href="../in-gaap-2012-03-31.xsd#in-gaap_GoodwillOnConsolidationSubsidiariesMember" xlink:label="GoodwillOnConsolidationSubsidiariesMember"/>
    <presentationArc xlink:type="arc" xlink:arcrole="http://www.xbrl.org/2003/arcrole/parent-child" xlink:from="GoodwillMember" xlink:to="GoodwillOnConsolidationSubsidiariesMember" priority="0" order="1.0"/>
    <loc xlink:type="locator" xlink:href="../in-gaap-2012-03-31.xsd#in-gaap_GoodwillOnInvestmentsJointVenturesMember" xlink:label="GoodwillOnInvestmentsJointVenturesMember"/>
    <presentationArc xlink:type="arc" xlink:arcrole="http://www.xbrl.org/2003/arcrole/parent-child" xlink:from="GoodwillMember" xlink:to="GoodwillOnInvestmentsJointVenturesMember" priority="0" order="2.0"/>
    <loc xlink:type="locator" xlink:href="../in-gaap-2012-03-31.xsd#in-gaap_BrandsAndTradeMarksMember" xlink:label="BrandsAndTradeMarksMember"/>
    <presentationArc xlink:type="arc" xlink:arcrole="http://www.xbrl.org/2003/arcrole/parent-child" xlink:from="CompanyTotalIntangibleAssetsMember" xlink:to="BrandsAndTradeMarksMember" priority="0" order="2.0"/>
    <loc xlink:type="locator" xlink:href="../in-gaap-2012-03-31.xsd#in-gaap_BrandsMember" xlink:label="BrandsMember"/>
    <presentationArc xlink:type="arc" xlink:arcrole="http://www.xbrl.org/2003/arcrole/parent-child" xlink:from="BrandsAndTradeMarksMember" xlink:to="BrandsMember" priority="0" order="1.0"/>
    <loc xlink:type="locator" xlink:href="../in-gaap-2012-03-31.xsd#in-gaap_TradeMarksMember" xlink:label="TradeMarksMember"/>
    <presentationArc xlink:type="arc" xlink:arcrole="http://www.xbrl.org/2003/arcrole/parent-child" xlink:from="BrandsAndTradeMarksMember" xlink:to="TradeMarksMember" priority="0" order="2.0"/>
    <loc xlink:type="locator" xlink:href="../in-gaap-2012-03-31.xsd#in-gaap_ComputerSoftwareMember" xlink:label="ComputerSoftwareMember"/>
    <presentationArc xlink:type="arc" xlink:arcrole="http://www.xbrl.org/2003/arcrole/parent-child" xlink:from="CompanyTotalIntangibleAssetsMember" xlink:to="ComputerSoftwareMember" priority="0" order="3.0"/>
    <loc xlink:type="locator" xlink:href="../in-gaap-2012-03-31.xsd#in-gaap_MastheadsAndPublishingTitlesMember" xlink:label="MastheadsAndPublishingTitlesMember"/>
    <presentationArc xlink:type="arc" xlink:arcrole="http://www.xbrl.org/2003/arcrole/parent-child" xlink:from="CompanyTotalIntangibleAssetsMember" xlink:to="MastheadsAndPublishingTitlesMember" priority="0" order="4.0"/>
    <loc xlink:type="locator" xlink:href="../in-gaap-2012-03-31.xsd#in-gaap_MiningRightsMember" xlink:label="MiningRightsMember"/>
    <presentationArc xlink:type="arc" xlink:arcrole="http://www.xbrl.org/2003/arcrole/parent-child" xlink:from="CompanyTotalIntangibleAssetsMember" xlink:to="MiningRightsMember" priority="0" order="5.0"/>
    <loc xlink:type="locator" xlink:href="../in-gaap-2012-03-31.xsd#in-gaap_CopyrightsPatentsAndOtherOperatingRightsMember" xlink:label="CopyrightsPatentsAndOtherOperatingRightsMember"/>
    <presentationArc xlink:type="arc" xlink:arcrole="http://www.xbrl.org/2003/arcrole/parent-child" xlink:from="CompanyTotalIntangibleAssetsMember" xlink:to="CopyrightsPatentsAndOtherOperatingRightsMember" priority="0" order="6.0"/>
    <loc xlink:type="locator" xlink:href="../in-gaap-2012-03-31.xsd#in-gaap_CopyrightsMember" xlink:label="CopyrightsMember"/>
    <presentationArc xlink:type="arc" xlink:arcrole="http://www.xbrl.org/2003/arcrole/parent-child" xlink:from="CopyrightsPatentsAndOtherOperatingRightsMember" xlink:to="CopyrightsMember" priority="0" order="1.0"/>
    <loc xlink:type="locator" xlink:href="../in-gaap-2012-03-31.xsd#in-gaap_PatentsMember" xlink:label="PatentsMember"/>
    <presentationArc xlink:type="arc" xlink:arcrole="http://www.xbrl.org/2003/arcrole/parent-child" xlink:from="CopyrightsPatentsAndOtherOperatingRightsMember" xlink:to="PatentsMember" priority="0" order="2.0"/>
    <loc xlink:type="locator" xlink:href="../in-gaap-2012-03-31.xsd#in-gaap_OtherIntellectualPropertyRightsMember" xlink:label="OtherIntellectualPropertyRightsMember"/>
    <presentationArc xlink:type="arc" xlink:arcrole="http://www.xbrl.org/2003/arcrole/parent-child" xlink:from="CopyrightsPatentsAndOtherOperatingRightsMember" xlink:to="OtherIntellectualPropertyRightsMember" priority="0" order="3.0"/>
    <loc xlink:type="locator" xlink:href="../in-gaap-2012-03-31.xsd#in-gaap_ServicesAndOperatingRightsMember" xlink:label="ServicesAndOperatingRightsMember"/>
    <presentationArc xlink:type="arc" xlink:arcrole="http://www.xbrl.org/2003/arcrole/parent-child" xlink:from="CopyrightsPatentsAndOtherOperatingRightsMember" xlink:to="ServicesAndOperatingRightsMember" priority="0" order="4.0"/>
    <loc xlink:type="locator" xlink:href="../in-gaap-2012-03-31.xsd#in-gaap_RecipesFormulaeModelsDesignsAndPrototypesMember" xlink:label="RecipesFormulaeModelsDesignsAndPrototypesMember"/>
    <presentationArc xlink:type="arc" xlink:arcrole="http://www.xbrl.org/2003/arcrole/parent-child" xlink:from="CompanyTotalIntangibleAssetsMember" xlink:to="RecipesFormulaeModelsDesignsAndPrototypesMember" priority="0" order="7.0"/>
    <loc xlink:type="locator" xlink:href="../in-gaap-2012-03-31.xsd#in-gaap_RecipesMember" xlink:label="RecipesMember"/>
    <presentationArc xlink:type="arc" xlink:arcrole="http://www.xbrl.org/2003/arcrole/parent-child" xlink:from="RecipesFormulaeModelsDesignsAndPrototypesMember" xlink:to="RecipesMember" priority="0" order="1.0"/>
    <loc xlink:type="locator" xlink:href="../in-gaap-2012-03-31.xsd#in-gaap_FormulaeMember" xlink:label="FormulaeMember"/>
    <presentationArc xlink:type="arc" xlink:arcrole="http://www.xbrl.org/2003/arcrole/parent-child" xlink:from="RecipesFormulaeModelsDesignsAndPrototypesMember" xlink:to="FormulaeMember" priority="0" order="2.0"/>
    <loc xlink:type="locator" xlink:href="../in-gaap-2012-03-31.xsd#in-gaap_ModelsMember" xlink:label="ModelsMember"/>
    <presentationArc xlink:type="arc" xlink:arcrole="http://www.xbrl.org/2003/arcrole/parent-child" xlink:from="RecipesFormulaeModelsDesignsAndPrototypesMember" xlink:to="ModelsMember" priority="0" order="3.0"/>
    <loc xlink:type="locator" xlink:href="../in-gaap-2012-03-31.xsd#in-gaap_DesignsMember" xlink:label="DesignsMember"/>
    <presentationArc xlink:type="arc" xlink:arcrole="http://www.xbrl.org/2003/arcrole/parent-child" xlink:from="RecipesFormulaeModelsDesignsAndPrototypesMember" xlink:to="DesignsMember" priority="0" order="4.0"/>
    <loc xlink:type="locator" xlink:href="../in-gaap-2012-03-31.xsd#in-gaap_PrototypesMember" xlink:label="PrototypesMember"/>
    <presentationArc xlink:type="arc" xlink:arcrole="http://www.xbrl.org/2003/arcrole/parent-child" xlink:from="RecipesFormulaeModelsDesignsAndPrototypesMember" xlink:to="PrototypesMember" priority="0" order="5.0"/>
    <loc xlink:type="locator" xlink:href="../in-gaap-2012-03-31.xsd#in-gaap_LicensesAndFranchiseMember" xlink:label="LicensesAndFranchiseMember"/>
    <presentationArc xlink:type="arc" xlink:arcrole="http://www.xbrl.org/2003/arcrole/parent-child" xlink:from="CompanyTotalIntangibleAssetsMember" xlink:to="LicensesAndFranchiseMember" priority="0" order="8.0"/>
    <loc xlink:type="locator" xlink:href="../in-gaap-2012-03-31.xsd#in-gaap_LicensesMember" xlink:label="LicensesMember"/>
    <presentationArc xlink:type="arc" xlink:arcrole="http://www.xbrl.org/2003/arcrole/parent-child" xlink:from="LicensesAndFranchiseMember" xlink:to="LicensesMember" priority="0" order="1.0"/>
    <loc xlink:type="locator" xlink:href="../in-gaap-2012-03-31.xsd#in-gaap_ExplorationLicenseMember" xlink:label="ExplorationLicenseMember"/>
    <presentationArc xlink:type="arc" xlink:arcrole="http://www.xbrl.org/2003/arcrole/parent-child" xlink:from="LicensesAndFranchiseMember" xlink:to="ExplorationLicenseMember" priority="0" order="2.0"/>
    <loc xlink:type="locator" xlink:href="../in-gaap-2012-03-31.xsd#in-gaap_FranchiseMember" xlink:label="FranchiseMember"/>
    <presentationArc xlink:type="arc" xlink:arcrole="http://www.xbrl.org/2003/arcrole/parent-child" xlink:from="LicensesAndFranchiseMember" xlink:to="FranchiseMember" priority="0" order="3.0"/>
    <loc xlink:type="locator" xlink:href="../in-gaap-2012-03-31.xsd#in-gaap_OtherIntangibleAssetsMember" xlink:label="OtherIntangibleAssetsMember"/>
    <presentationArc xlink:type="arc" xlink:arcrole="http://www.xbrl.org/2003/arcrole/parent-child" xlink:from="CompanyTotalIntangibleAssetsMember" xlink:to="OtherIntangibleAssetsMember" priority="0" order="9.0"/>
    <loc xlink:type="locator" xlink:href="../in-gaap-2012-03-31.xsd#in-gaap_KnowhowMember" xlink:label="KnowhowMember"/>
    <presentationArc xlink:type="arc" xlink:arcrole="http://www.xbrl.org/2003/arcrole/parent-child" xlink:from="OtherIntangibleAssetsMember" xlink:to="KnowhowMember" priority="0" order="1.0"/>
    <loc xlink:type="locator" xlink:href="../in-gaap-2012-03-31.xsd#in-gaap_CommercialContractualRightsMember" xlink:label="CommercialContractualRightsMember"/>
    <presentationArc xlink:type="arc" xlink:arcrole="http://www.xbrl.org/2003/arcrole/parent-child" xlink:from="OtherIntangibleAssetsMember" xlink:to="CommercialContractualRightsMember" priority="0" order="2.0"/>
    <loc xlink:type="locator" xlink:href="../in-gaap-2012-03-31.xsd#in-gaap_SubClassesOfIntangibleAssetsAxis" xlink:label="SubClassesOfIntangibleAssetsAxis"/>
    <presentationArc xlink:type="arc" xlink:arcrole="http://www.xbrl.org/2003/arcrole/parent-child" xlink:from="DisclosureOfIntangibleAssetsTable" xlink:to="SubClassesOfIntangibleAssetsAxis" priority="0" order="2.0"/>
    <loc xlink:type="locator" xlink:href="../in-gaap-2012-03-31.xsd#in-gaap_InternallyGeneratedAndOtherThanInternallyGeneratedIntangibleAssetsMember" xlink:label="InternallyGeneratedAndOtherThanInternallyGeneratedIntangibleAssetsMember"/>
    <presentationArc xlink:type="arc" xlink:arcrole="http://www.xbrl.org/2003/arcrole/parent-child" xlink:from="SubClassesOfIntangibleAssetsAxis" xlink:to="InternallyGeneratedAndOtherThanInternallyGeneratedIntangibleAssetsMember" priority="0" order="1.0"/>
    <loc xlink:type="locator" xlink:href="../in-gaap-2012-03-31.xsd#in-gaap_InternallyGeneratedIntangibleAssetsMember" xlink:label="InternallyGeneratedIntangibleAssetsMember"/>
    <presentationArc xlink:type="arc" xlink:arcrole="http://www.xbrl.org/2003/arcrole/parent-child" xlink:from="InternallyGeneratedAndOtherThanInternallyGeneratedIntangibleAssetsMember" xlink:to="InternallyGeneratedIntangibleAssetsMember" priority="0" order="1.0"/>
    <loc xlink:type="locator" xlink:href="../in-gaap-2012-03-31.xsd#in-gaap_IntangibleAssetsOtherThanInternallyGeneratedMember" xlink:label="IntangibleAssetsOtherThanInternallyGeneratedMember"/>
    <presentationArc xlink:type="arc" xlink:arcrole="http://www.xbrl.org/2003/arcrole/parent-child" xlink:from="InternallyGeneratedAndOtherThanInternallyGeneratedIntangibleAssetsMember" xlink:to="IntangibleAssetsOtherThanInternallyGeneratedMember" priority="0" order="2.0"/>
    <loc xlink:type="locator" xlink:href="../in-gaap-2012-03-31.xsd#in-gaap_CarryingAmountAccumulatedAmortizationAndImpairmentAndGrossCarryingAmountAxis" xlink:label="CarryingAmountAccumulatedAmortizationAndImpairmentAndGrossCarryingAmountAxis"/>
    <presentationArc xlink:type="arc" xlink:arcrole="http://www.xbrl.org/2003/arcrole/parent-child" xlink:from="DisclosureOfIntangibleAssetsTable" xlink:to="CarryingAmountAccumulatedAmortizationAndImpairmentAndGrossCarryingAmountAxis" priority="0" order="3.0"/>
    <presentationArc xlink:type="arc" xlink:arcrole="http://www.xbrl.org/2003/arcrole/parent-child" xlink:from="CarryingAmountAccumulatedAmortizationAndImpairmentAndGrossCarryingAmountAxis" xlink:to="CarryingAmountMember" priority="0" order="1.0"/>
    <loc xlink:type="locator" xlink:href="../in-gaap-2012-03-31.xsd#in-gaap_DisclosureOfIntangibleAssetsLineItems" xlink:label="DisclosureOfIntangibleAssetsLineItems"/>
    <presentationArc xlink:type="arc" xlink:arcrole="http://www.xbrl.org/2003/arcrole/parent-child" xlink:from="DisclosureOfIntangibleAssetsAbstract" xlink:to="DisclosureOfIntangibleAssetsLineItems" priority="0" order="2.0"/>
    <loc xlink:type="locator" xlink:href="../in-gaap-2012-03-31.xsd#in-gaap_UsefulLivesOrAmortizationRatesIntangibleAssets" xlink:label="UsefulLivesOrAmortizationRatesIntangibleAssets"/>
    <presentationArc xlink:type="arc" xlink:arcrole="http://www.xbrl.org/2003/arcrole/parent-child" xlink:from="DisclosureOfIntangibleAssetsLineItems" xlink:to="UsefulLivesOrAmortizationRatesIntangibleAssets" priority="0" order="1.0"/>
    <loc xlink:type="locator" xlink:href="../in-gaap-2012-03-31.xsd#in-gaap_DescriptionOfAmortizationMethodUsed" xlink:label="DescriptionOfAmortizationMethodUsed"/>
    <presentationArc xlink:type="arc" xlink:arcrole="http://www.xbrl.org/2003/arcrole/parent-child" xlink:from="DisclosureOfIntangibleAssetsLineItems" xlink:to="DescriptionOfAmortizationMethodUsed" priority="0" order="2.0"/>
    <loc xlink:type="locator" xlink:href="../in-gaap-2012-03-31.xsd#in-gaap_NatureOfOtherIntangibleAssets" xlink:label="NatureOfOtherIntangibleAssets"/>
    <presentationArc xlink:type="arc" xlink:arcrole="http://www.xbrl.org/2003/arcrole/parent-child" xlink:from="DisclosureOfIntangibleAssetsLineItems" xlink:to="NatureOfOtherIntangibleAssets" priority="0" order="3.0"/>
    <loc xlink:type="locator" xlink:href="../in-gaap-2012-03-31.xsd#in-gaap_ReconciliationOfChangesInIntangibleAssetsAbstract" xlink:label="ReconciliationOfChangesInIntangibleAssetsAbstract"/>
    <presentationArc xlink:type="arc" xlink:arcrole="http://www.xbrl.org/2003/arcrole/parent-child" xlink:from="DisclosureOfIntangibleAssetsLineItems" xlink:to="ReconciliationOfChangesInIntangibleAssetsAbstract" priority="0" order="4.0"/>
    <loc xlink:type="locator" xlink:href="../in-gaap-2012-03-31.xsd#in-gaap_ChangesInIntangibleAssetsAbstract" xlink:label="ChangesInIntangibleAssetsAbstract"/>
    <presentationArc xlink:type="arc" xlink:arcrole="http://www.xbrl.org/2003/arcrole/parent-child" xlink:from="ReconciliationOfChangesInIntangibleAssetsAbstract" xlink:to="ChangesInIntangibleAssetsAbstract" priority="0" order="2.0"/>
    <loc xlink:type="locator" xlink:href="../in-gaap-2012-03-31.xsd#in-gaap_AdditionsToIntangibleAssetsAbstract" xlink:label="AdditionsToIntangibleAssetsAbstract"/>
    <presentationArc xlink:type="arc" xlink:arcrole="http://www.xbrl.org/2003/arcrole/parent-child" xlink:from="ChangesInIntangibleAssetsAbstract" xlink:to="AdditionsToIntangibleAssetsAbstract" priority="0" order="1.0"/>
    <loc xlink:type="locator" xlink:href="../in-gaap-2012-03-31.xsd#in-gaap_AdditionsThroughInternalDevelopment" xlink:label="AdditionsThroughInternalDevelopment"/>
    <presentationArc xlink:type="arc" xlink:arcrole="http://www.xbrl.org/2003/arcrole/parent-child" xlink:from="AdditionsToIntangibleAssetsAbstract" xlink:to="AdditionsThroughInternalDevelopment" priority="0" order="1.0"/>
    <loc xlink:type="locator" xlink:href="../in-gaap-2012-03-31.xsd#in-gaap_AdditionsOtherThanThroughBusinessCombinationsIntangibleAssets" xlink:label="AdditionsOtherThanThroughBusinessCombinationsIntangibleAssets"/>
    <presentationArc xlink:type="arc" xlink:arcrole="http://www.xbrl.org/2003/arcrole/parent-child" xlink:from="AdditionsToIntangibleAssetsAbstract" xlink:to="AdditionsOtherThanThroughBusinessCombinationsIntangibleAssets" priority="0" order="2.0"/>
    <loc xlink:type="locator" xlink:href="../in-gaap-2012-03-31.xsd#in-gaap_AcquisitionsThroughBusinessCombinationsIntangibleAssets" xlink:label="AcquisitionsThroughBusinessCombinationsIntangibleAssets"/>
    <presentationArc xlink:type="arc" xlink:arcrole="http://www.xbrl.org/2003/arcrole/parent-child" xlink:from="AdditionsToIntangibleAssetsAbstract" xlink:to="AcquisitionsThroughBusinessCombinationsIntangibleAssets" priority="0" order="3.0"/>
    <loc xlink:type="locator" xlink:href="../in-gaap-2012-03-31.xsd#in-gaap_AdditionsToIntangibleAssets" xlink:label="AdditionsToIntangibleAssets"/>
    <presentationArc xlink:type="arc" xlink:arcrole="http://www.xbrl.org/2003/arcrole/parent-child" xlink:from="AdditionsToIntangibleAssetsAbstract" xlink:to="AdditionsToIntangibleAssets" priority="0" order="4.0" preferredLabel="http://www.xbrl.org/2003/role/totalLabel"/>
    <loc xlink:type="locator" xlink:href="../in-gaap-2012-03-31.xsd#in-gaap_AmortizationIntangibleAssets" xlink:label="AmortizationIntangibleAssets"/>
    <presentationArc xlink:type="arc" xlink:arcrole="http://www.xbrl.org/2003/arcrole/parent-child" xlink:from="ChangesInIntangibleAssetsAbstract" xlink:to="AmortizationIntangibleAssets" priority="0" order="2.0" preferredLabel="http://www.xbrl.org/2009/role/negatedLabel"/>
    <loc xlink:type="locator" xlink:href="../in-gaap-2012-03-31.xsd#in-gaap_ImpairmentLossRecognisedInProfitOrLossIntangibleAssets" xlink:label="ImpairmentLossRecognisedInProfitOrLossIntangibleAssets"/>
    <presentationArc xlink:type="arc" xlink:arcrole="http://www.xbrl.org/2003/arcrole/parent-child" xlink:from="ChangesInIntangibleAssetsAbstract" xlink:to="ImpairmentLossRecognisedInProfitOrLossIntangibleAssets" priority="0" order="3.0" preferredLabel="http://www.xbrl.org/2009/role/negatedLabel"/>
    <loc xlink:type="locator" xlink:href="../in-gaap-2012-03-31.xsd#in-gaap_ReversalOfImpairmentLossRecognisedInProfitOrLossIntangibleAssets" xlink:label="ReversalOfImpairmentLossRecognisedInProfitOrLossIntangibleAssets"/>
    <presentationArc xlink:type="arc" xlink:arcrole="http://www.xbrl.org/2003/arcrole/parent-child" xlink:from="ChangesInIntangibleAssetsAbstract" xlink:to="ReversalOfImpairmentLossRecognisedInProfitOrLossIntangibleAssets" priority="0" order="4.0"/>
    <loc xlink:type="locator" xlink:href="../in-gaap-2012-03-31.xsd#in-gaap_RevaluationIncreaseDecreaseIntangibleAssets" xlink:label="RevaluationIncreaseDecreaseIntangibleAssets"/>
    <presentationArc xlink:type="arc" xlink:arcrole="http://www.xbrl.org/2003/arcrole/parent-child" xlink:from="ChangesInIntangibleAssetsAbstract" xlink:to="RevaluationIncreaseDecreaseIntangibleAssets" priority="0" order="5.0"/>
    <loc xlink:type="locator" xlink:href="../in-gaap-2012-03-31.xsd#in-gaap_DisposalsIntangibleAssetsAbstract" xlink:label="DisposalsIntangibleAssetsAbstract"/>
    <presentationArc xlink:type="arc" xlink:arcrole="http://www.xbrl.org/2003/arcrole/parent-child" xlink:from="ChangesInIntangibleAssetsAbstract" xlink:to="DisposalsIntangibleAssetsAbstract" priority="0" order="6.0"/>
    <loc xlink:type="locator" xlink:href="../in-gaap-2012-03-31.xsd#in-gaap_DisposalsIntangibleAssetsThroughDemergers" xlink:label="DisposalsIntangibleAssetsThroughDemergers"/>
    <presentationArc xlink:type="arc" xlink:arcrole="http://www.xbrl.org/2003/arcrole/parent-child" xlink:from="DisposalsIntangibleAssetsAbstract" xlink:to="DisposalsIntangibleAssetsThroughDemergers" priority="0" order="1.0" preferredLabel="http://www.xbrl.org/2009/role/negatedLabel"/>
    <loc xlink:type="locator" xlink:href="../in-gaap-2012-03-31.xsd#in-gaap_DisposalsIntangibleAssetsOthers" xlink:label="DisposalsIntangibleAssetsOthers"/>
    <presentationArc xlink:type="arc" xlink:arcrole="http://www.xbrl.org/2003/arcrole/parent-child" xlink:from="DisposalsIntangibleAssetsAbstract" xlink:to="DisposalsIntangibleAssetsOthers" priority="0" order="2.0" preferredLabel="http://www.xbrl.org/2009/role/negatedLabel"/>
    <loc xlink:type="locator" xlink:href="../in-gaap-2012-03-31.xsd#in-gaap_DisposalsIntangibleAssets" xlink:label="DisposalsIntangibleAssets"/>
    <presentationArc xlink:type="arc" xlink:arcrole="http://www.xbrl.org/2003/arcrole/parent-child" xlink:from="DisposalsIntangibleAssetsAbstract" xlink:to="DisposalsIntangibleAssets" priority="0" order="3.0" preferredLabel="http://www.xbrl.org/2003/role/totalLabel"/>
    <loc xlink:type="locator" xlink:href="../in-gaap-2012-03-31.xsd#in-gaap_RetirementsOfIntangibleAssets" xlink:label="RetirementsOfIntangibleAssets"/>
    <presentationArc xlink:type="arc" xlink:arcrole="http://www.xbrl.org/2003/arcrole/parent-child" xlink:from="ChangesInIntangibleAssetsAbstract" xlink:to="RetirementsOfIntangibleAssets" priority="0" order="7.0" preferredLabel="http://www.xbrl.org/2009/role/negatedLabel"/>
    <loc xlink:type="locator" xlink:href="../in-gaap-2012-03-31.xsd#in-gaap_OtherAdjustmentsIntangibleAssetsAbstract" xlink:label="OtherAdjustmentsIntangibleAssetsAbstract"/>
    <presentationArc xlink:type="arc" xlink:arcrole="http://www.xbrl.org/2003/arcrole/parent-child" xlink:from="ChangesInIntangibleAssetsAbstract" xlink:to="OtherAdjustmentsIntangibleAssetsAbstract" priority="0" order="8.0"/>
    <loc xlink:type="locator" xlink:href="../in-gaap-2012-03-31.xsd#in-gaap_IncreaseDecreaseThroughNetExchangeDifferencesIntangibleAssets" xlink:label="IncreaseDecreaseThroughNetExchangeDifferencesIntangibleAssets"/>
    <presentationArc xlink:type="arc" xlink:arcrole="http://www.xbrl.org/2003/arcrole/parent-child" xlink:from="OtherAdjustmentsIntangibleAssetsAbstract" xlink:to="IncreaseDecreaseThroughNetExchangeDifferencesIntangibleAssets" priority="0" order="1.0"/>
    <loc xlink:type="locator" xlink:href="../in-gaap-2012-03-31.xsd#in-gaap_OtherAdjustmentsIntangibleAssets" xlink:label="OtherAdjustmentsIntangibleAssets"/>
    <presentationArc xlink:type="arc" xlink:arcrole="http://www.xbrl.org/2003/arcrole/parent-child" xlink:from="OtherAdjustmentsIntangibleAssetsAbstract" xlink:to="OtherAdjustmentsIntangibleAssets" priority="0" order="2.0" preferredLabel="http://www.xbrl.org/2003/role/totalLabel"/>
    <loc xlink:type="locator" xlink:href="../in-gaap-2012-03-31.xsd#in-gaap_ChangesInIntangibleAssets" xlink:label="ChangesInIntangibleAssets"/>
    <presentationArc xlink:type="arc" xlink:arcrole="http://www.xbrl.org/2003/arcrole/parent-child" xlink:from="ChangesInIntangibleAssetsAbstract" xlink:to="ChangesInIntangibleAssets" priority="0" order="9.0" preferredLabel="http://www.xbrl.org/2003/role/totalLabel"/>
    <loc xlink:type="locator" xlink:href="../in-gaap-2012-03-31.xsd#in-gaap_IntangibleAssets" xlink:label="IntangibleAssets"/>
    <presentationArc xlink:type="arc" xlink:arcrole="http://www.xbrl.org/2003/arcrole/parent-child" xlink:from="ReconciliationOfChangesInIntangibleAssetsAbstract" xlink:to="IntangibleAssets" priority="0" order="1.0" preferredLabel="http://www.xbrl.org/2003/role/periodStartLabel"/>
    <loc xlink:type="locator" xlink:href="../in-gaap-2012-03-31.xsd#in-gaap_IntangibleAssets" xlink:label="IntangibleAssets_2"/>
    <presentationArc xlink:type="arc" xlink:arcrole="http://www.xbrl.org/2003/arcrole/parent-child" xlink:from="ReconciliationOfChangesInIntangibleAssetsAbstract" xlink:to="IntangibleAssets_2" priority="0" order="3.0" preferredLabel="http://www.xbrl.org/2003/role/periodEndLabel"/>
    <loc xlink:type="locator" xlink:href="../in-gaap-2012-03-31.xsd#in-gaap_DisclosureOfAdditionalInformationOnIntangibleAssetsAbstract" xlink:label="DisclosureOfAdditionalInformationOnIntangibleAssetsAbstract"/>
    <presentationArc xlink:type="arc" xlink:arcrole="http://www.xbrl.org/2003/arcrole/parent-child" xlink:from="DisclosureOfIntangibleAssetsLineItems" xlink:to="DisclosureOfAdditionalInformationOnIntangibleAssetsAbstract" priority="0" order="5.0"/>
    <loc xlink:type="locator" xlink:href="../in-gaap-2012-03-31.xsd#in-gaap_AmountOfReductionOrIncreaseToIntangibleAssetsDueToRevaluationOfAssetsOrReductionOfCapitalAsApplicable" xlink:label="AmountOfReductionOrIncreaseToIntangibleAssetsDueToRevaluationOfAssetsOrReductionOfCapitalAsApplicable"/>
    <presentationArc xlink:type="arc" xlink:arcrole="http://www.xbrl.org/2003/arcrole/parent-child" xlink:from="DisclosureOfAdditionalInformationOnIntangibleAssetsAbstract" xlink:to="AmountOfReductionOrIncreaseToIntangibleAssetsDueToRevaluationOfAssetsOrReductionOfCapitalAsApplicable" priority="0" order="1.0"/>
    <loc xlink:type="locator" xlink:href="../in-gaap-2012-03-31.xsd#in-gaap_DateOfSuchReductionOrIncreaseToIntangibleAssets" xlink:label="DateOfSuchReductionOrIncreaseToIntangibleAssets"/>
    <presentationArc xlink:type="arc" xlink:arcrole="http://www.xbrl.org/2003/arcrole/parent-child" xlink:from="DisclosureOfAdditionalInformationOnIntangibleAssetsAbstract" xlink:to="DateOfSuchReductionOrIncreaseToIntangibleAssets" priority="0" order="2.0"/>
    <loc xlink:type="locator" xlink:href="../in-gaap-2012-03-31.xsd#in-gaap_DescriptionOfReasonsForPresumptionOfUsefulLifeOfIntangibleAssetsForMoreThan10Years" xlink:label="DescriptionOfReasonsForPresumptionOfUsefulLifeOfIntangibleAssetsForMoreThan10Years"/>
    <presentationArc xlink:type="arc" xlink:arcrole="http://www.xbrl.org/2003/arcrole/parent-child" xlink:from="DisclosureOfAdditionalInformationOnIntangibleAssetsAbstract" xlink:to="DescriptionOfReasonsForPresumptionOfUsefulLifeOfIntangibleAssetsForMoreThan10Years" priority="0" order="3.0"/>
    <loc xlink:type="locator" xlink:href="../in-gaap-2012-03-31.xsd#in-gaap_DescriptionOfFactorsThatPlayedSignificantRoleInDeterminingUsefulLifeOfMoreThan10Years" xlink:label="DescriptionOfFactorsThatPlayedSignificantRoleInDeterminingUsefulLifeOfMoreThan10Years"/>
    <presentationArc xlink:type="arc" xlink:arcrole="http://www.xbrl.org/2003/arcrole/parent-child" xlink:from="DisclosureOfAdditionalInformationOnIntangibleAssetsAbstract" xlink:to="DescriptionOfFactorsThatPlayedSignificantRoleInDeterminingUsefulLifeOfMoreThan10Years" priority="0" order="4.0"/>
    <loc xlink:type="locator" xlink:href="../in-gaap-2012-03-31.xsd#in-gaap_IntangibleAssetsRestrictionsOnTitleAbstract" xlink:label="IntangibleAssetsRestrictionsOnTitleAbstract"/>
    <presentationArc xlink:type="arc" xlink:arcrole="http://www.xbrl.org/2003/arcrole/parent-child" xlink:from="DisclosureOfAdditionalInformationOnIntangibleAssetsAbstract" xlink:to="IntangibleAssetsRestrictionsOnTitleAbstract" priority="0" order="5.0"/>
    <loc xlink:type="locator" xlink:href="../in-gaap-2012-03-31.xsd#in-gaap_CarryingAmountOfIntangibleAssetsRestrictionsOnTitle" xlink:label="CarryingAmountOfIntangibleAssetsRestrictionsOnTitle"/>
    <presentationArc xlink:type="arc" xlink:arcrole="http://www.xbrl.org/2003/arcrole/parent-child" xlink:from="IntangibleAssetsRestrictionsOnTitleAbstract" xlink:to="CarryingAmountOfIntangibleAssetsRestrictionsOnTitle" priority="0" order="1.0"/>
    <loc xlink:type="locator" xlink:href="../in-gaap-2012-03-31.xsd#in-gaap_DescriptionOfExistenceOfRestrictionsOnTitleIntangibleAssets" xlink:label="DescriptionOfExistenceOfRestrictionsOnTitleIntangibleAssets"/>
    <presentationArc xlink:type="arc" xlink:arcrole="http://www.xbrl.org/2003/arcrole/parent-child" xlink:from="IntangibleAssetsRestrictionsOnTitleAbstract" xlink:to="DescriptionOfExistenceOfRestrictionsOnTitleIntangibleAssets" priority="0" order="2.0"/>
    <loc xlink:type="locator" xlink:href="../in-gaap-2012-03-31.xsd#in-gaap_CarryingAmountOfIntangibleAssetsPledgedAsSecurity" xlink:label="CarryingAmountOfIntangibleAssetsPledgedAsSecurity"/>
    <presentationArc xlink:type="arc" xlink:arcrole="http://www.xbrl.org/2003/arcrole/parent-child" xlink:from="IntangibleAssetsRestrictionsOnTitleAbstract" xlink:to="CarryingAmountOfIntangibleAssetsPledgedAsSecurity" priority="0" order="3.0"/>
    <loc xlink:type="locator" xlink:href="../in-gaap-2012-03-31.xsd#in-gaap_ContractualCommitmentsForAcquisitionOfIntangibleAssets" xlink:label="ContractualCommitmentsForAcquisitionOfIntangibleAssets"/>
    <presentationArc xlink:type="arc" xlink:arcrole="http://www.xbrl.org/2003/arcrole/parent-child" xlink:from="IntangibleAssetsRestrictionsOnTitleAbstract" xlink:to="ContractualCommitmentsForAcquisitionOfIntangibleAssets" priority="0" order="4.0"/>
    <loc xlink:type="locator" xlink:href="../in-gaap-2012-03-31.xsd#in-gaap_DisclosureOfInformationOnMaterialIndividualIntangibleAssetsAbstract" xlink:label="DisclosureOfInformationOnMaterialIndividualIntangibleAssetsAbstract"/>
    <presentationArc xlink:type="arc" xlink:arcrole="http://www.xbrl.org/2003/arcrole/parent-child" xlink:from="DisclosureOfNotesOnIntangibleAssetsExplanatoryTextBlock" xlink:to="DisclosureOfInformationOnMaterialIndividualIntangibleAssetsAbstract" priority="0" order="2.0"/>
    <loc xlink:type="locator" xlink:href="../in-gaap-2012-03-31.xsd#in-gaap_DisclosureOfInformationOnMaterialIndividualIntangibleAssetsTable" xlink:label="DisclosureOfInformationOnMaterialIndividualIntangibleAssetsTable"/>
    <presentationArc xlink:type="arc" xlink:arcrole="http://www.xbrl.org/2003/arcrole/parent-child" xlink:from="DisclosureOfInformationOnMaterialIndividualIntangibleAssetsAbstract" xlink:to="DisclosureOfInformationOnMaterialIndividualIntangibleAssetsTable" priority="0" order="1.0"/>
    <loc xlink:type="locator" xlink:href="../in-gaap-2012-03-31.xsd#in-gaap_MaterialIndividualIntangibleAssetsAxis" xlink:label="MaterialIndividualIntangibleAssetsAxis"/>
    <presentationArc xlink:type="arc" xlink:arcrole="http://www.xbrl.org/2003/arcrole/parent-child" xlink:from="DisclosureOfInformationOnMaterialIndividualIntangibleAssetsTable" xlink:to="MaterialIndividualIntangibleAssetsAxis" priority="0" order="1.0"/>
    <loc xlink:type="locator" xlink:href="../in-gaap-2012-03-31.xsd#in-gaap_MaterialIndividualIntangibleAssetsMember" xlink:label="MaterialIndividualIntangibleAssetsMember"/>
    <presentationArc xlink:type="arc" xlink:arcrole="http://www.xbrl.org/2003/arcrole/parent-child" xlink:from="MaterialIndividualIntangibleAssetsAxis" xlink:to="MaterialIndividualIntangibleAssetsMember" priority="0" order="1.0"/>
    <loc xlink:type="locator" xlink:href="../in-gaap-2012-03-31.xsd#in-gaap_GoodwillMember" xlink:label="GoodwillMember_2"/>
    <presentationArc xlink:type="arc" xlink:arcrole="http://www.xbrl.org/2003/arcrole/parent-child" xlink:from="MaterialIndividualIntangibleAssetsMember" xlink:to="GoodwillMember_2" priority="0" order="1.0"/>
    <loc xlink:type="locator" xlink:href="../in-gaap-2012-03-31.xsd#in-gaap_BrandsAndTradeMarksMember" xlink:label="BrandsAndTradeMarksMember_2"/>
    <presentationArc xlink:type="arc" xlink:arcrole="http://www.xbrl.org/2003/arcrole/parent-child" xlink:from="MaterialIndividualIntangibleAssetsMember" xlink:to="BrandsAndTradeMarksMember_2" priority="0" order="2.0"/>
    <loc xlink:type="locator" xlink:href="../in-gaap-2012-03-31.xsd#in-gaap_ComputerSoftwareMember" xlink:label="ComputerSoftwareMember_2"/>
    <presentationArc xlink:type="arc" xlink:arcrole="http://www.xbrl.org/2003/arcrole/parent-child" xlink:from="MaterialIndividualIntangibleAssetsMember" xlink:to="ComputerSoftwareMember_2" priority="0" order="3.0"/>
    <loc xlink:type="locator" xlink:href="../in-gaap-2012-03-31.xsd#in-gaap_MastheadsAndPublishingTitlesMember" xlink:label="MastheadsAndPublishingTitlesMember_2"/>
    <presentationArc xlink:type="arc" xlink:arcrole="http://www.xbrl.org/2003/arcrole/parent-child" xlink:from="MaterialIndividualIntangibleAssetsMember" xlink:to="MastheadsAndPublishingTitlesMember_2" priority="0" order="4.0"/>
    <loc xlink:type="locator" xlink:href="../in-gaap-2012-03-31.xsd#in-gaap_MiningRightsMember" xlink:label="MiningRightsMember_2"/>
    <presentationArc xlink:type="arc" xlink:arcrole="http://www.xbrl.org/2003/arcrole/parent-child" xlink:from="MaterialIndividualIntangibleAssetsMember" xlink:to="MiningRightsMember_2" priority="0" order="5.0"/>
    <loc xlink:type="locator" xlink:href="../in-gaap-2012-03-31.xsd#in-gaap_CopyrightsPatentsAndOtherOperatingRightsMember" xlink:label="CopyrightsPatentsAndOtherOperatingRightsMember_2"/>
    <presentationArc xlink:type="arc" xlink:arcrole="http://www.xbrl.org/2003/arcrole/parent-child" xlink:from="MaterialIndividualIntangibleAssetsMember" xlink:to="CopyrightsPatentsAndOtherOperatingRightsMember_2" priority="0" order="6.0"/>
    <loc xlink:type="locator" xlink:href="../in-gaap-2012-03-31.xsd#in-gaap_RecipesFormulaeModelsDesignsAndPrototypesMember" xlink:label="RecipesFormulaeModelsDesignsAndPrototypesMember_2"/>
    <presentationArc xlink:type="arc" xlink:arcrole="http://www.xbrl.org/2003/arcrole/parent-child" xlink:from="MaterialIndividualIntangibleAssetsMember" xlink:to="RecipesFormulaeModelsDesignsAndPrototypesMember_2" priority="0" order="7.0"/>
    <loc xlink:type="locator" xlink:href="../in-gaap-2012-03-31.xsd#in-gaap_LicensesAndFranchiseMember" xlink:label="LicensesAndFranchiseMember_2"/>
    <presentationArc xlink:type="arc" xlink:arcrole="http://www.xbrl.org/2003/arcrole/parent-child" xlink:from="MaterialIndividualIntangibleAssetsMember" xlink:to="LicensesAndFranchiseMember_2" priority="0" order="8.0"/>
    <loc xlink:type="locator" xlink:href="../in-gaap-2012-03-31.xsd#in-gaap_OtherIntangibleAssetsMember" xlink:label="OtherIntangibleAssetsMember_2"/>
    <presentationArc xlink:type="arc" xlink:arcrole="http://www.xbrl.org/2003/arcrole/parent-child" xlink:from="MaterialIndividualIntangibleAssetsMember" xlink:to="OtherIntangibleAssetsMember_2" priority="0" order="9.0"/>
    <loc xlink:type="locator" xlink:href="../in-gaap-2012-03-31.xsd#in-gaap_DisclosureOfInformationOnMaterialIndividualIntangibleAssetsLineItems" xlink:label="DisclosureOfInformationOnMaterialIndividualIntangibleAssetsLineItems"/>
    <presentationArc xlink:type="arc" xlink:arcrole="http://www.xbrl.org/2003/arcrole/parent-child" xlink:from="DisclosureOfInformationOnMaterialIndividualIntangibleAssetsAbstract" xlink:to="DisclosureOfInformationOnMaterialIndividualIntangibleAssetsLineItems" priority="0" order="2.0"/>
    <loc xlink:type="locator" xlink:href="../in-gaap-2012-03-31.xsd#in-gaap_DescriptionOfMaterialIntangibleAsset" xlink:label="DescriptionOfMaterialIntangibleAsset"/>
    <presentationArc xlink:type="arc" xlink:arcrole="http://www.xbrl.org/2003/arcrole/parent-child" xlink:from="DisclosureOfInformationOnMaterialIndividualIntangibleAssetsLineItems" xlink:to="DescriptionOfMaterialIntangibleAsset" priority="0" order="1.0"/>
    <loc xlink:type="locator" xlink:href="../in-gaap-2012-03-31.xsd#in-gaap_CarryingAmountOfMaterialIntangibleAsset" xlink:label="CarryingAmountOfMaterialIntangibleAsset"/>
    <presentationArc xlink:type="arc" xlink:arcrole="http://www.xbrl.org/2003/arcrole/parent-child" xlink:from="DisclosureOfInformationOnMaterialIndividualIntangibleAssetsLineItems" xlink:to="CarryingAmountOfMaterialIntangibleAsset" priority="0" order="2.0"/>
    <loc xlink:type="locator" xlink:href="../in-gaap-2012-03-31.xsd#in-gaap_RemainingAmortizationPeriodOfMaterialIntangibleAsset" xlink:label="RemainingAmortizationPeriodOfMaterialIntangibleAsset"/>
    <presentationArc xlink:type="arc" xlink:arcrole="http://www.xbrl.org/2003/arcrole/parent-child" xlink:from="DisclosureOfInformationOnMaterialIndividualIntangibleAssetsLineItems" xlink:to="RemainingAmortizationPeriodOfMaterialIntangibleAsset" priority="0" order="3.0"/>
    <loc xlink:type="locator" xlink:href="../in-gaap-2012-03-31.xsd#in-gaap_AggregateAmountOfResearchAndDevelopmentExpenditureRecognizedAsExpense" xlink:label="AggregateAmountOfResearchAndDevelopmentExpenditureRecognizedAsExpense"/>
    <presentationArc xlink:type="arc" xlink:arcrole="http://www.xbrl.org/2003/arcrole/parent-child" xlink:from="DisclosureOfNotesOnIntangibleAssetsExplanatoryTextBlock" xlink:to="AggregateAmountOfResearchAndDevelopmentExpenditureRecognizedAsExpense" priority="0" order="3.0"/>
    <loc xlink:type="locator" xlink:href="../in-gaap-2012-03-31.xsd#in-gaap_DescriptionOfFullyAmortisedIntangibleAssetThatIsStillInUse" xlink:label="DescriptionOfFullyAmortisedIntangibleAssetThatIsStillInUse"/>
    <presentationArc xlink:type="arc" xlink:arcrole="http://www.xbrl.org/2003/arcrole/parent-child" xlink:from="DisclosureOfNotesOnIntangibleAssetsExplanatoryTextBlock" xlink:to="DescriptionOfFullyAmortisedIntangibleAssetThatIsStillInUse" priority="0" order="4.0"/>
    <loc xlink:type="locator" xlink:href="../in-gaap-2012-03-31.xsd#in-gaap_ShareIntangibleAssetsJointVenturesNet" xlink:label="ShareIntangibleAssetsJointVenturesNet"/>
    <presentationArc xlink:type="arc" xlink:arcrole="http://www.xbrl.org/2003/arcrole/parent-child" xlink:from="DisclosureOfNotesOnIntangibleAssetsExplanatoryTextBlock" xlink:to="ShareIntangibleAssetsJointVenturesNet" priority="0" order="5.0"/>
  </presentationLink>
</linkbase>
