<?xml version="1.0" encoding="US-ASCII"?>
<!-- Generated by Fujitsu Interstage XWand B0166 -->
<linkbase xmlns="http://www.xbrl.org/2003/linkbase" xmlns:xsi="http://www.w3.org/2001/XMLSchema-instance" xmlns:xlink="http://www.w3.org/1999/xlink" xmlns:xbrli="http://www.xbrl.org/2003/instance">
  <roleRef roleURI="http://www.icai.org/xbrl/taxonomy/role/in-gaap/NotesRevenue" xlink:type="simple" xlink:href="../in-gaap-roles-2012-03-31.xsd#in-gaap-rol-300100"/>
  <presentationLink xlink:type="extended" xlink:role="http://www.icai.org/xbrl/taxonomy/role/in-gaap/NotesRevenue">
    <loc xlink:type="locator" xlink:href="../in-gaap-2012-03-31.xsd#in-gaap_DisclosureOfRevenueExplanatoryTextBlock" xlink:label="DisclosureOfRevenueExplanatoryTextBlock"/>
    <loc xlink:type="locator" xlink:href="../in-gaap-2012-03-31.xsd#in-gaap_DescriptionOfAccountingPolicyForRecognitionOfRevenue" xlink:label="DescriptionOfAccountingPolicyForRecognitionOfRevenue"/>
    <presentationArc xlink:type="arc" xlink:arcrole="http://www.xbrl.org/2003/arcrole/parent-child" xlink:from="DisclosureOfRevenueExplanatoryTextBlock" xlink:to="DescriptionOfAccountingPolicyForRecognitionOfRevenue" priority="0" order="1.0"/>
    <loc xlink:type="locator" xlink:href="../in-gaap-2012-03-31.xsd#in-gaap_DescriptionOfCircumstancesInWhichRevenueRecognitionHasBeenPostponedPendingResolutionOfSignificantUncertainties" xlink:label="DescriptionOfCircumstancesInWhichRevenueRecognitionHasBeenPostponedPendingResolutionOfSignificantUncertainties"/>
    <presentationArc xlink:type="arc" xlink:arcrole="http://www.xbrl.org/2003/arcrole/parent-child" xlink:from="DisclosureOfRevenueExplanatoryTextBlock" xlink:to="DescriptionOfCircumstancesInWhichRevenueRecognitionHasBeenPostponedPendingResolutionOfSignificantUncertainties" priority="0" order="2.0"/>
    <loc xlink:type="locator" xlink:href="../in-gaap-2012-03-31.xsd#in-gaap_ShareRevenueFromOperationsJointVentures" xlink:label="ShareRevenueFromOperationsJointVentures"/>
    <presentationArc xlink:type="arc" xlink:arcrole="http://www.xbrl.org/2003/arcrole/parent-child" xlink:from="DisclosureOfRevenueExplanatoryTextBlock" xlink:to="ShareRevenueFromOperationsJointVentures" priority="0" order="3.0"/>
  </presentationLink>
</linkbase>
