<?xml version="1.0" encoding="US-ASCII"?>
<!-- Generated by Fujitsu Interstage XWand B0166 -->
<linkbase xmlns="http://www.xbrl.org/2003/linkbase" xmlns:xsi="http://www.w3.org/2001/XMLSchema-instance" xmlns:xlink="http://www.w3.org/1999/xlink" xmlns:xbrli="http://www.xbrl.org/2003/instance">
  <roleRef roleURI="http://www.icai.org/xbrl/taxonomy/role/in-gaap/NotesInvestmentsInAssociates" xlink:type="simple" xlink:href="../in-gaap-roles-2012-03-31.xsd#in-gaap-rol-202400"/>
  <presentationLink xlink:type="extended" xlink:role="http://www.icai.org/xbrl/taxonomy/role/in-gaap/NotesInvestmentsInAssociates">
    <loc xlink:type="locator" xlink:href="../in-gaap-2012-03-31.xsd#in-gaap_DisclosureOfNotesOnInvestmentInAssociatesExplanatoryTextBlock" xlink:label="DisclosureOfNotesOnInvestmentInAssociatesExplanatoryTextBlock"/>
    <loc xlink:type="locator" xlink:href="../in-gaap-2012-03-31.xsd#in-gaap_DescriptionOfInformationOfAssociatesAbstract" xlink:label="DescriptionOfInformationOfAssociatesAbstract"/>
    <presentationArc xlink:type="arc" xlink:arcrole="http://www.xbrl.org/2003/arcrole/parent-child" xlink:from="DisclosureOfNotesOnInvestmentInAssociatesExplanatoryTextBlock" xlink:to="DescriptionOfInformationOfAssociatesAbstract" priority="0" order="1.0"/>
    <loc xlink:type="locator" xlink:href="../in-gaap-2012-03-31.xsd#in-gaap_DescriptionOfInformationOfAssociatesTable" xlink:label="DescriptionOfInformationOfAssociatesTable"/>
    <presentationArc xlink:type="arc" xlink:arcrole="http://www.xbrl.org/2003/arcrole/parent-child" xlink:from="DescriptionOfInformationOfAssociatesAbstract" xlink:to="DescriptionOfInformationOfAssociatesTable" priority="0" order="1.0"/>
    <loc xlink:type="locator" xlink:href="../in-gaap-2012-03-31.xsd#in-gaap_InvestmentsInAssociatesAxis" xlink:label="InvestmentsInAssociatesAxis"/>
    <presentationArc xlink:type="arc" xlink:arcrole="http://www.xbrl.org/2003/arcrole/parent-child" xlink:from="DescriptionOfInformationOfAssociatesTable" xlink:to="InvestmentsInAssociatesAxis" priority="0" order="1.0"/>
    <loc xlink:type="locator" xlink:href="../in-gaap-2012-03-31.xsd#in-gaap_EnterprisesTotalForInvestmentsInAssociatesMember" xlink:label="EnterprisesTotalForInvestmentsInAssociatesMember"/>
    <presentationArc xlink:type="arc" xlink:arcrole="http://www.xbrl.org/2003/arcrole/parent-child" xlink:from="InvestmentsInAssociatesAxis" xlink:to="EnterprisesTotalForInvestmentsInAssociatesMember" priority="0" order="1.0"/>
    <loc xlink:type="locator" xlink:href="../in-gaap-2012-03-31.xsd#in-gaap_AssociatesAccountedForUsingEquityMethodMember" xlink:label="AssociatesAccountedForUsingEquityMethodMember"/>
    <presentationArc xlink:type="arc" xlink:arcrole="http://www.xbrl.org/2003/arcrole/parent-child" xlink:from="EnterprisesTotalForInvestmentsInAssociatesMember" xlink:to="AssociatesAccountedForUsingEquityMethodMember" priority="0" order="1.0"/>
    <loc xlink:type="locator" xlink:href="../in-gaap-2012-03-31.xsd#in-gaap_AssociatesNotAccountedForUsingEquityMethodMember" xlink:label="AssociatesNotAccountedForUsingEquityMethodMember"/>
    <presentationArc xlink:type="arc" xlink:arcrole="http://www.xbrl.org/2003/arcrole/parent-child" xlink:from="EnterprisesTotalForInvestmentsInAssociatesMember" xlink:to="AssociatesNotAccountedForUsingEquityMethodMember" priority="0" order="2.0"/>
    <loc xlink:type="locator" xlink:href="../in-gaap-2012-03-31.xsd#in-gaap_DescriptionOfInformationOfAssociatesLineItems" xlink:label="DescriptionOfInformationOfAssociatesLineItems"/>
    <presentationArc xlink:type="arc" xlink:arcrole="http://www.xbrl.org/2003/arcrole/parent-child" xlink:from="DescriptionOfInformationOfAssociatesAbstract" xlink:to="DescriptionOfInformationOfAssociatesLineItems" priority="0" order="2.0"/>
    <loc xlink:type="locator" xlink:href="../../IN-CA/in-ca-2012-03-31.xsd#in-ca_NameOfAssociate" xlink:label="NameOfAssociate"/>
    <presentationArc xlink:type="arc" xlink:arcrole="http://www.xbrl.org/2003/arcrole/parent-child" xlink:from="DescriptionOfInformationOfAssociatesLineItems" xlink:to="NameOfAssociate" priority="0" order="1.0"/>
    <loc xlink:type="locator" xlink:href="../../IN-CA/in-ca-2012-03-31.xsd#in-ca_CountryOfIncorporationOrResidenceAssociate" xlink:label="CountryOfIncorporationOrResidenceAssociate"/>
    <presentationArc xlink:type="arc" xlink:arcrole="http://www.xbrl.org/2003/arcrole/parent-child" xlink:from="DescriptionOfInformationOfAssociatesLineItems" xlink:to="CountryOfIncorporationOrResidenceAssociate" priority="0" order="2.0"/>
    <loc xlink:type="locator" xlink:href="../../IN-CA/in-ca-2012-03-31.xsd#in-ca_CINOfAssociateEntity" xlink:label="CINOfAssociateEntity"/>
    <presentationArc xlink:type="arc" xlink:arcrole="http://www.xbrl.org/2003/arcrole/parent-child" xlink:from="DescriptionOfInformationOfAssociatesLineItems" xlink:to="CINOfAssociateEntity" priority="0" order="3.0"/>
    <loc xlink:type="locator" xlink:href="../../IN-CA/in-ca-2012-03-31.xsd#in-ca_PANOfAssociateEntity" xlink:label="PANOfAssociateEntity"/>
    <presentationArc xlink:type="arc" xlink:arcrole="http://www.xbrl.org/2003/arcrole/parent-child" xlink:from="DescriptionOfInformationOfAssociatesLineItems" xlink:to="PANOfAssociateEntity" priority="0" order="4.0"/>
    <loc xlink:type="locator" xlink:href="../../IN-CA/in-ca-2012-03-31.xsd#in-ca_NameOfAssociateForWhichReportingDateIsDifferent" xlink:label="NameOfAssociateForWhichReportingDateIsDifferent"/>
    <presentationArc xlink:type="arc" xlink:arcrole="http://www.xbrl.org/2003/arcrole/parent-child" xlink:from="DescriptionOfInformationOfAssociatesLineItems" xlink:to="NameOfAssociateForWhichReportingDateIsDifferent" priority="0" order="5.0"/>
    <loc xlink:type="locator" xlink:href="../../IN-CA/in-ca-2012-03-31.xsd#in-ca_CINOfAssociateEntityWhoseReportingDateIsDifferent" xlink:label="CINOfAssociateEntityWhoseReportingDateIsDifferent"/>
    <presentationArc xlink:type="arc" xlink:arcrole="http://www.xbrl.org/2003/arcrole/parent-child" xlink:from="DescriptionOfInformationOfAssociatesLineItems" xlink:to="CINOfAssociateEntityWhoseReportingDateIsDifferent" priority="0" order="6.0"/>
    <loc xlink:type="locator" xlink:href="../../IN-CA/in-ca-2012-03-31.xsd#in-ca_PANOfAssociateEntityWhoseReportingDateIsDifferent" xlink:label="PANOfAssociateEntityWhoseReportingDateIsDifferent"/>
    <presentationArc xlink:type="arc" xlink:arcrole="http://www.xbrl.org/2003/arcrole/parent-child" xlink:from="DescriptionOfInformationOfAssociatesLineItems" xlink:to="PANOfAssociateEntityWhoseReportingDateIsDifferent" priority="0" order="7.0"/>
    <loc xlink:type="locator" xlink:href="../in-gaap-2012-03-31.xsd#in-gaap_DescriptionOfAssociatesAbstract" xlink:label="DescriptionOfAssociatesAbstract"/>
    <presentationArc xlink:type="arc" xlink:arcrole="http://www.xbrl.org/2003/arcrole/parent-child" xlink:from="DescriptionOfInformationOfAssociatesLineItems" xlink:to="DescriptionOfAssociatesAbstract" priority="0" order="8.0"/>
    <loc xlink:type="locator" xlink:href="../in-gaap-2012-03-31.xsd#in-gaap_DescriptionOfAssociates" xlink:label="DescriptionOfAssociates"/>
    <presentationArc xlink:type="arc" xlink:arcrole="http://www.xbrl.org/2003/arcrole/parent-child" xlink:from="DescriptionOfAssociatesAbstract" xlink:to="DescriptionOfAssociates" priority="0" order="1.0"/>
    <loc xlink:type="locator" xlink:href="../in-gaap-2012-03-31.xsd#in-gaap_DescriptionOfProportionOfOwnershipInterest" xlink:label="DescriptionOfProportionOfOwnershipInterest"/>
    <presentationArc xlink:type="arc" xlink:arcrole="http://www.xbrl.org/2003/arcrole/parent-child" xlink:from="DescriptionOfAssociatesAbstract" xlink:to="DescriptionOfProportionOfOwnershipInterest" priority="0" order="2.0"/>
    <loc xlink:type="locator" xlink:href="../in-gaap-2012-03-31.xsd#in-gaap_DescriptionOfProportionOfVotingPower" xlink:label="DescriptionOfProportionOfVotingPower"/>
    <presentationArc xlink:type="arc" xlink:arcrole="http://www.xbrl.org/2003/arcrole/parent-child" xlink:from="DescriptionOfAssociatesAbstract" xlink:to="DescriptionOfProportionOfVotingPower" priority="0" order="3.0"/>
    <loc xlink:type="locator" xlink:href="../in-gaap-2012-03-31.xsd#in-gaap_EndOfReportingPeriodOfFinancialStatementsOfAssociatesIfEndOfReportingPeriodIsDifferentFromEntitysEndOfReportingPeriod" xlink:label="EndOfReportingPeriodOfFinancialStatementsOfAssociatesIfEndOfReportingPeriodIsDifferentFromEntitysEndOfReportingPeriod"/>
    <presentationArc xlink:type="arc" xlink:arcrole="http://www.xbrl.org/2003/arcrole/parent-child" xlink:from="DescriptionOfInformationOfAssociatesLineItems" xlink:to="EndOfReportingPeriodOfFinancialStatementsOfAssociatesIfEndOfReportingPeriodIsDifferentFromEntitysEndOfReportingPeriod" priority="0" order="9.0"/>
    <loc xlink:type="locator" xlink:href="../in-gaap-2012-03-31.xsd#in-gaap_DescriptionOfFactDifferentAccountingPoliciesUsedForAssociate" xlink:label="DescriptionOfFactDifferentAccountingPoliciesUsedForAssociate"/>
    <presentationArc xlink:type="arc" xlink:arcrole="http://www.xbrl.org/2003/arcrole/parent-child" xlink:from="DescriptionOfInformationOfAssociatesLineItems" xlink:to="DescriptionOfFactDifferentAccountingPoliciesUsedForAssociate" priority="0" order="10.0"/>
    <loc xlink:type="locator" xlink:href="../in-gaap-2012-03-31.xsd#in-gaap_DescriptionOfDifferencesInAccountingPoliciesUsedByAssociate" xlink:label="DescriptionOfDifferencesInAccountingPoliciesUsedByAssociate"/>
    <presentationArc xlink:type="arc" xlink:arcrole="http://www.xbrl.org/2003/arcrole/parent-child" xlink:from="DescriptionOfInformationOfAssociatesLineItems" xlink:to="DescriptionOfDifferencesInAccountingPoliciesUsedByAssociate" priority="0" order="11.0"/>
    <loc xlink:type="locator" xlink:href="../in-gaap-2012-03-31.xsd#in-gaap_DescriptionOfFactThatAssociateIsNotAccountedForUsingEquityMethod" xlink:label="DescriptionOfFactThatAssociateIsNotAccountedForUsingEquityMethod"/>
    <presentationArc xlink:type="arc" xlink:arcrole="http://www.xbrl.org/2003/arcrole/parent-child" xlink:from="DescriptionOfInformationOfAssociatesLineItems" xlink:to="DescriptionOfFactThatAssociateIsNotAccountedForUsingEquityMethod" priority="0" order="12.0"/>
    <loc xlink:type="locator" xlink:href="../in-gaap-2012-03-31.xsd#in-gaap_GoodwillOrCapitalReserveIncludedInCarryingAmountOfInvestmentInAssociate" xlink:label="GoodwillOrCapitalReserveIncludedInCarryingAmountOfInvestmentInAssociate"/>
    <presentationArc xlink:type="arc" xlink:arcrole="http://www.xbrl.org/2003/arcrole/parent-child" xlink:from="DescriptionOfInformationOfAssociatesLineItems" xlink:to="GoodwillOrCapitalReserveIncludedInCarryingAmountOfInvestmentInAssociate" priority="0" order="13.0"/>
    <loc xlink:type="locator" xlink:href="../in-gaap-2012-03-31.xsd#in-gaap_ShareOfContingentLiabilitiesOfAssociatesAbstract" xlink:label="ShareOfContingentLiabilitiesOfAssociatesAbstract"/>
    <presentationArc xlink:type="arc" xlink:arcrole="http://www.xbrl.org/2003/arcrole/parent-child" xlink:from="DescriptionOfInformationOfAssociatesLineItems" xlink:to="ShareOfContingentLiabilitiesOfAssociatesAbstract" priority="0" order="14.0"/>
    <loc xlink:type="locator" xlink:href="../in-gaap-2012-03-31.xsd#in-gaap_ShareOfContingentLiabilitiesOfAssociatesIncurredJointlyWithOtherInvestors" xlink:label="ShareOfContingentLiabilitiesOfAssociatesIncurredJointlyWithOtherInvestors"/>
    <presentationArc xlink:type="arc" xlink:arcrole="http://www.xbrl.org/2003/arcrole/parent-child" xlink:from="ShareOfContingentLiabilitiesOfAssociatesAbstract" xlink:to="ShareOfContingentLiabilitiesOfAssociatesIncurredJointlyWithOtherInvestors" priority="0" order="1.0"/>
    <loc xlink:type="locator" xlink:href="../in-gaap-2012-03-31.xsd#in-gaap_ShareOfContingentLiabilitiesInRelationToCapitalCommitmentsOfAssociatesIncurredJointlyWithOtherInvestors" xlink:label="ShareOfContingentLiabilitiesInRelationToCapitalCommitmentsOfAssociatesIncurredJointlyWithOtherInvestors"/>
    <presentationArc xlink:type="arc" xlink:arcrole="http://www.xbrl.org/2003/arcrole/parent-child" xlink:from="ShareOfContingentLiabilitiesOfAssociatesAbstract" xlink:to="ShareOfContingentLiabilitiesInRelationToCapitalCommitmentsOfAssociatesIncurredJointlyWithOtherInvestors" priority="0" order="2.0"/>
    <loc xlink:type="locator" xlink:href="../in-gaap-2012-03-31.xsd#in-gaap_ContingentLiabilitiesOfAssociatesForWhichEntityIsSeverallyLiable" xlink:label="ContingentLiabilitiesOfAssociatesForWhichEntityIsSeverallyLiable"/>
    <presentationArc xlink:type="arc" xlink:arcrole="http://www.xbrl.org/2003/arcrole/parent-child" xlink:from="ShareOfContingentLiabilitiesOfAssociatesAbstract" xlink:to="ContingentLiabilitiesOfAssociatesForWhichEntityIsSeverallyLiable" priority="0" order="3.0"/>
    <loc xlink:type="locator" xlink:href="../in-gaap-2012-03-31.xsd#in-gaap_ShareOfExtraordinaryItemsOfAssociates" xlink:label="ShareOfExtraordinaryItemsOfAssociates"/>
    <presentationArc xlink:type="arc" xlink:arcrole="http://www.xbrl.org/2003/arcrole/parent-child" xlink:from="DescriptionOfInformationOfAssociatesLineItems" xlink:to="ShareOfExtraordinaryItemsOfAssociates" priority="0" order="15.0"/>
    <loc xlink:type="locator" xlink:href="../in-gaap-2012-03-31.xsd#in-gaap_ShareOfPriorPeriodItemsOfAssociates" xlink:label="ShareOfPriorPeriodItemsOfAssociates"/>
    <presentationArc xlink:type="arc" xlink:arcrole="http://www.xbrl.org/2003/arcrole/parent-child" xlink:from="DescriptionOfInformationOfAssociatesLineItems" xlink:to="ShareOfPriorPeriodItemsOfAssociates" priority="0" order="16.0"/>
  </presentationLink>
</linkbase>
