<?xml version="1.0" encoding="US-ASCII"?>
<!-- Generated by Fujitsu Interstage XWand B0166 -->
<linkbase xmlns="http://www.xbrl.org/2003/linkbase" xmlns:xsi="http://www.w3.org/2001/XMLSchema-instance" xmlns:xlink="http://www.w3.org/1999/xlink" xmlns:xbrli="http://www.xbrl.org/2003/instance">
  <roleRef roleURI="http://www.icai.org/xbrl/taxonomy/role/in-gaap/NotesImpairment" xlink:type="simple" xlink:href="../in-gaap-roles-2012-03-31.xsd#in-gaap-rol-201500"/>
  <presentationLink xlink:type="extended" xlink:role="http://www.icai.org/xbrl/taxonomy/role/in-gaap/NotesImpairment">
    <loc xlink:type="locator" xlink:href="../in-gaap-2012-03-31.xsd#in-gaap_PrimaryReportableSegmentsAxis" xlink:label="PrimaryReportableSegmentsAxis"/>
    <loc xlink:type="locator" xlink:href="../in-gaap-2012-03-31.xsd#in-gaap_TotalPrimaryReportableSegmentsMember" xlink:label="TotalPrimaryReportableSegmentsMember"/>
    <presentationArc xlink:type="arc" xlink:arcrole="http://www.xbrl.org/2003/arcrole/parent-child" xlink:from="PrimaryReportableSegmentsAxis" xlink:to="TotalPrimaryReportableSegmentsMember" priority="0" order="1.0"/>
    <loc xlink:type="locator" xlink:href="../in-gaap-2012-03-31.xsd#in-gaap_PrimaryReportableSegments1Member" xlink:label="PrimaryReportableSegments1Member"/>
    <presentationArc xlink:type="arc" xlink:arcrole="http://www.xbrl.org/2003/arcrole/parent-child" xlink:from="TotalPrimaryReportableSegmentsMember" xlink:to="PrimaryReportableSegments1Member" priority="0" order="1.0"/>
    <loc xlink:type="locator" xlink:href="../in-gaap-2012-03-31.xsd#in-gaap_PrimaryReportableSegments2Member" xlink:label="PrimaryReportableSegments2Member"/>
    <presentationArc xlink:type="arc" xlink:arcrole="http://www.xbrl.org/2003/arcrole/parent-child" xlink:from="TotalPrimaryReportableSegmentsMember" xlink:to="PrimaryReportableSegments2Member" priority="0" order="2.0"/>
    <loc xlink:type="locator" xlink:href="../in-gaap-2012-03-31.xsd#in-gaap_PrimaryReportableSegments3Member" xlink:label="PrimaryReportableSegments3Member"/>
    <presentationArc xlink:type="arc" xlink:arcrole="http://www.xbrl.org/2003/arcrole/parent-child" xlink:from="TotalPrimaryReportableSegmentsMember" xlink:to="PrimaryReportableSegments3Member" priority="0" order="3.0"/>
    <loc xlink:type="locator" xlink:href="../in-gaap-2012-03-31.xsd#in-gaap_PrimaryReportableSegments4Member" xlink:label="PrimaryReportableSegments4Member"/>
    <presentationArc xlink:type="arc" xlink:arcrole="http://www.xbrl.org/2003/arcrole/parent-child" xlink:from="TotalPrimaryReportableSegmentsMember" xlink:to="PrimaryReportableSegments4Member" priority="0" order="4.0"/>
    <loc xlink:type="locator" xlink:href="../in-gaap-2012-03-31.xsd#in-gaap_PrimaryReportableSegments5Member" xlink:label="PrimaryReportableSegments5Member"/>
    <presentationArc xlink:type="arc" xlink:arcrole="http://www.xbrl.org/2003/arcrole/parent-child" xlink:from="TotalPrimaryReportableSegmentsMember" xlink:to="PrimaryReportableSegments5Member" priority="0" order="5.0"/>
    <loc xlink:type="locator" xlink:href="../in-gaap-2012-03-31.xsd#in-gaap_PrimaryReportableSegments6Member" xlink:label="PrimaryReportableSegments6Member"/>
    <presentationArc xlink:type="arc" xlink:arcrole="http://www.xbrl.org/2003/arcrole/parent-child" xlink:from="TotalPrimaryReportableSegmentsMember" xlink:to="PrimaryReportableSegments6Member" priority="0" order="6.0"/>
    <loc xlink:type="locator" xlink:href="../in-gaap-2012-03-31.xsd#in-gaap_PrimaryReportableSegments7Member" xlink:label="PrimaryReportableSegments7Member"/>
    <presentationArc xlink:type="arc" xlink:arcrole="http://www.xbrl.org/2003/arcrole/parent-child" xlink:from="TotalPrimaryReportableSegmentsMember" xlink:to="PrimaryReportableSegments7Member" priority="0" order="7.0"/>
    <loc xlink:type="locator" xlink:href="../in-gaap-2012-03-31.xsd#in-gaap_PrimaryReportableSegments8Member" xlink:label="PrimaryReportableSegments8Member"/>
    <presentationArc xlink:type="arc" xlink:arcrole="http://www.xbrl.org/2003/arcrole/parent-child" xlink:from="TotalPrimaryReportableSegmentsMember" xlink:to="PrimaryReportableSegments8Member" priority="0" order="8.0"/>
    <loc xlink:type="locator" xlink:href="../in-gaap-2012-03-31.xsd#in-gaap_PrimaryReportableSegments9Member" xlink:label="PrimaryReportableSegments9Member"/>
    <presentationArc xlink:type="arc" xlink:arcrole="http://www.xbrl.org/2003/arcrole/parent-child" xlink:from="TotalPrimaryReportableSegmentsMember" xlink:to="PrimaryReportableSegments9Member" priority="0" order="9.0"/>
    <loc xlink:type="locator" xlink:href="../in-gaap-2012-03-31.xsd#in-gaap_PrimaryReportableSegments10Member" xlink:label="PrimaryReportableSegments10Member"/>
    <presentationArc xlink:type="arc" xlink:arcrole="http://www.xbrl.org/2003/arcrole/parent-child" xlink:from="TotalPrimaryReportableSegmentsMember" xlink:to="PrimaryReportableSegments10Member" priority="0" order="10.0"/>
    <loc xlink:type="locator" xlink:href="../in-gaap-2012-03-31.xsd#in-gaap_PrimaryReportableSegments11Member" xlink:label="PrimaryReportableSegments11Member"/>
    <presentationArc xlink:type="arc" xlink:arcrole="http://www.xbrl.org/2003/arcrole/parent-child" xlink:from="TotalPrimaryReportableSegmentsMember" xlink:to="PrimaryReportableSegments11Member" priority="0" order="11.0"/>
    <loc xlink:type="locator" xlink:href="../in-gaap-2012-03-31.xsd#in-gaap_PrimaryReportableSegments12Member" xlink:label="PrimaryReportableSegments12Member"/>
    <presentationArc xlink:type="arc" xlink:arcrole="http://www.xbrl.org/2003/arcrole/parent-child" xlink:from="TotalPrimaryReportableSegmentsMember" xlink:to="PrimaryReportableSegments12Member" priority="0" order="12.0"/>
    <loc xlink:type="locator" xlink:href="../in-gaap-2012-03-31.xsd#in-gaap_PrimaryReportableSegments13Member" xlink:label="PrimaryReportableSegments13Member"/>
    <presentationArc xlink:type="arc" xlink:arcrole="http://www.xbrl.org/2003/arcrole/parent-child" xlink:from="TotalPrimaryReportableSegmentsMember" xlink:to="PrimaryReportableSegments13Member" priority="0" order="13.0"/>
    <loc xlink:type="locator" xlink:href="../in-gaap-2012-03-31.xsd#in-gaap_PrimaryReportableSegments14Member" xlink:label="PrimaryReportableSegments14Member"/>
    <presentationArc xlink:type="arc" xlink:arcrole="http://www.xbrl.org/2003/arcrole/parent-child" xlink:from="TotalPrimaryReportableSegmentsMember" xlink:to="PrimaryReportableSegments14Member" priority="0" order="14.0"/>
    <loc xlink:type="locator" xlink:href="../in-gaap-2012-03-31.xsd#in-gaap_PrimaryReportableSegments15Member" xlink:label="PrimaryReportableSegments15Member"/>
    <presentationArc xlink:type="arc" xlink:arcrole="http://www.xbrl.org/2003/arcrole/parent-child" xlink:from="TotalPrimaryReportableSegmentsMember" xlink:to="PrimaryReportableSegments15Member" priority="0" order="15.0"/>
    <loc xlink:type="locator" xlink:href="../in-gaap-2012-03-31.xsd#in-gaap_PrimaryReportableSegments16Member" xlink:label="PrimaryReportableSegments16Member"/>
    <presentationArc xlink:type="arc" xlink:arcrole="http://www.xbrl.org/2003/arcrole/parent-child" xlink:from="TotalPrimaryReportableSegmentsMember" xlink:to="PrimaryReportableSegments16Member" priority="0" order="16.0"/>
    <loc xlink:type="locator" xlink:href="../in-gaap-2012-03-31.xsd#in-gaap_PrimaryReportableSegments17Member" xlink:label="PrimaryReportableSegments17Member"/>
    <presentationArc xlink:type="arc" xlink:arcrole="http://www.xbrl.org/2003/arcrole/parent-child" xlink:from="TotalPrimaryReportableSegmentsMember" xlink:to="PrimaryReportableSegments17Member" priority="0" order="17.0"/>
    <loc xlink:type="locator" xlink:href="../in-gaap-2012-03-31.xsd#in-gaap_PrimaryReportableSegments18Member" xlink:label="PrimaryReportableSegments18Member"/>
    <presentationArc xlink:type="arc" xlink:arcrole="http://www.xbrl.org/2003/arcrole/parent-child" xlink:from="TotalPrimaryReportableSegmentsMember" xlink:to="PrimaryReportableSegments18Member" priority="0" order="18.0"/>
    <loc xlink:type="locator" xlink:href="../in-gaap-2012-03-31.xsd#in-gaap_PrimaryReportableSegments19Member" xlink:label="PrimaryReportableSegments19Member"/>
    <presentationArc xlink:type="arc" xlink:arcrole="http://www.xbrl.org/2003/arcrole/parent-child" xlink:from="TotalPrimaryReportableSegmentsMember" xlink:to="PrimaryReportableSegments19Member" priority="0" order="19.0"/>
    <loc xlink:type="locator" xlink:href="../in-gaap-2012-03-31.xsd#in-gaap_PrimaryReportableSegments20Member" xlink:label="PrimaryReportableSegments20Member"/>
    <presentationArc xlink:type="arc" xlink:arcrole="http://www.xbrl.org/2003/arcrole/parent-child" xlink:from="TotalPrimaryReportableSegmentsMember" xlink:to="PrimaryReportableSegments20Member" priority="0" order="20.0"/>
    <loc xlink:type="locator" xlink:href="../in-gaap-2012-03-31.xsd#in-gaap_DisclosureOfImpairmentOfAssetsExplanatoryTextBlock" xlink:label="DisclosureOfImpairmentOfAssetsExplanatoryTextBlock"/>
    <loc xlink:type="locator" xlink:href="../in-gaap-2012-03-31.xsd#in-gaap_DisclosureOfImpairmentLossAndReversalOfImpairmentLossExplanatoryTextBlock" xlink:label="DisclosureOfImpairmentLossAndReversalOfImpairmentLossExplanatoryTextBlock"/>
    <presentationArc xlink:type="arc" xlink:arcrole="http://www.xbrl.org/2003/arcrole/parent-child" xlink:from="DisclosureOfImpairmentOfAssetsExplanatoryTextBlock" xlink:to="DisclosureOfImpairmentLossAndReversalOfImpairmentLossExplanatoryTextBlock" priority="0" order="1.0"/>
    <loc xlink:type="locator" xlink:href="../in-gaap-2012-03-31.xsd#in-gaap_DisclosureOfImpairmentLossAndReversalOfImpairmentLossAbstract" xlink:label="DisclosureOfImpairmentLossAndReversalOfImpairmentLossAbstract"/>
    <presentationArc xlink:type="arc" xlink:arcrole="http://www.xbrl.org/2003/arcrole/parent-child" xlink:from="DisclosureOfImpairmentLossAndReversalOfImpairmentLossExplanatoryTextBlock" xlink:to="DisclosureOfImpairmentLossAndReversalOfImpairmentLossAbstract" priority="0" order="1.0"/>
    <loc xlink:type="locator" xlink:href="../in-gaap-2012-03-31.xsd#in-gaap_DisclosureOfImpairmentLossAndReversalOfImpairmentLossTable" xlink:label="DisclosureOfImpairmentLossAndReversalOfImpairmentLossTable"/>
    <presentationArc xlink:type="arc" xlink:arcrole="http://www.xbrl.org/2003/arcrole/parent-child" xlink:from="DisclosureOfImpairmentLossAndReversalOfImpairmentLossAbstract" xlink:to="DisclosureOfImpairmentLossAndReversalOfImpairmentLossTable" priority="0" order="1.0"/>
    <loc xlink:type="locator" xlink:href="../in-gaap-2012-03-31.xsd#in-gaap_ClassesOfAssetsAxis" xlink:label="ClassesOfAssetsAxis"/>
    <presentationArc xlink:type="arc" xlink:arcrole="http://www.xbrl.org/2003/arcrole/parent-child" xlink:from="DisclosureOfImpairmentLossAndReversalOfImpairmentLossTable" xlink:to="ClassesOfAssetsAxis" priority="0" order="1.0"/>
    <loc xlink:type="locator" xlink:href="../in-gaap-2012-03-31.xsd#in-gaap_ClassesOfAssetsMember" xlink:label="ClassesOfAssetsMember"/>
    <presentationArc xlink:type="arc" xlink:arcrole="http://www.xbrl.org/2003/arcrole/parent-child" xlink:from="ClassesOfAssetsAxis" xlink:to="ClassesOfAssetsMember" priority="0" order="1.0"/>
    <loc xlink:type="locator" xlink:href="../in-gaap-2012-03-31.xsd#in-gaap_TangibleAssetsMember" xlink:label="TangibleAssetsMember"/>
    <presentationArc xlink:type="arc" xlink:arcrole="http://www.xbrl.org/2003/arcrole/parent-child" xlink:from="ClassesOfAssetsMember" xlink:to="TangibleAssetsMember" priority="0" order="1.0"/>
    <loc xlink:type="locator" xlink:href="../in-gaap-2012-03-31.xsd#in-gaap_IntangibleAssetsMember" xlink:label="IntangibleAssetsMember"/>
    <presentationArc xlink:type="arc" xlink:arcrole="http://www.xbrl.org/2003/arcrole/parent-child" xlink:from="ClassesOfAssetsMember" xlink:to="IntangibleAssetsMember" priority="0" order="2.0"/>
    <loc xlink:type="locator" xlink:href="../in-gaap-2012-03-31.xsd#in-gaap_DisclosureOfImpairmentLossAndReversalOfImpairmentLossLineItems" xlink:label="DisclosureOfImpairmentLossAndReversalOfImpairmentLossLineItems"/>
    <presentationArc xlink:type="arc" xlink:arcrole="http://www.xbrl.org/2003/arcrole/parent-child" xlink:from="DisclosureOfImpairmentLossAndReversalOfImpairmentLossAbstract" xlink:to="DisclosureOfImpairmentLossAndReversalOfImpairmentLossLineItems" priority="0" order="2.0"/>
    <loc xlink:type="locator" xlink:href="../in-gaap-2012-03-31.xsd#in-gaap_ImpairmentLossRecognisedInProfitOrLoss" xlink:label="ImpairmentLossRecognisedInProfitOrLoss"/>
    <presentationArc xlink:type="arc" xlink:arcrole="http://www.xbrl.org/2003/arcrole/parent-child" xlink:from="DisclosureOfImpairmentLossAndReversalOfImpairmentLossLineItems" xlink:to="ImpairmentLossRecognisedInProfitOrLoss" priority="0" order="1.0"/>
    <loc xlink:type="locator" xlink:href="../in-gaap-2012-03-31.xsd#in-gaap_LineItemInStatementOfProfitOrLossWhereImpairmentLossIsRecognised" xlink:label="LineItemInStatementOfProfitOrLossWhereImpairmentLossIsRecognised"/>
    <presentationArc xlink:type="arc" xlink:arcrole="http://www.xbrl.org/2003/arcrole/parent-child" xlink:from="DisclosureOfImpairmentLossAndReversalOfImpairmentLossLineItems" xlink:to="LineItemInStatementOfProfitOrLossWhereImpairmentLossIsRecognised" priority="0" order="2.0"/>
    <loc xlink:type="locator" xlink:href="../in-gaap-2012-03-31.xsd#in-gaap_ReversalOfImpairmentLossRecognisedInProfitOrLoss" xlink:label="ReversalOfImpairmentLossRecognisedInProfitOrLoss"/>
    <presentationArc xlink:type="arc" xlink:arcrole="http://www.xbrl.org/2003/arcrole/parent-child" xlink:from="DisclosureOfImpairmentLossAndReversalOfImpairmentLossLineItems" xlink:to="ReversalOfImpairmentLossRecognisedInProfitOrLoss" priority="0" order="3.0"/>
    <loc xlink:type="locator" xlink:href="../in-gaap-2012-03-31.xsd#in-gaap_LineItemInStatementOfProfitOrLossWhereReversalOfImpairmentLossIsRecognised" xlink:label="LineItemInStatementOfProfitOrLossWhereReversalOfImpairmentLossIsRecognised"/>
    <presentationArc xlink:type="arc" xlink:arcrole="http://www.xbrl.org/2003/arcrole/parent-child" xlink:from="DisclosureOfImpairmentLossAndReversalOfImpairmentLossLineItems" xlink:to="LineItemInStatementOfProfitOrLossWhereReversalOfImpairmentLossIsRecognised" priority="0" order="4.0"/>
    <loc xlink:type="locator" xlink:href="../in-gaap-2012-03-31.xsd#in-gaap_ImpairmentLossDirectlyRecognisedInRevaluationSurplus" xlink:label="ImpairmentLossDirectlyRecognisedInRevaluationSurplus"/>
    <presentationArc xlink:type="arc" xlink:arcrole="http://www.xbrl.org/2003/arcrole/parent-child" xlink:from="DisclosureOfImpairmentLossAndReversalOfImpairmentLossLineItems" xlink:to="ImpairmentLossDirectlyRecognisedInRevaluationSurplus" priority="0" order="5.0"/>
    <loc xlink:type="locator" xlink:href="../in-gaap-2012-03-31.xsd#in-gaap_ReversalOfImpairmentLossDirectlyRecognisedInRevaluationSurplus" xlink:label="ReversalOfImpairmentLossDirectlyRecognisedInRevaluationSurplus"/>
    <presentationArc xlink:type="arc" xlink:arcrole="http://www.xbrl.org/2003/arcrole/parent-child" xlink:from="DisclosureOfImpairmentLossAndReversalOfImpairmentLossLineItems" xlink:to="ReversalOfImpairmentLossDirectlyRecognisedInRevaluationSurplus" priority="0" order="6.0"/>
    <loc xlink:type="locator" xlink:href="../in-gaap-2012-03-31.xsd#in-gaap_DisclosureOfImpairmentOfAssetsInPrimarySegmentDisclosureFormatExplanatoryTextBlock" xlink:label="DisclosureOfImpairmentOfAssetsInPrimarySegmentDisclosureFormatExplanatoryTextBlock"/>
    <presentationArc xlink:type="arc" xlink:arcrole="http://www.xbrl.org/2003/arcrole/parent-child" xlink:from="DisclosureOfImpairmentOfAssetsExplanatoryTextBlock" xlink:to="DisclosureOfImpairmentOfAssetsInPrimarySegmentDisclosureFormatExplanatoryTextBlock" priority="0" order="2.0"/>
    <loc xlink:type="locator" xlink:href="../in-gaap-2012-03-31.xsd#in-gaap_DisclosureOfImpairmentOfAssetsInPrimarySegmentDisclosureFormatAbstract" xlink:label="DisclosureOfImpairmentOfAssetsInPrimarySegmentDisclosureFormatAbstract"/>
    <presentationArc xlink:type="arc" xlink:arcrole="http://www.xbrl.org/2003/arcrole/parent-child" xlink:from="DisclosureOfImpairmentOfAssetsInPrimarySegmentDisclosureFormatExplanatoryTextBlock" xlink:to="DisclosureOfImpairmentOfAssetsInPrimarySegmentDisclosureFormatAbstract" priority="0" order="1.0"/>
    <loc xlink:type="locator" xlink:href="../in-gaap-2012-03-31.xsd#in-gaap_DisclosureOfImpairmentOfAssetsInPrimarySegmentDisclosureFormatTable" xlink:label="DisclosureOfImpairmentOfAssetsInPrimarySegmentDisclosureFormatTable"/>
    <presentationArc xlink:type="arc" xlink:arcrole="http://www.xbrl.org/2003/arcrole/parent-child" xlink:from="DisclosureOfImpairmentOfAssetsInPrimarySegmentDisclosureFormatAbstract" xlink:to="DisclosureOfImpairmentOfAssetsInPrimarySegmentDisclosureFormatTable" priority="0" order="1.0"/>
    <presentationArc xlink:type="arc" xlink:arcrole="http://www.xbrl.org/2003/arcrole/parent-child" xlink:from="DisclosureOfImpairmentOfAssetsInPrimarySegmentDisclosureFormatTable" xlink:to="PrimaryReportableSegmentsAxis" priority="0" order="1.0"/>
    <loc xlink:type="locator" xlink:href="../in-gaap-2012-03-31.xsd#in-gaap_DisclosureOfImpairmentOfAssetsInPrimarySegmentDisclosureFormatLineItems" xlink:label="DisclosureOfImpairmentOfAssetsInPrimarySegmentDisclosureFormatLineItems"/>
    <presentationArc xlink:type="arc" xlink:arcrole="http://www.xbrl.org/2003/arcrole/parent-child" xlink:from="DisclosureOfImpairmentOfAssetsInPrimarySegmentDisclosureFormatAbstract" xlink:to="DisclosureOfImpairmentOfAssetsInPrimarySegmentDisclosureFormatLineItems" priority="0" order="2.0"/>
    <loc xlink:type="locator" xlink:href="../in-gaap-2012-03-31.xsd#in-gaap_ImpairmentLossRecognisedInProfitOrLoss" xlink:label="ImpairmentLossRecognisedInProfitOrLoss_2"/>
    <presentationArc xlink:type="arc" xlink:arcrole="http://www.xbrl.org/2003/arcrole/parent-child" xlink:from="DisclosureOfImpairmentOfAssetsInPrimarySegmentDisclosureFormatLineItems" xlink:to="ImpairmentLossRecognisedInProfitOrLoss_2" priority="0" order="1.0"/>
    <loc xlink:type="locator" xlink:href="../in-gaap-2012-03-31.xsd#in-gaap_ImpairmentLossDirectlyRecognisedInRevaluationSurplus" xlink:label="ImpairmentLossDirectlyRecognisedInRevaluationSurplus_2"/>
    <presentationArc xlink:type="arc" xlink:arcrole="http://www.xbrl.org/2003/arcrole/parent-child" xlink:from="DisclosureOfImpairmentOfAssetsInPrimarySegmentDisclosureFormatLineItems" xlink:to="ImpairmentLossDirectlyRecognisedInRevaluationSurplus_2" priority="0" order="2.0"/>
    <loc xlink:type="locator" xlink:href="../in-gaap-2012-03-31.xsd#in-gaap_ReversalOfImpairmentLossRecognisedInProfitOrLoss" xlink:label="ReversalOfImpairmentLossRecognisedInProfitOrLoss_2"/>
    <presentationArc xlink:type="arc" xlink:arcrole="http://www.xbrl.org/2003/arcrole/parent-child" xlink:from="DisclosureOfImpairmentOfAssetsInPrimarySegmentDisclosureFormatLineItems" xlink:to="ReversalOfImpairmentLossRecognisedInProfitOrLoss_2" priority="0" order="3.0"/>
    <loc xlink:type="locator" xlink:href="../in-gaap-2012-03-31.xsd#in-gaap_ReversalOfImpairmentLossDirectlyRecognisedInRevaluationSurplus" xlink:label="ReversalOfImpairmentLossDirectlyRecognisedInRevaluationSurplus_2"/>
    <presentationArc xlink:type="arc" xlink:arcrole="http://www.xbrl.org/2003/arcrole/parent-child" xlink:from="DisclosureOfImpairmentOfAssetsInPrimarySegmentDisclosureFormatLineItems" xlink:to="ReversalOfImpairmentLossDirectlyRecognisedInRevaluationSurplus_2" priority="0" order="4.0"/>
    <loc xlink:type="locator" xlink:href="../in-gaap-2012-03-31.xsd#in-gaap_ExplanationOfImpairmentLossRecognisedOrReversedByClassOfAssetsAndByReportableSegment" xlink:label="ExplanationOfImpairmentLossRecognisedOrReversedByClassOfAssetsAndByReportableSegment"/>
    <presentationArc xlink:type="arc" xlink:arcrole="http://www.xbrl.org/2003/arcrole/parent-child" xlink:from="DisclosureOfImpairmentOfAssetsExplanatoryTextBlock" xlink:to="ExplanationOfImpairmentLossRecognisedOrReversedByClassOfAssetsAndByReportableSegment" priority="0" order="3.0"/>
    <loc xlink:type="locator" xlink:href="../in-gaap-2012-03-31.xsd#in-gaap_DisclosureOfImpairmentLossRecognisedOrReversedAbstract" xlink:label="DisclosureOfImpairmentLossRecognisedOrReversedAbstract"/>
    <presentationArc xlink:type="arc" xlink:arcrole="http://www.xbrl.org/2003/arcrole/parent-child" xlink:from="ExplanationOfImpairmentLossRecognisedOrReversedByClassOfAssetsAndByReportableSegment" xlink:to="DisclosureOfImpairmentLossRecognisedOrReversedAbstract" priority="0" order="1.0"/>
    <loc xlink:type="locator" xlink:href="../in-gaap-2012-03-31.xsd#in-gaap_DisclosureOfImpairmentLossRecognisedOrReversedTable" xlink:label="DisclosureOfImpairmentLossRecognisedOrReversedTable"/>
    <presentationArc xlink:type="arc" xlink:arcrole="http://www.xbrl.org/2003/arcrole/parent-child" xlink:from="DisclosureOfImpairmentLossRecognisedOrReversedAbstract" xlink:to="DisclosureOfImpairmentLossRecognisedOrReversedTable" priority="0" order="1.0"/>
    <loc xlink:type="locator" xlink:href="../in-gaap-2012-03-31.xsd#in-gaap_IndividualAssetsOrCashGeneratingUnitsAxis" xlink:label="IndividualAssetsOrCashGeneratingUnitsAxis"/>
    <presentationArc xlink:type="arc" xlink:arcrole="http://www.xbrl.org/2003/arcrole/parent-child" xlink:from="DisclosureOfImpairmentLossRecognisedOrReversedTable" xlink:to="IndividualAssetsOrCashGeneratingUnitsAxis" priority="0" order="1.0"/>
    <loc xlink:type="locator" xlink:href="../in-gaap-2012-03-31.xsd#in-gaap_TotalForIndividualAssetsOrCashGeneratingUnitsMember" xlink:label="TotalForIndividualAssetsOrCashGeneratingUnitsMember"/>
    <presentationArc xlink:type="arc" xlink:arcrole="http://www.xbrl.org/2003/arcrole/parent-child" xlink:from="IndividualAssetsOrCashGeneratingUnitsAxis" xlink:to="TotalForIndividualAssetsOrCashGeneratingUnitsMember" priority="0" order="1.0"/>
    <loc xlink:type="locator" xlink:href="../in-gaap-2012-03-31.xsd#in-gaap_IndividualAssetsMember" xlink:label="IndividualAssetsMember"/>
    <presentationArc xlink:type="arc" xlink:arcrole="http://www.xbrl.org/2003/arcrole/parent-child" xlink:from="TotalForIndividualAssetsOrCashGeneratingUnitsMember" xlink:to="IndividualAssetsMember" priority="0" order="1.0"/>
    <loc xlink:type="locator" xlink:href="../in-gaap-2012-03-31.xsd#in-gaap_CashGeneratingUnitsMember" xlink:label="CashGeneratingUnitsMember"/>
    <presentationArc xlink:type="arc" xlink:arcrole="http://www.xbrl.org/2003/arcrole/parent-child" xlink:from="TotalForIndividualAssetsOrCashGeneratingUnitsMember" xlink:to="CashGeneratingUnitsMember" priority="0" order="2.0"/>
    <loc xlink:type="locator" xlink:href="../in-gaap-2012-03-31.xsd#in-gaap_ClassesOfAssetsAxis" xlink:label="ClassesOfAssetsAxis_2"/>
    <presentationArc xlink:type="arc" xlink:arcrole="http://www.xbrl.org/2003/arcrole/parent-child" xlink:from="DisclosureOfImpairmentLossRecognisedOrReversedTable" xlink:to="ClassesOfAssetsAxis_2" priority="0" order="2.0"/>
    <loc xlink:type="locator" xlink:href="../in-gaap-2012-03-31.xsd#in-gaap_PrimaryReportableSegmentsAxis" xlink:label="PrimaryReportableSegmentsAxis_2"/>
    <presentationArc xlink:type="arc" xlink:arcrole="http://www.xbrl.org/2003/arcrole/parent-child" xlink:from="DisclosureOfImpairmentLossRecognisedOrReversedTable" xlink:to="PrimaryReportableSegmentsAxis_2" priority="0" order="3.0"/>
    <loc xlink:type="locator" xlink:href="../in-gaap-2012-03-31.xsd#in-gaap_DisclosureOfImpairmentLossRecognisedOrReversedLineItems" xlink:label="DisclosureOfImpairmentLossRecognisedOrReversedLineItems"/>
    <presentationArc xlink:type="arc" xlink:arcrole="http://www.xbrl.org/2003/arcrole/parent-child" xlink:from="DisclosureOfImpairmentLossRecognisedOrReversedAbstract" xlink:to="DisclosureOfImpairmentLossRecognisedOrReversedLineItems" priority="0" order="2.0"/>
    <loc xlink:type="locator" xlink:href="../in-gaap-2012-03-31.xsd#in-gaap_ExplanationOfMainEventsAndCircumstancesThatLedToRecognitionOfImpairmentLossesAndReversalsOfImpairmentLosses" xlink:label="ExplanationOfMainEventsAndCircumstancesThatLedToRecognitionOfImpairmentLossesAndReversalsOfImpairmentLosses"/>
    <presentationArc xlink:type="arc" xlink:arcrole="http://www.xbrl.org/2003/arcrole/parent-child" xlink:from="DisclosureOfImpairmentLossRecognisedOrReversedLineItems" xlink:to="ExplanationOfMainEventsAndCircumstancesThatLedToRecognitionOfImpairmentLossesAndReversalsOfImpairmentLosses" priority="0" order="1.0"/>
    <loc xlink:type="locator" xlink:href="../in-gaap-2012-03-31.xsd#in-gaap_ImpairmentLoss" xlink:label="ImpairmentLoss"/>
    <presentationArc xlink:type="arc" xlink:arcrole="http://www.xbrl.org/2003/arcrole/parent-child" xlink:from="DisclosureOfImpairmentLossRecognisedOrReversedLineItems" xlink:to="ImpairmentLoss" priority="0" order="2.0"/>
    <loc xlink:type="locator" xlink:href="../in-gaap-2012-03-31.xsd#in-gaap_ReversalOfImpairmentLoss" xlink:label="ReversalOfImpairmentLoss"/>
    <presentationArc xlink:type="arc" xlink:arcrole="http://www.xbrl.org/2003/arcrole/parent-child" xlink:from="DisclosureOfImpairmentLossRecognisedOrReversedLineItems" xlink:to="ReversalOfImpairmentLoss" priority="0" order="3.0"/>
    <loc xlink:type="locator" xlink:href="../in-gaap-2012-03-31.xsd#in-gaap_NatureOfAsset" xlink:label="NatureOfAsset"/>
    <presentationArc xlink:type="arc" xlink:arcrole="http://www.xbrl.org/2003/arcrole/parent-child" xlink:from="DisclosureOfImpairmentLossRecognisedOrReversedLineItems" xlink:to="NatureOfAsset" priority="0" order="4.0"/>
    <loc xlink:type="locator" xlink:href="../in-gaap-2012-03-31.xsd#in-gaap_DescriptionOfCashGeneratingUnit" xlink:label="DescriptionOfCashGeneratingUnit"/>
    <presentationArc xlink:type="arc" xlink:arcrole="http://www.xbrl.org/2003/arcrole/parent-child" xlink:from="DisclosureOfImpairmentLossRecognisedOrReversedLineItems" xlink:to="DescriptionOfCashGeneratingUnit" priority="0" order="5.0"/>
    <loc xlink:type="locator" xlink:href="../in-gaap-2012-03-31.xsd#in-gaap_DescriptionOfCurrentAndFormerWayOfAggregatingAssetsWhereThereHasBeenChangeFromPreviousYearAndAlsoReasonsForChangeTextBlock" xlink:label="DescriptionOfCurrentAndFormerWayOfAggregatingAssetsWhereThereHasBeenChangeFromPreviousYearAndAlsoReasonsForChangeTextBlock"/>
    <presentationArc xlink:type="arc" xlink:arcrole="http://www.xbrl.org/2003/arcrole/parent-child" xlink:from="DisclosureOfImpairmentLossRecognisedOrReversedLineItems" xlink:to="DescriptionOfCurrentAndFormerWayOfAggregatingAssetsWhereThereHasBeenChangeFromPreviousYearAndAlsoReasonsForChangeTextBlock" priority="0" order="6.0"/>
    <loc xlink:type="locator" xlink:href="../in-gaap-2012-03-31.xsd#in-gaap_DisclosureOfWhetherRecoverableAmountOfAssetIsNetSellingPriceOrItsValueInUse" xlink:label="DisclosureOfWhetherRecoverableAmountOfAssetIsNetSellingPriceOrItsValueInUse"/>
    <presentationArc xlink:type="arc" xlink:arcrole="http://www.xbrl.org/2003/arcrole/parent-child" xlink:from="DisclosureOfImpairmentLossRecognisedOrReversedLineItems" xlink:to="DisclosureOfWhetherRecoverableAmountOfAssetIsNetSellingPriceOrItsValueInUse" priority="0" order="7.0"/>
    <loc xlink:type="locator" xlink:href="../in-gaap-2012-03-31.xsd#in-gaap_DisclosureOfBasisUsedToDetermineNetSellingPriceIfRecoverableAmountIsNetSellingPrice" xlink:label="DisclosureOfBasisUsedToDetermineNetSellingPriceIfRecoverableAmountIsNetSellingPrice"/>
    <presentationArc xlink:type="arc" xlink:arcrole="http://www.xbrl.org/2003/arcrole/parent-child" xlink:from="DisclosureOfImpairmentLossRecognisedOrReversedLineItems" xlink:to="DisclosureOfBasisUsedToDetermineNetSellingPriceIfRecoverableAmountIsNetSellingPrice" priority="0" order="8.0"/>
    <loc xlink:type="locator" xlink:href="../in-gaap-2012-03-31.xsd#in-gaap_DisclosureOfDiscountRateIfRecoverableAmountIsValueInUseAbstract" xlink:label="DisclosureOfDiscountRateIfRecoverableAmountIsValueInUseAbstract"/>
    <presentationArc xlink:type="arc" xlink:arcrole="http://www.xbrl.org/2003/arcrole/parent-child" xlink:from="DisclosureOfImpairmentLossRecognisedOrReversedLineItems" xlink:to="DisclosureOfDiscountRateIfRecoverableAmountIsValueInUseAbstract" priority="0" order="9.0"/>
    <loc xlink:type="locator" xlink:href="../in-gaap-2012-03-31.xsd#in-gaap_DiscountRateInCurrentEstimateOfValueInUse" xlink:label="DiscountRateInCurrentEstimateOfValueInUse"/>
    <presentationArc xlink:type="arc" xlink:arcrole="http://www.xbrl.org/2003/arcrole/parent-child" xlink:from="DisclosureOfDiscountRateIfRecoverableAmountIsValueInUseAbstract" xlink:to="DiscountRateInCurrentEstimateOfValueInUse" priority="0" order="1.0"/>
    <loc xlink:type="locator" xlink:href="../in-gaap-2012-03-31.xsd#in-gaap_DiscountRateInPreviousEstimateOfValueInUse" xlink:label="DiscountRateInPreviousEstimateOfValueInUse"/>
    <presentationArc xlink:type="arc" xlink:arcrole="http://www.xbrl.org/2003/arcrole/parent-child" xlink:from="DisclosureOfDiscountRateIfRecoverableAmountIsValueInUseAbstract" xlink:to="DiscountRateInPreviousEstimateOfValueInUse" priority="0" order="2.0"/>
    <loc xlink:type="locator" xlink:href="../in-gaap-2012-03-31.xsd#in-gaap_ExplanationOfMainClassesOfAssetsAffectedByImpairmentLossesOrReversalsOfImpairmentLossesForWhichNoDisclosureIsMadeUnderPara121OfAS28" xlink:label="ExplanationOfMainClassesOfAssetsAffectedByImpairmentLossesOrReversalsOfImpairmentLossesForWhichNoDisclosureIsMadeUnderPara121OfAS28"/>
    <presentationArc xlink:type="arc" xlink:arcrole="http://www.xbrl.org/2003/arcrole/parent-child" xlink:from="DisclosureOfImpairmentOfAssetsExplanatoryTextBlock" xlink:to="ExplanationOfMainClassesOfAssetsAffectedByImpairmentLossesOrReversalsOfImpairmentLossesForWhichNoDisclosureIsMadeUnderPara121OfAS28" priority="0" order="4.0"/>
    <loc xlink:type="locator" xlink:href="../in-gaap-2012-03-31.xsd#in-gaap_ExplanationOfMainEventsAndCircumstancesThatLetToRecognitionOfTheseImpairmentLossesOrReversalsOfImpairmentLossesForWhichNoDisclosureIsMadeUnderPara121OfAS28" xlink:label="ExplanationOfMainEventsAndCircumstancesThatLetToRecognitionOfTheseImpairmentLossesOrReversalsOfImpairmentLossesForWhichNoDisclosureIsMadeUnderPara121OfAS28"/>
    <presentationArc xlink:type="arc" xlink:arcrole="http://www.xbrl.org/2003/arcrole/parent-child" xlink:from="DisclosureOfImpairmentOfAssetsExplanatoryTextBlock" xlink:to="ExplanationOfMainEventsAndCircumstancesThatLetToRecognitionOfTheseImpairmentLossesOrReversalsOfImpairmentLossesForWhichNoDisclosureIsMadeUnderPara121OfAS28" priority="0" order="5.0"/>
    <loc xlink:type="locator" xlink:href="../in-gaap-2012-03-31.xsd#in-gaap_DescriptionOfKeyAssumptionsUsedToDetermineRecoverableAmountsOfAssetsOrCashGeneratingUnits" xlink:label="DescriptionOfKeyAssumptionsUsedToDetermineRecoverableAmountsOfAssetsOrCashGeneratingUnits"/>
    <presentationArc xlink:type="arc" xlink:arcrole="http://www.xbrl.org/2003/arcrole/parent-child" xlink:from="DisclosureOfImpairmentOfAssetsExplanatoryTextBlock" xlink:to="DescriptionOfKeyAssumptionsUsedToDetermineRecoverableAmountsOfAssetsOrCashGeneratingUnits" priority="0" order="6.0"/>
  </presentationLink>
</linkbase>
