<?xml version="1.0" encoding="US-ASCII"?>
<!-- Generated by Fujitsu Interstage XWand B0166 -->
<linkbase xmlns="http://www.xbrl.org/2003/linkbase" xmlns:xsi="http://www.w3.org/2001/XMLSchema-instance" xmlns:xlink="http://www.w3.org/1999/xlink" xmlns:xbrli="http://www.xbrl.org/2003/instance">
  <roleRef roleURI="http://www.icai.org/xbrl/taxonomy/role/in-gaap/NotesEmployeeSharebasedPayments" xlink:type="simple" xlink:href="../in-gaap-roles-2012-03-31.xsd#in-gaap-rol-300400"/>
  <presentationLink xlink:type="extended" xlink:role="http://www.icai.org/xbrl/taxonomy/role/in-gaap/NotesEmployeeSharebasedPayments">
    <loc xlink:type="locator" xlink:href="../in-gaap-2012-03-31.xsd#in-gaap_DisclosureOfNotesOnEmployeeSharebasedPaymentArrangementsExplanatoryTextBlock" xlink:label="DisclosureOfNotesOnEmployeeSharebasedPaymentArrangementsExplanatoryTextBlock"/>
    <loc xlink:type="locator" xlink:href="../in-gaap-2012-03-31.xsd#in-gaap_DisclosureOfTermsAndConditionsOfEmployeeSharebasedPaymentArrangementExplanatoryTextBlock" xlink:label="DisclosureOfTermsAndConditionsOfEmployeeSharebasedPaymentArrangementExplanatoryTextBlock"/>
    <presentationArc xlink:type="arc" xlink:arcrole="http://www.xbrl.org/2003/arcrole/parent-child" xlink:from="DisclosureOfNotesOnEmployeeSharebasedPaymentArrangementsExplanatoryTextBlock" xlink:to="DisclosureOfTermsAndConditionsOfEmployeeSharebasedPaymentArrangementExplanatoryTextBlock" priority="0" order="1.0"/>
    <loc xlink:type="locator" xlink:href="../in-gaap-2012-03-31.xsd#in-gaap_DisclosureOfTermsAndConditionsOfEmployeeSharebasedPaymentArrangementAbstract" xlink:label="DisclosureOfTermsAndConditionsOfEmployeeSharebasedPaymentArrangementAbstract"/>
    <presentationArc xlink:type="arc" xlink:arcrole="http://www.xbrl.org/2003/arcrole/parent-child" xlink:from="DisclosureOfTermsAndConditionsOfEmployeeSharebasedPaymentArrangementExplanatoryTextBlock" xlink:to="DisclosureOfTermsAndConditionsOfEmployeeSharebasedPaymentArrangementAbstract" priority="0" order="1.0"/>
    <loc xlink:type="locator" xlink:href="../in-gaap-2012-03-31.xsd#in-gaap_DisclosureOfTermsAndConditionsOfEmployeeSharebasedPaymentArrangementTable" xlink:label="DisclosureOfTermsAndConditionsOfEmployeeSharebasedPaymentArrangementTable"/>
    <presentationArc xlink:type="arc" xlink:arcrole="http://www.xbrl.org/2003/arcrole/parent-child" xlink:from="DisclosureOfTermsAndConditionsOfEmployeeSharebasedPaymentArrangementAbstract" xlink:to="DisclosureOfTermsAndConditionsOfEmployeeSharebasedPaymentArrangementTable" priority="0" order="1.0"/>
    <loc xlink:type="locator" xlink:href="../in-gaap-2012-03-31.xsd#in-gaap_TypesOfEmployeeSharebasedPaymentArrangementsAxis" xlink:label="TypesOfEmployeeSharebasedPaymentArrangementsAxis"/>
    <presentationArc xlink:type="arc" xlink:arcrole="http://www.xbrl.org/2003/arcrole/parent-child" xlink:from="DisclosureOfTermsAndConditionsOfEmployeeSharebasedPaymentArrangementTable" xlink:to="TypesOfEmployeeSharebasedPaymentArrangementsAxis" priority="0" order="1.0"/>
    <loc xlink:type="locator" xlink:href="../in-gaap-2012-03-31.xsd#in-gaap_EmployeeSharebasedPaymentArrangementsMember" xlink:label="EmployeeSharebasedPaymentArrangementsMember"/>
    <presentationArc xlink:type="arc" xlink:arcrole="http://www.xbrl.org/2003/arcrole/parent-child" xlink:from="TypesOfEmployeeSharebasedPaymentArrangementsAxis" xlink:to="EmployeeSharebasedPaymentArrangementsMember" priority="0" order="1.0"/>
    <loc xlink:type="locator" xlink:href="../in-gaap-2012-03-31.xsd#in-gaap_DisclosureOfTermsAndConditionsOfEmployeeSharebasedPaymentArrangementLineItems" xlink:label="DisclosureOfTermsAndConditionsOfEmployeeSharebasedPaymentArrangementLineItems"/>
    <presentationArc xlink:type="arc" xlink:arcrole="http://www.xbrl.org/2003/arcrole/parent-child" xlink:from="DisclosureOfTermsAndConditionsOfEmployeeSharebasedPaymentArrangementAbstract" xlink:to="DisclosureOfTermsAndConditionsOfEmployeeSharebasedPaymentArrangementLineItems" priority="0" order="2.0"/>
    <loc xlink:type="locator" xlink:href="../in-gaap-2012-03-31.xsd#in-gaap_DescriptionOfMethodUsedToAccountForEmployeeSharebasedPaymentArrangement" xlink:label="DescriptionOfMethodUsedToAccountForEmployeeSharebasedPaymentArrangement"/>
    <presentationArc xlink:type="arc" xlink:arcrole="http://www.xbrl.org/2003/arcrole/parent-child" xlink:from="DisclosureOfTermsAndConditionsOfEmployeeSharebasedPaymentArrangementLineItems" xlink:to="DescriptionOfMethodUsedToAccountForEmployeeSharebasedPaymentArrangement" priority="0" order="1.0"/>
    <loc xlink:type="locator" xlink:href="../in-gaap-2012-03-31.xsd#in-gaap_DescriptionOfEmployeeSharebasedPaymentArrangement" xlink:label="DescriptionOfEmployeeSharebasedPaymentArrangement"/>
    <presentationArc xlink:type="arc" xlink:arcrole="http://www.xbrl.org/2003/arcrole/parent-child" xlink:from="DisclosureOfTermsAndConditionsOfEmployeeSharebasedPaymentArrangementLineItems" xlink:to="DescriptionOfEmployeeSharebasedPaymentArrangement" priority="0" order="2.0"/>
    <loc xlink:type="locator" xlink:href="../in-gaap-2012-03-31.xsd#in-gaap_DescriptionOfVestingRequirementsForEmployeeSharebasedPaymentArrangement" xlink:label="DescriptionOfVestingRequirementsForEmployeeSharebasedPaymentArrangement"/>
    <presentationArc xlink:type="arc" xlink:arcrole="http://www.xbrl.org/2003/arcrole/parent-child" xlink:from="DisclosureOfTermsAndConditionsOfEmployeeSharebasedPaymentArrangementLineItems" xlink:to="DescriptionOfVestingRequirementsForEmployeeSharebasedPaymentArrangement" priority="0" order="3.0"/>
    <loc xlink:type="locator" xlink:href="../in-gaap-2012-03-31.xsd#in-gaap_DescriptionOfMaximumTermOfOptionsGrantedForEmployeeSharebasedPaymentArrangement" xlink:label="DescriptionOfMaximumTermOfOptionsGrantedForEmployeeSharebasedPaymentArrangement"/>
    <presentationArc xlink:type="arc" xlink:arcrole="http://www.xbrl.org/2003/arcrole/parent-child" xlink:from="DisclosureOfTermsAndConditionsOfEmployeeSharebasedPaymentArrangementLineItems" xlink:to="DescriptionOfMaximumTermOfOptionsGrantedForEmployeeSharebasedPaymentArrangement" priority="0" order="4.0"/>
    <loc xlink:type="locator" xlink:href="../in-gaap-2012-03-31.xsd#in-gaap_DescriptionOfMethodOfSettlementForEmployeeSharebasedPaymentArrangement" xlink:label="DescriptionOfMethodOfSettlementForEmployeeSharebasedPaymentArrangement"/>
    <presentationArc xlink:type="arc" xlink:arcrole="http://www.xbrl.org/2003/arcrole/parent-child" xlink:from="DisclosureOfTermsAndConditionsOfEmployeeSharebasedPaymentArrangementLineItems" xlink:to="DescriptionOfMethodOfSettlementForEmployeeSharebasedPaymentArrangement" priority="0" order="5.0"/>
    <loc xlink:type="locator" xlink:href="../in-gaap-2012-03-31.xsd#in-gaap_DisclosureOfImpactOnNetResultsAndEarningsPerShareIfIntrinsicValueMethodIsUsedAbstract" xlink:label="DisclosureOfImpactOnNetResultsAndEarningsPerShareIfIntrinsicValueMethodIsUsedAbstract"/>
    <presentationArc xlink:type="arc" xlink:arcrole="http://www.xbrl.org/2003/arcrole/parent-child" xlink:from="DisclosureOfTermsAndConditionsOfEmployeeSharebasedPaymentArrangementLineItems" xlink:to="DisclosureOfImpactOnNetResultsAndEarningsPerShareIfIntrinsicValueMethodIsUsedAbstract" priority="0" order="6.0"/>
    <loc xlink:type="locator" xlink:href="../in-gaap-2012-03-31.xsd#in-gaap_ImpactOfUsingIntrinsicValueMethodOnNetProfitOrLossHadFairValueMethodBeenUsed" xlink:label="ImpactOfUsingIntrinsicValueMethodOnNetProfitOrLossHadFairValueMethodBeenUsed"/>
    <presentationArc xlink:type="arc" xlink:arcrole="http://www.xbrl.org/2003/arcrole/parent-child" xlink:from="DisclosureOfImpactOnNetResultsAndEarningsPerShareIfIntrinsicValueMethodIsUsedAbstract" xlink:to="ImpactOfUsingIntrinsicValueMethodOnNetProfitOrLossHadFairValueMethodBeenUsed" priority="0" order="1.0"/>
    <loc xlink:type="locator" xlink:href="../in-gaap-2012-03-31.xsd#in-gaap_ImpactOfUsingIntrinsicValueMethodOnBasicEarningsPerEquityShareHadFairValueMethodBeenUsed" xlink:label="ImpactOfUsingIntrinsicValueMethodOnBasicEarningsPerEquityShareHadFairValueMethodBeenUsed"/>
    <presentationArc xlink:type="arc" xlink:arcrole="http://www.xbrl.org/2003/arcrole/parent-child" xlink:from="DisclosureOfImpactOnNetResultsAndEarningsPerShareIfIntrinsicValueMethodIsUsedAbstract" xlink:to="ImpactOfUsingIntrinsicValueMethodOnBasicEarningsPerEquityShareHadFairValueMethodBeenUsed" priority="0" order="2.0"/>
    <loc xlink:type="locator" xlink:href="../in-gaap-2012-03-31.xsd#in-gaap_ImpactOfUsingIntrinsicValueMethodOnDilutedEarningsPerEquityShareHadFairValueMethodBeenUsed" xlink:label="ImpactOfUsingIntrinsicValueMethodOnDilutedEarningsPerEquityShareHadFairValueMethodBeenUsed"/>
    <presentationArc xlink:type="arc" xlink:arcrole="http://www.xbrl.org/2003/arcrole/parent-child" xlink:from="DisclosureOfImpactOnNetResultsAndEarningsPerShareIfIntrinsicValueMethodIsUsedAbstract" xlink:to="ImpactOfUsingIntrinsicValueMethodOnDilutedEarningsPerEquityShareHadFairValueMethodBeenUsed" priority="0" order="3.0"/>
    <loc xlink:type="locator" xlink:href="../in-gaap-2012-03-31.xsd#in-gaap_DisclosureOfNumberAndWeightedAverageExercisePricesOfStockOptionsExplanatoryTextBlock" xlink:label="DisclosureOfNumberAndWeightedAverageExercisePricesOfStockOptionsExplanatoryTextBlock"/>
    <presentationArc xlink:type="arc" xlink:arcrole="http://www.xbrl.org/2003/arcrole/parent-child" xlink:from="DisclosureOfNotesOnEmployeeSharebasedPaymentArrangementsExplanatoryTextBlock" xlink:to="DisclosureOfNumberAndWeightedAverageExercisePricesOfStockOptionsExplanatoryTextBlock" priority="0" order="2.0"/>
    <loc xlink:type="locator" xlink:href="../in-gaap-2012-03-31.xsd#in-gaap_DisclosureOfNumberAndWeightedAverageExercisePricesOfStockOptionsAbstract" xlink:label="DisclosureOfNumberAndWeightedAverageExercisePricesOfStockOptionsAbstract"/>
    <presentationArc xlink:type="arc" xlink:arcrole="http://www.xbrl.org/2003/arcrole/parent-child" xlink:from="DisclosureOfNumberAndWeightedAverageExercisePricesOfStockOptionsExplanatoryTextBlock" xlink:to="DisclosureOfNumberAndWeightedAverageExercisePricesOfStockOptionsAbstract" priority="0" order="1.0"/>
    <loc xlink:type="locator" xlink:href="../in-gaap-2012-03-31.xsd#in-gaap_DisclosureOfNumberAndWeightedAverageExercisePricesOfStockOptionsTable" xlink:label="DisclosureOfNumberAndWeightedAverageExercisePricesOfStockOptionsTable"/>
    <presentationArc xlink:type="arc" xlink:arcrole="http://www.xbrl.org/2003/arcrole/parent-child" xlink:from="DisclosureOfNumberAndWeightedAverageExercisePricesOfStockOptionsAbstract" xlink:to="DisclosureOfNumberAndWeightedAverageExercisePricesOfStockOptionsTable" priority="0" order="1.0"/>
    <loc xlink:type="locator" xlink:href="../in-gaap-2012-03-31.xsd#in-gaap_GroupsOfStockOptionsAxis" xlink:label="GroupsOfStockOptionsAxis"/>
    <presentationArc xlink:type="arc" xlink:arcrole="http://www.xbrl.org/2003/arcrole/parent-child" xlink:from="DisclosureOfNumberAndWeightedAverageExercisePricesOfStockOptionsTable" xlink:to="GroupsOfStockOptionsAxis" priority="0" order="1.0"/>
    <loc xlink:type="locator" xlink:href="../in-gaap-2012-03-31.xsd#in-gaap_StockOptionsMember" xlink:label="StockOptionsMember"/>
    <presentationArc xlink:type="arc" xlink:arcrole="http://www.xbrl.org/2003/arcrole/parent-child" xlink:from="GroupsOfStockOptionsAxis" xlink:to="StockOptionsMember" priority="0" order="1.0"/>
    <loc xlink:type="locator" xlink:href="../in-gaap-2012-03-31.xsd#in-gaap_StockOptionsOutstandingMember" xlink:label="StockOptionsOutstandingMember"/>
    <presentationArc xlink:type="arc" xlink:arcrole="http://www.xbrl.org/2003/arcrole/parent-child" xlink:from="StockOptionsMember" xlink:to="StockOptionsOutstandingMember" priority="0" order="1.0"/>
    <loc xlink:type="locator" xlink:href="../in-gaap-2012-03-31.xsd#in-gaap_StockOptionsGrantedMember" xlink:label="StockOptionsGrantedMember"/>
    <presentationArc xlink:type="arc" xlink:arcrole="http://www.xbrl.org/2003/arcrole/parent-child" xlink:from="StockOptionsMember" xlink:to="StockOptionsGrantedMember" priority="0" order="2.0"/>
    <loc xlink:type="locator" xlink:href="../in-gaap-2012-03-31.xsd#in-gaap_StockOptionsForfeitedMember" xlink:label="StockOptionsForfeitedMember"/>
    <presentationArc xlink:type="arc" xlink:arcrole="http://www.xbrl.org/2003/arcrole/parent-child" xlink:from="StockOptionsMember" xlink:to="StockOptionsForfeitedMember" priority="0" order="3.0"/>
    <loc xlink:type="locator" xlink:href="../in-gaap-2012-03-31.xsd#in-gaap_StockOptionsExercisedMember" xlink:label="StockOptionsExercisedMember"/>
    <presentationArc xlink:type="arc" xlink:arcrole="http://www.xbrl.org/2003/arcrole/parent-child" xlink:from="StockOptionsMember" xlink:to="StockOptionsExercisedMember" priority="0" order="4.0"/>
    <loc xlink:type="locator" xlink:href="../in-gaap-2012-03-31.xsd#in-gaap_StockOptionsExpiredMember" xlink:label="StockOptionsExpiredMember"/>
    <presentationArc xlink:type="arc" xlink:arcrole="http://www.xbrl.org/2003/arcrole/parent-child" xlink:from="StockOptionsMember" xlink:to="StockOptionsExpiredMember" priority="0" order="5.0"/>
    <loc xlink:type="locator" xlink:href="../in-gaap-2012-03-31.xsd#in-gaap_StockOptionsExercisableMember" xlink:label="StockOptionsExercisableMember"/>
    <presentationArc xlink:type="arc" xlink:arcrole="http://www.xbrl.org/2003/arcrole/parent-child" xlink:from="StockOptionsMember" xlink:to="StockOptionsExercisableMember" priority="0" order="6.0"/>
    <loc xlink:type="locator" xlink:href="../in-gaap-2012-03-31.xsd#in-gaap_DisclosureOfNumberAndWeightedAverageExercisePricesOfStockOptionsLineItems" xlink:label="DisclosureOfNumberAndWeightedAverageExercisePricesOfStockOptionsLineItems"/>
    <presentationArc xlink:type="arc" xlink:arcrole="http://www.xbrl.org/2003/arcrole/parent-child" xlink:from="DisclosureOfNumberAndWeightedAverageExercisePricesOfStockOptionsAbstract" xlink:to="DisclosureOfNumberAndWeightedAverageExercisePricesOfStockOptionsLineItems" priority="0" order="2.0"/>
    <loc xlink:type="locator" xlink:href="../in-gaap-2012-03-31.xsd#in-gaap_NumberOfStockOptionsInEmployeeSharebasedPaymentArrangement" xlink:label="NumberOfStockOptionsInEmployeeSharebasedPaymentArrangement"/>
    <presentationArc xlink:type="arc" xlink:arcrole="http://www.xbrl.org/2003/arcrole/parent-child" xlink:from="DisclosureOfNumberAndWeightedAverageExercisePricesOfStockOptionsLineItems" xlink:to="NumberOfStockOptionsInEmployeeSharebasedPaymentArrangement" priority="0" order="1.0"/>
    <loc xlink:type="locator" xlink:href="../in-gaap-2012-03-31.xsd#in-gaap_WeightedAverageExercisePriceOfStockOptionsInEmployeeSharebasedPaymentArrangement" xlink:label="WeightedAverageExercisePriceOfStockOptionsInEmployeeSharebasedPaymentArrangement"/>
    <presentationArc xlink:type="arc" xlink:arcrole="http://www.xbrl.org/2003/arcrole/parent-child" xlink:from="DisclosureOfNumberAndWeightedAverageExercisePricesOfStockOptionsLineItems" xlink:to="WeightedAverageExercisePriceOfStockOptionsInEmployeeSharebasedPaymentArrangement" priority="0" order="2.0"/>
    <loc xlink:type="locator" xlink:href="../in-gaap-2012-03-31.xsd#in-gaap_WeightedAverageSharePriceOfShareOptionsInEmployeeSharebasedPaymentArrangementExercisedDuringPeriodAtDateOfExercise" xlink:label="WeightedAverageSharePriceOfShareOptionsInEmployeeSharebasedPaymentArrangementExercisedDuringPeriodAtDateOfExercise"/>
    <presentationArc xlink:type="arc" xlink:arcrole="http://www.xbrl.org/2003/arcrole/parent-child" xlink:from="DisclosureOfNotesOnEmployeeSharebasedPaymentArrangementsExplanatoryTextBlock" xlink:to="WeightedAverageSharePriceOfShareOptionsInEmployeeSharebasedPaymentArrangementExercisedDuringPeriodAtDateOfExercise" priority="0" order="3.0"/>
    <loc xlink:type="locator" xlink:href="../in-gaap-2012-03-31.xsd#in-gaap_DisclosureOfNumberAndWeightedAverageRemainingContractualLifeOfOutstandingStockOptionsExplanatoryTextBlock" xlink:label="DisclosureOfNumberAndWeightedAverageRemainingContractualLifeOfOutstandingStockOptionsExplanatoryTextBlock"/>
    <presentationArc xlink:type="arc" xlink:arcrole="http://www.xbrl.org/2003/arcrole/parent-child" xlink:from="DisclosureOfNotesOnEmployeeSharebasedPaymentArrangementsExplanatoryTextBlock" xlink:to="DisclosureOfNumberAndWeightedAverageRemainingContractualLifeOfOutstandingStockOptionsExplanatoryTextBlock" priority="0" order="4.0"/>
    <loc xlink:type="locator" xlink:href="../in-gaap-2012-03-31.xsd#in-gaap_DisclosureOfNumberAndWeightedAverageRemainingContractualLifeOfOutstandingStockOptionsAbstract" xlink:label="DisclosureOfNumberAndWeightedAverageRemainingContractualLifeOfOutstandingStockOptionsAbstract"/>
    <presentationArc xlink:type="arc" xlink:arcrole="http://www.xbrl.org/2003/arcrole/parent-child" xlink:from="DisclosureOfNumberAndWeightedAverageRemainingContractualLifeOfOutstandingStockOptionsExplanatoryTextBlock" xlink:to="DisclosureOfNumberAndWeightedAverageRemainingContractualLifeOfOutstandingStockOptionsAbstract" priority="0" order="1.0"/>
    <loc xlink:type="locator" xlink:href="../in-gaap-2012-03-31.xsd#in-gaap_DisclosureOfNumberAndWeightedAverageRemainingContractualLifeOfOutstandingStockOptionsTable" xlink:label="DisclosureOfNumberAndWeightedAverageRemainingContractualLifeOfOutstandingStockOptionsTable"/>
    <presentationArc xlink:type="arc" xlink:arcrole="http://www.xbrl.org/2003/arcrole/parent-child" xlink:from="DisclosureOfNumberAndWeightedAverageRemainingContractualLifeOfOutstandingStockOptionsAbstract" xlink:to="DisclosureOfNumberAndWeightedAverageRemainingContractualLifeOfOutstandingStockOptionsTable" priority="0" order="1.0"/>
    <loc xlink:type="locator" xlink:href="../in-gaap-2012-03-31.xsd#in-gaap_RangesOfExercisePricesForOutstandingStockOptionsAxis" xlink:label="RangesOfExercisePricesForOutstandingStockOptionsAxis"/>
    <presentationArc xlink:type="arc" xlink:arcrole="http://www.xbrl.org/2003/arcrole/parent-child" xlink:from="DisclosureOfNumberAndWeightedAverageRemainingContractualLifeOfOutstandingStockOptionsTable" xlink:to="RangesOfExercisePricesForOutstandingStockOptionsAxis" priority="0" order="1.0"/>
    <loc xlink:type="locator" xlink:href="../in-gaap-2012-03-31.xsd#in-gaap_RangesOfExercisePricesForOutstandingStockOptionsMember" xlink:label="RangesOfExercisePricesForOutstandingStockOptionsMember"/>
    <presentationArc xlink:type="arc" xlink:arcrole="http://www.xbrl.org/2003/arcrole/parent-child" xlink:from="RangesOfExercisePricesForOutstandingStockOptionsAxis" xlink:to="RangesOfExercisePricesForOutstandingStockOptionsMember" priority="0" order="1.0"/>
    <loc xlink:type="locator" xlink:href="../in-gaap-2012-03-31.xsd#in-gaap_DisclosureOfNumberAndWeightedAverageRemainingContractualLifeOfOutstandingStockOptionsLineItems" xlink:label="DisclosureOfNumberAndWeightedAverageRemainingContractualLifeOfOutstandingStockOptionsLineItems"/>
    <presentationArc xlink:type="arc" xlink:arcrole="http://www.xbrl.org/2003/arcrole/parent-child" xlink:from="DisclosureOfNumberAndWeightedAverageRemainingContractualLifeOfOutstandingStockOptionsAbstract" xlink:to="DisclosureOfNumberAndWeightedAverageRemainingContractualLifeOfOutstandingStockOptionsLineItems" priority="0" order="2.0"/>
    <loc xlink:type="locator" xlink:href="../in-gaap-2012-03-31.xsd#in-gaap_NumberOfOutstandingStockOptions" xlink:label="NumberOfOutstandingStockOptions"/>
    <presentationArc xlink:type="arc" xlink:arcrole="http://www.xbrl.org/2003/arcrole/parent-child" xlink:from="DisclosureOfNumberAndWeightedAverageRemainingContractualLifeOfOutstandingStockOptionsLineItems" xlink:to="NumberOfOutstandingStockOptions" priority="0" order="1.0"/>
    <loc xlink:type="locator" xlink:href="../in-gaap-2012-03-31.xsd#in-gaap_WeightedAverageRemainingContractualLifeOfOutstandingStockOptions" xlink:label="WeightedAverageRemainingContractualLifeOfOutstandingStockOptions"/>
    <presentationArc xlink:type="arc" xlink:arcrole="http://www.xbrl.org/2003/arcrole/parent-child" xlink:from="DisclosureOfNumberAndWeightedAverageRemainingContractualLifeOfOutstandingStockOptionsLineItems" xlink:to="WeightedAverageRemainingContractualLifeOfOutstandingStockOptions" priority="0" order="2.0"/>
    <loc xlink:type="locator" xlink:href="../in-gaap-2012-03-31.xsd#in-gaap_DisclosureOfFairValueOfEmployeeStockOptionsGrantedDuringPeriodExplanatoryTextBlock" xlink:label="DisclosureOfFairValueOfEmployeeStockOptionsGrantedDuringPeriodExplanatoryTextBlock"/>
    <presentationArc xlink:type="arc" xlink:arcrole="http://www.xbrl.org/2003/arcrole/parent-child" xlink:from="DisclosureOfNotesOnEmployeeSharebasedPaymentArrangementsExplanatoryTextBlock" xlink:to="DisclosureOfFairValueOfEmployeeStockOptionsGrantedDuringPeriodExplanatoryTextBlock" priority="0" order="5.0"/>
    <loc xlink:type="locator" xlink:href="../in-gaap-2012-03-31.xsd#in-gaap_WeightedAverageFairValueAtGrantDateStockOptionsGranted" xlink:label="WeightedAverageFairValueAtGrantDateStockOptionsGranted"/>
    <presentationArc xlink:type="arc" xlink:arcrole="http://www.xbrl.org/2003/arcrole/parent-child" xlink:from="DisclosureOfFairValueOfEmployeeStockOptionsGrantedDuringPeriodExplanatoryTextBlock" xlink:to="WeightedAverageFairValueAtGrantDateStockOptionsGranted" priority="0" order="1.0"/>
    <loc xlink:type="locator" xlink:href="../in-gaap-2012-03-31.xsd#in-gaap_InformationAboutHowFairValueWasMeasuredStockOptionsGranted" xlink:label="InformationAboutHowFairValueWasMeasuredStockOptionsGranted"/>
    <presentationArc xlink:type="arc" xlink:arcrole="http://www.xbrl.org/2003/arcrole/parent-child" xlink:from="DisclosureOfFairValueOfEmployeeStockOptionsGrantedDuringPeriodExplanatoryTextBlock" xlink:to="InformationAboutHowFairValueWasMeasuredStockOptionsGranted" priority="0" order="2.0"/>
    <loc xlink:type="locator" xlink:href="../in-gaap-2012-03-31.xsd#in-gaap_DescriptionOfOptionPricingModelStockOptionsGranted" xlink:label="DescriptionOfOptionPricingModelStockOptionsGranted"/>
    <presentationArc xlink:type="arc" xlink:arcrole="http://www.xbrl.org/2003/arcrole/parent-child" xlink:from="InformationAboutHowFairValueWasMeasuredStockOptionsGranted" xlink:to="DescriptionOfOptionPricingModelStockOptionsGranted" priority="0" order="1.0"/>
    <loc xlink:type="locator" xlink:href="../in-gaap-2012-03-31.xsd#in-gaap_DescriptionOfInputsToOptionPricingModelStockOptionsGranted" xlink:label="DescriptionOfInputsToOptionPricingModelStockOptionsGranted"/>
    <presentationArc xlink:type="arc" xlink:arcrole="http://www.xbrl.org/2003/arcrole/parent-child" xlink:from="InformationAboutHowFairValueWasMeasuredStockOptionsGranted" xlink:to="DescriptionOfInputsToOptionPricingModelStockOptionsGranted" priority="0" order="2.0"/>
    <loc xlink:type="locator" xlink:href="../in-gaap-2012-03-31.xsd#in-gaap_WeightedAverageSharePriceStockOptionsGranted" xlink:label="WeightedAverageSharePriceStockOptionsGranted"/>
    <presentationArc xlink:type="arc" xlink:arcrole="http://www.xbrl.org/2003/arcrole/parent-child" xlink:from="DescriptionOfInputsToOptionPricingModelStockOptionsGranted" xlink:to="WeightedAverageSharePriceStockOptionsGranted" priority="0" order="1.0"/>
    <loc xlink:type="locator" xlink:href="../in-gaap-2012-03-31.xsd#in-gaap_ExercisePriceStockOptionsGranted" xlink:label="ExercisePriceStockOptionsGranted"/>
    <presentationArc xlink:type="arc" xlink:arcrole="http://www.xbrl.org/2003/arcrole/parent-child" xlink:from="DescriptionOfInputsToOptionPricingModelStockOptionsGranted" xlink:to="ExercisePriceStockOptionsGranted" priority="0" order="2.0"/>
    <loc xlink:type="locator" xlink:href="../in-gaap-2012-03-31.xsd#in-gaap_DescriptionOfExpectedVolatilityStockOptionsGranted" xlink:label="DescriptionOfExpectedVolatilityStockOptionsGranted"/>
    <presentationArc xlink:type="arc" xlink:arcrole="http://www.xbrl.org/2003/arcrole/parent-child" xlink:from="DescriptionOfInputsToOptionPricingModelStockOptionsGranted" xlink:to="DescriptionOfExpectedVolatilityStockOptionsGranted" priority="0" order="3.0"/>
    <loc xlink:type="locator" xlink:href="../in-gaap-2012-03-31.xsd#in-gaap_DescriptionOfOptionLifeStockOptionsGranted" xlink:label="DescriptionOfOptionLifeStockOptionsGranted"/>
    <presentationArc xlink:type="arc" xlink:arcrole="http://www.xbrl.org/2003/arcrole/parent-child" xlink:from="DescriptionOfInputsToOptionPricingModelStockOptionsGranted" xlink:to="DescriptionOfOptionLifeStockOptionsGranted" priority="0" order="4.0"/>
    <loc xlink:type="locator" xlink:href="../in-gaap-2012-03-31.xsd#in-gaap_ExpectedDividendStockOptionsGranted" xlink:label="ExpectedDividendStockOptionsGranted"/>
    <presentationArc xlink:type="arc" xlink:arcrole="http://www.xbrl.org/2003/arcrole/parent-child" xlink:from="DescriptionOfInputsToOptionPricingModelStockOptionsGranted" xlink:to="ExpectedDividendStockOptionsGranted" priority="0" order="5.0"/>
    <loc xlink:type="locator" xlink:href="../in-gaap-2012-03-31.xsd#in-gaap_DescriptionOfRiskFreeInterestRateStockOptionsGranted" xlink:label="DescriptionOfRiskFreeInterestRateStockOptionsGranted"/>
    <presentationArc xlink:type="arc" xlink:arcrole="http://www.xbrl.org/2003/arcrole/parent-child" xlink:from="DescriptionOfInputsToOptionPricingModelStockOptionsGranted" xlink:to="DescriptionOfRiskFreeInterestRateStockOptionsGranted" priority="0" order="6.0"/>
    <loc xlink:type="locator" xlink:href="../in-gaap-2012-03-31.xsd#in-gaap_DescriptionOfOtherInputsToOptionsPricingModelStockOptionsGranted" xlink:label="DescriptionOfOtherInputsToOptionsPricingModelStockOptionsGranted"/>
    <presentationArc xlink:type="arc" xlink:arcrole="http://www.xbrl.org/2003/arcrole/parent-child" xlink:from="DescriptionOfInputsToOptionPricingModelStockOptionsGranted" xlink:to="DescriptionOfOtherInputsToOptionsPricingModelStockOptionsGranted" priority="0" order="7.0"/>
    <loc xlink:type="locator" xlink:href="../in-gaap-2012-03-31.xsd#in-gaap_DescriptionOfMethodUsedAndAssumptionsMadeToIncorporateEffectsOfExpectedEarlyExerciseStockOptionsGranted" xlink:label="DescriptionOfMethodUsedAndAssumptionsMadeToIncorporateEffectsOfExpectedEarlyExerciseStockOptionsGranted"/>
    <presentationArc xlink:type="arc" xlink:arcrole="http://www.xbrl.org/2003/arcrole/parent-child" xlink:from="DescriptionOfOtherInputsToOptionsPricingModelStockOptionsGranted" xlink:to="DescriptionOfMethodUsedAndAssumptionsMadeToIncorporateEffectsOfExpectedEarlyExerciseStockOptionsGranted" priority="0" order="1.0"/>
    <loc xlink:type="locator" xlink:href="../in-gaap-2012-03-31.xsd#in-gaap_InformationAboutHowExpectedVolatilityWasDeterminedStockOptionsGranted" xlink:label="InformationAboutHowExpectedVolatilityWasDeterminedStockOptionsGranted"/>
    <presentationArc xlink:type="arc" xlink:arcrole="http://www.xbrl.org/2003/arcrole/parent-child" xlink:from="InformationAboutHowFairValueWasMeasuredStockOptionsGranted" xlink:to="InformationAboutHowExpectedVolatilityWasDeterminedStockOptionsGranted" priority="0" order="3.0"/>
    <loc xlink:type="locator" xlink:href="../in-gaap-2012-03-31.xsd#in-gaap_InformationWhetherAndHowOtherFeaturesWereIncorporatedIntoMeasurementOfFairValueStockOptionsGranted" xlink:label="InformationWhetherAndHowOtherFeaturesWereIncorporatedIntoMeasurementOfFairValueStockOptionsGranted"/>
    <presentationArc xlink:type="arc" xlink:arcrole="http://www.xbrl.org/2003/arcrole/parent-child" xlink:from="InformationAboutHowFairValueWasMeasuredStockOptionsGranted" xlink:to="InformationWhetherAndHowOtherFeaturesWereIncorporatedIntoMeasurementOfFairValueStockOptionsGranted" priority="0" order="4.0"/>
    <loc xlink:type="locator" xlink:href="../in-gaap-2012-03-31.xsd#in-gaap_DisclosureOfMeasurementOfFairValueOfOtherInstrumentsGrantedDuringPeriodExplanatoryTextBlock" xlink:label="DisclosureOfMeasurementOfFairValueOfOtherInstrumentsGrantedDuringPeriodExplanatoryTextBlock"/>
    <presentationArc xlink:type="arc" xlink:arcrole="http://www.xbrl.org/2003/arcrole/parent-child" xlink:from="DisclosureOfNotesOnEmployeeSharebasedPaymentArrangementsExplanatoryTextBlock" xlink:to="DisclosureOfMeasurementOfFairValueOfOtherInstrumentsGrantedDuringPeriodExplanatoryTextBlock" priority="0" order="6.0"/>
    <loc xlink:type="locator" xlink:href="../in-gaap-2012-03-31.xsd#in-gaap_NumberOfInstrumentsOtherInstrumentsGranted" xlink:label="NumberOfInstrumentsOtherInstrumentsGranted"/>
    <presentationArc xlink:type="arc" xlink:arcrole="http://www.xbrl.org/2003/arcrole/parent-child" xlink:from="DisclosureOfMeasurementOfFairValueOfOtherInstrumentsGrantedDuringPeriodExplanatoryTextBlock" xlink:to="NumberOfInstrumentsOtherInstrumentsGranted" priority="0" order="1.0"/>
    <loc xlink:type="locator" xlink:href="../in-gaap-2012-03-31.xsd#in-gaap_WeightedAverageFairValueAtGrantDateOtherInstrumentsGranted" xlink:label="WeightedAverageFairValueAtGrantDateOtherInstrumentsGranted"/>
    <presentationArc xlink:type="arc" xlink:arcrole="http://www.xbrl.org/2003/arcrole/parent-child" xlink:from="DisclosureOfMeasurementOfFairValueOfOtherInstrumentsGrantedDuringPeriodExplanatoryTextBlock" xlink:to="WeightedAverageFairValueAtGrantDateOtherInstrumentsGranted" priority="0" order="2.0"/>
    <loc xlink:type="locator" xlink:href="../in-gaap-2012-03-31.xsd#in-gaap_InformationHowFairValueWasMeasuredOtherInstrumentsGranted" xlink:label="InformationHowFairValueWasMeasuredOtherInstrumentsGranted"/>
    <presentationArc xlink:type="arc" xlink:arcrole="http://www.xbrl.org/2003/arcrole/parent-child" xlink:from="DisclosureOfMeasurementOfFairValueOfOtherInstrumentsGrantedDuringPeriodExplanatoryTextBlock" xlink:to="InformationHowFairValueWasMeasuredOtherInstrumentsGranted" priority="0" order="3.0"/>
    <loc xlink:type="locator" xlink:href="../in-gaap-2012-03-31.xsd#in-gaap_InformationAboutHowFairValueWasDeterminedIfNotOnBasisOfObservableMarketOtherInstrumentsGranted" xlink:label="InformationAboutHowFairValueWasDeterminedIfNotOnBasisOfObservableMarketOtherInstrumentsGranted"/>
    <presentationArc xlink:type="arc" xlink:arcrole="http://www.xbrl.org/2003/arcrole/parent-child" xlink:from="InformationHowFairValueWasMeasuredOtherInstrumentsGranted" xlink:to="InformationAboutHowFairValueWasDeterminedIfNotOnBasisOfObservableMarketOtherInstrumentsGranted" priority="0" order="1.0"/>
    <loc xlink:type="locator" xlink:href="../in-gaap-2012-03-31.xsd#in-gaap_InformationWhetherAndHowExpectedDividendsWereIncorporatedIntoMeasurementOfFairValueOtherInstrumentsGranted" xlink:label="InformationWhetherAndHowExpectedDividendsWereIncorporatedIntoMeasurementOfFairValueOtherInstrumentsGranted"/>
    <presentationArc xlink:type="arc" xlink:arcrole="http://www.xbrl.org/2003/arcrole/parent-child" xlink:from="InformationHowFairValueWasMeasuredOtherInstrumentsGranted" xlink:to="InformationWhetherAndHowExpectedDividendsWereIncorporatedIntoMeasurementOfFairValueOtherInstrumentsGranted" priority="0" order="2.0"/>
    <loc xlink:type="locator" xlink:href="../in-gaap-2012-03-31.xsd#in-gaap_InformationWhetherAndHowOtherFeaturesWereIncorporatedIntoMeasurementOfFairValueOtherInstrumentsGranted" xlink:label="InformationWhetherAndHowOtherFeaturesWereIncorporatedIntoMeasurementOfFairValueOtherInstrumentsGranted"/>
    <presentationArc xlink:type="arc" xlink:arcrole="http://www.xbrl.org/2003/arcrole/parent-child" xlink:from="InformationHowFairValueWasMeasuredOtherInstrumentsGranted" xlink:to="InformationWhetherAndHowOtherFeaturesWereIncorporatedIntoMeasurementOfFairValueOtherInstrumentsGranted" priority="0" order="3.0"/>
    <loc xlink:type="locator" xlink:href="../in-gaap-2012-03-31.xsd#in-gaap_DisclosureOfEmployeeSharebasedPaymentArrangementsModifiedDuringPeriodExplanatoryTextBlock" xlink:label="DisclosureOfEmployeeSharebasedPaymentArrangementsModifiedDuringPeriodExplanatoryTextBlock"/>
    <presentationArc xlink:type="arc" xlink:arcrole="http://www.xbrl.org/2003/arcrole/parent-child" xlink:from="DisclosureOfNotesOnEmployeeSharebasedPaymentArrangementsExplanatoryTextBlock" xlink:to="DisclosureOfEmployeeSharebasedPaymentArrangementsModifiedDuringPeriodExplanatoryTextBlock" priority="0" order="7.0"/>
    <loc xlink:type="locator" xlink:href="../in-gaap-2012-03-31.xsd#in-gaap_ExplanationOfModificationsModifiedEmployeeSharebasedPaymentArrangements" xlink:label="ExplanationOfModificationsModifiedEmployeeSharebasedPaymentArrangements"/>
    <presentationArc xlink:type="arc" xlink:arcrole="http://www.xbrl.org/2003/arcrole/parent-child" xlink:from="DisclosureOfEmployeeSharebasedPaymentArrangementsModifiedDuringPeriodExplanatoryTextBlock" xlink:to="ExplanationOfModificationsModifiedEmployeeSharebasedPaymentArrangements" priority="0" order="1.0"/>
    <loc xlink:type="locator" xlink:href="../in-gaap-2012-03-31.xsd#in-gaap_IncrementalFairValueGrantedModifiedEmployeeSharebasedPaymentArrangements" xlink:label="IncrementalFairValueGrantedModifiedEmployeeSharebasedPaymentArrangements"/>
    <presentationArc xlink:type="arc" xlink:arcrole="http://www.xbrl.org/2003/arcrole/parent-child" xlink:from="DisclosureOfEmployeeSharebasedPaymentArrangementsModifiedDuringPeriodExplanatoryTextBlock" xlink:to="IncrementalFairValueGrantedModifiedEmployeeSharebasedPaymentArrangements" priority="0" order="2.0"/>
    <loc xlink:type="locator" xlink:href="../in-gaap-2012-03-31.xsd#in-gaap_InformationOnHowIncrementalFairValueGrantedWasMeasuredModifiedEmployeeSharebasedPaymentArrangements" xlink:label="InformationOnHowIncrementalFairValueGrantedWasMeasuredModifiedEmployeeSharebasedPaymentArrangements"/>
    <presentationArc xlink:type="arc" xlink:arcrole="http://www.xbrl.org/2003/arcrole/parent-child" xlink:from="DisclosureOfEmployeeSharebasedPaymentArrangementsModifiedDuringPeriodExplanatoryTextBlock" xlink:to="InformationOnHowIncrementalFairValueGrantedWasMeasuredModifiedEmployeeSharebasedPaymentArrangements" priority="0" order="3.0"/>
    <loc xlink:type="locator" xlink:href="../in-gaap-2012-03-31.xsd#in-gaap_ExplanationOfEffectOfEmployeeSharebasedPaymentsOnProfitOrLoss" xlink:label="ExplanationOfEffectOfEmployeeSharebasedPaymentsOnProfitOrLoss"/>
    <presentationArc xlink:type="arc" xlink:arcrole="http://www.xbrl.org/2003/arcrole/parent-child" xlink:from="DisclosureOfNotesOnEmployeeSharebasedPaymentArrangementsExplanatoryTextBlock" xlink:to="ExplanationOfEffectOfEmployeeSharebasedPaymentsOnProfitOrLoss" priority="0" order="8.0"/>
    <loc xlink:type="locator" xlink:href="../in-gaap-2012-03-31.xsd#in-gaap_ExpenseFromEmployeeSharebasedPaymentTransactionsInWhichServicesReceivedDidNotQualifyForRecognitionAsAssets" xlink:label="ExpenseFromEmployeeSharebasedPaymentTransactionsInWhichServicesReceivedDidNotQualifyForRecognitionAsAssets"/>
    <presentationArc xlink:type="arc" xlink:arcrole="http://www.xbrl.org/2003/arcrole/parent-child" xlink:from="DisclosureOfNotesOnEmployeeSharebasedPaymentArrangementsExplanatoryTextBlock" xlink:to="ExpenseFromEmployeeSharebasedPaymentTransactionsInWhichServicesReceivedDidNotQualifyForRecognitionAsAssets" priority="0" order="9.0"/>
    <loc xlink:type="locator" xlink:href="../in-gaap-2012-03-31.xsd#in-gaap_ExpenseFromEquitySettledEmployeeSharebasedPaymentTransactionsInWhichServicesReceivedDidNotQualifyForRecognitionAsAssets" xlink:label="ExpenseFromEquitySettledEmployeeSharebasedPaymentTransactionsInWhichServicesReceivedDidNotQualifyForRecognitionAsAssets"/>
    <presentationArc xlink:type="arc" xlink:arcrole="http://www.xbrl.org/2003/arcrole/parent-child" xlink:from="DisclosureOfNotesOnEmployeeSharebasedPaymentArrangementsExplanatoryTextBlock" xlink:to="ExpenseFromEquitySettledEmployeeSharebasedPaymentTransactionsInWhichServicesReceivedDidNotQualifyForRecognitionAsAssets" priority="0" order="10.0"/>
    <loc xlink:type="locator" xlink:href="../in-gaap-2012-03-31.xsd#in-gaap_ExplanationOfEffectOfEmployeeSharebasedPaymentsOnFinancialPositions" xlink:label="ExplanationOfEffectOfEmployeeSharebasedPaymentsOnFinancialPositions"/>
    <presentationArc xlink:type="arc" xlink:arcrole="http://www.xbrl.org/2003/arcrole/parent-child" xlink:from="DisclosureOfNotesOnEmployeeSharebasedPaymentArrangementsExplanatoryTextBlock" xlink:to="ExplanationOfEffectOfEmployeeSharebasedPaymentsOnFinancialPositions" priority="0" order="11.0"/>
    <loc xlink:type="locator" xlink:href="../in-gaap-2012-03-31.xsd#in-gaap_CarryingAmountOfLiabilitiesFromEmployeeSharebasedPaymentTransactions" xlink:label="CarryingAmountOfLiabilitiesFromEmployeeSharebasedPaymentTransactions"/>
    <presentationArc xlink:type="arc" xlink:arcrole="http://www.xbrl.org/2003/arcrole/parent-child" xlink:from="DisclosureOfNotesOnEmployeeSharebasedPaymentArrangementsExplanatoryTextBlock" xlink:to="CarryingAmountOfLiabilitiesFromEmployeeSharebasedPaymentTransactions" priority="0" order="12.0"/>
    <loc xlink:type="locator" xlink:href="../in-gaap-2012-03-31.xsd#in-gaap_IntrinsicValueOfLiabilitiesFromEmployeeSharebasedPaymentTransactionsForWhichEmployeeRightToCashOrOtherAssetsVestedByPeriodEnd" xlink:label="IntrinsicValueOfLiabilitiesFromEmployeeSharebasedPaymentTransactionsForWhichEmployeeRightToCashOrOtherAssetsVestedByPeriodEnd"/>
    <presentationArc xlink:type="arc" xlink:arcrole="http://www.xbrl.org/2003/arcrole/parent-child" xlink:from="DisclosureOfNotesOnEmployeeSharebasedPaymentArrangementsExplanatoryTextBlock" xlink:to="IntrinsicValueOfLiabilitiesFromEmployeeSharebasedPaymentTransactionsForWhichEmployeeRightToCashOrOtherAssetsVestedByPeriodEnd" priority="0" order="13.0"/>
  </presentationLink>
</linkbase>
