<?xml version="1.0" encoding="US-ASCII"?>
<!-- Generated by Fujitsu Interstage XWand B0166 -->
<linkbase xmlns="http://www.xbrl.org/2003/linkbase" xmlns:xsi="http://www.w3.org/2001/XMLSchema-instance" xmlns:xlink="http://www.w3.org/1999/xlink" xmlns:xbrli="http://www.xbrl.org/2003/instance">
  <roleRef roleURI="http://www.icai.org/xbrl/taxonomy/role/in-gaap/NotesDisclosureOfAccountingPoliciesChangesInAccountingPoliciesAndEstimates" xlink:type="simple" xlink:href="../in-gaap-roles-2012-03-31.xsd#in-gaap-rol-200800"/>
  <presentationLink xlink:type="extended" xlink:role="http://www.icai.org/xbrl/taxonomy/role/in-gaap/NotesDisclosureOfAccountingPoliciesChangesInAccountingPoliciesAndEstimates">
    <loc xlink:type="locator" xlink:href="../in-gaap-2012-03-31.xsd#in-gaap_DisclosureOfAccountingPoliciesChangeInAccountingPoliciesAndChangesInEstimatesExplanatoryTextBlock" xlink:label="DisclosureOfAccountingPoliciesChangeInAccountingPoliciesAndChangesInEstimatesExplanatoryTextBlock"/>
    <loc xlink:type="locator" xlink:href="../in-gaap-2012-03-31.xsd#in-gaap_DisclosureOfAccountingPoliciesTextBlock" xlink:label="DisclosureOfAccountingPoliciesTextBlock"/>
    <presentationArc xlink:type="arc" xlink:arcrole="http://www.xbrl.org/2003/arcrole/parent-child" xlink:from="DisclosureOfAccountingPoliciesChangeInAccountingPoliciesAndChangesInEstimatesExplanatoryTextBlock" xlink:to="DisclosureOfAccountingPoliciesTextBlock" priority="0" order="1.0"/>
    <loc xlink:type="locator" xlink:href="../in-gaap-2012-03-31.xsd#in-gaap_ChangesInAccountingEstimateAndAccountingPolicyExplanatoryTextBlock" xlink:label="ChangesInAccountingEstimateAndAccountingPolicyExplanatoryTextBlock"/>
    <presentationArc xlink:type="arc" xlink:arcrole="http://www.xbrl.org/2003/arcrole/parent-child" xlink:from="DisclosureOfAccountingPoliciesChangeInAccountingPoliciesAndChangesInEstimatesExplanatoryTextBlock" xlink:to="ChangesInAccountingEstimateAndAccountingPolicyExplanatoryTextBlock" priority="0" order="2.0"/>
    <loc xlink:type="locator" xlink:href="../in-gaap-2012-03-31.xsd#in-gaap_DescriptionOfChangesInAccountingEstimatesAbstract" xlink:label="DescriptionOfChangesInAccountingEstimatesAbstract"/>
    <presentationArc xlink:type="arc" xlink:arcrole="http://www.xbrl.org/2003/arcrole/parent-child" xlink:from="ChangesInAccountingEstimateAndAccountingPolicyExplanatoryTextBlock" xlink:to="DescriptionOfChangesInAccountingEstimatesAbstract" priority="0" order="1.0"/>
    <loc xlink:type="locator" xlink:href="../in-gaap-2012-03-31.xsd#in-gaap_NatureOfChangesInAccountingEstimate" xlink:label="NatureOfChangesInAccountingEstimate"/>
    <presentationArc xlink:type="arc" xlink:arcrole="http://www.xbrl.org/2003/arcrole/parent-child" xlink:from="DescriptionOfChangesInAccountingEstimatesAbstract" xlink:to="NatureOfChangesInAccountingEstimate" priority="0" order="1.0"/>
    <loc xlink:type="locator" xlink:href="../in-gaap-2012-03-31.xsd#in-gaap_AmountOfChangesInAccountingEstimateHavingMaterialEffectInCurrentPeriod" xlink:label="AmountOfChangesInAccountingEstimateHavingMaterialEffectInCurrentPeriod"/>
    <presentationArc xlink:type="arc" xlink:arcrole="http://www.xbrl.org/2003/arcrole/parent-child" xlink:from="DescriptionOfChangesInAccountingEstimatesAbstract" xlink:to="AmountOfChangesInAccountingEstimateHavingMaterialEffectInCurrentPeriod" priority="0" order="2.0"/>
    <loc xlink:type="locator" xlink:href="../in-gaap-2012-03-31.xsd#in-gaap_AmountOfChangesInAccountingEstimateHavingMaterialEffectInSubsequentPeriod" xlink:label="AmountOfChangesInAccountingEstimateHavingMaterialEffectInSubsequentPeriod"/>
    <presentationArc xlink:type="arc" xlink:arcrole="http://www.xbrl.org/2003/arcrole/parent-child" xlink:from="DescriptionOfChangesInAccountingEstimatesAbstract" xlink:to="AmountOfChangesInAccountingEstimateHavingMaterialEffectInSubsequentPeriod" priority="0" order="3.0"/>
    <loc xlink:type="locator" xlink:href="../in-gaap-2012-03-31.xsd#in-gaap_DescriptionOfFactThatChangeInEstimateIsNotQuantifiable" xlink:label="DescriptionOfFactThatChangeInEstimateIsNotQuantifiable"/>
    <presentationArc xlink:type="arc" xlink:arcrole="http://www.xbrl.org/2003/arcrole/parent-child" xlink:from="DescriptionOfChangesInAccountingEstimatesAbstract" xlink:to="DescriptionOfFactThatChangeInEstimateIsNotQuantifiable" priority="0" order="4.0"/>
    <loc xlink:type="locator" xlink:href="../in-gaap-2012-03-31.xsd#in-gaap_DescriptionOfChangesInAccountingPolicyAbstract" xlink:label="DescriptionOfChangesInAccountingPolicyAbstract"/>
    <presentationArc xlink:type="arc" xlink:arcrole="http://www.xbrl.org/2003/arcrole/parent-child" xlink:from="ChangesInAccountingEstimateAndAccountingPolicyExplanatoryTextBlock" xlink:to="DescriptionOfChangesInAccountingPolicyAbstract" priority="0" order="2.0"/>
    <loc xlink:type="locator" xlink:href="../in-gaap-2012-03-31.xsd#in-gaap_DescriptionOfChangeInAccountingPolicy" xlink:label="DescriptionOfChangeInAccountingPolicy"/>
    <presentationArc xlink:type="arc" xlink:arcrole="http://www.xbrl.org/2003/arcrole/parent-child" xlink:from="DescriptionOfChangesInAccountingPolicyAbstract" xlink:to="DescriptionOfChangeInAccountingPolicy" priority="0" order="1.0"/>
    <loc xlink:type="locator" xlink:href="../in-gaap-2012-03-31.xsd#in-gaap_NewPolicyOfAccounting" xlink:label="NewPolicyOfAccounting"/>
    <presentationArc xlink:type="arc" xlink:arcrole="http://www.xbrl.org/2003/arcrole/parent-child" xlink:from="DescriptionOfChangesInAccountingPolicyAbstract" xlink:to="NewPolicyOfAccounting" priority="0" order="2.0"/>
    <loc xlink:type="locator" xlink:href="../in-gaap-2012-03-31.xsd#in-gaap_OldPolicyOfAccounting" xlink:label="OldPolicyOfAccounting"/>
    <presentationArc xlink:type="arc" xlink:arcrole="http://www.xbrl.org/2003/arcrole/parent-child" xlink:from="DescriptionOfChangesInAccountingPolicyAbstract" xlink:to="OldPolicyOfAccounting" priority="0" order="3.0"/>
    <loc xlink:type="locator" xlink:href="../in-gaap-2012-03-31.xsd#in-gaap_ReasonForChangingAccountingPolicies" xlink:label="ReasonForChangingAccountingPolicies"/>
    <presentationArc xlink:type="arc" xlink:arcrole="http://www.xbrl.org/2003/arcrole/parent-child" xlink:from="DescriptionOfChangesInAccountingPolicyAbstract" xlink:to="ReasonForChangingAccountingPolicies" priority="0" order="4.0"/>
    <loc xlink:type="locator" xlink:href="../in-gaap-2012-03-31.xsd#in-gaap_DescriptionOfImpactOfAndAdjustmentsResultingFromChangeInAccountingPolicy" xlink:label="DescriptionOfImpactOfAndAdjustmentsResultingFromChangeInAccountingPolicy"/>
    <presentationArc xlink:type="arc" xlink:arcrole="http://www.xbrl.org/2003/arcrole/parent-child" xlink:from="DescriptionOfChangesInAccountingPolicyAbstract" xlink:to="DescriptionOfImpactOfAndAdjustmentsResultingFromChangeInAccountingPolicy" priority="0" order="5.0"/>
    <loc xlink:type="locator" xlink:href="../in-gaap-2012-03-31.xsd#in-gaap_DescriptionOfFactThatEffectOfChangeInAccountingPolicyIsNotAscertainable" xlink:label="DescriptionOfFactThatEffectOfChangeInAccountingPolicyIsNotAscertainable"/>
    <presentationArc xlink:type="arc" xlink:arcrole="http://www.xbrl.org/2003/arcrole/parent-child" xlink:from="DescriptionOfChangesInAccountingPolicyAbstract" xlink:to="DescriptionOfFactThatEffectOfChangeInAccountingPolicyIsNotAscertainable" priority="0" order="6.0"/>
    <loc xlink:type="locator" xlink:href="../in-gaap-2012-03-31.xsd#in-gaap_DescriptionOfFactThatFundamentalAccountingAssumptionIsNotFollowed" xlink:label="DescriptionOfFactThatFundamentalAccountingAssumptionIsNotFollowed"/>
    <presentationArc xlink:type="arc" xlink:arcrole="http://www.xbrl.org/2003/arcrole/parent-child" xlink:from="DisclosureOfAccountingPoliciesChangeInAccountingPoliciesAndChangesInEstimatesExplanatoryTextBlock" xlink:to="DescriptionOfFactThatFundamentalAccountingAssumptionIsNotFollowed" priority="0" order="3.0"/>
  </presentationLink>
</linkbase>
