<?xml version="1.0" encoding="US-ASCII"?>
<!-- Generated by Fujitsu Interstage XWand B0166 -->
<linkbase xmlns="http://www.xbrl.org/2003/linkbase" xmlns:xsi="http://www.w3.org/2001/XMLSchema-instance" xmlns:xlink="http://www.w3.org/1999/xlink" xmlns:xbrli="http://www.xbrl.org/2003/instance">
  <roleRef roleURI="http://www.icai.org/xbrl/taxonomy/role/in-gaap/NotesAmalgamation" xlink:type="simple" xlink:href="../in-gaap-roles-2012-03-31.xsd#in-gaap-rol-202300"/>
  <presentationLink xlink:type="extended" xlink:role="http://www.icai.org/xbrl/taxonomy/role/in-gaap/NotesAmalgamation">
    <loc xlink:type="locator" xlink:href="../in-gaap-2012-03-31.xsd#in-gaap_DisclosureOfNotesOnAmalgamationsExplanatoryTextBlock" xlink:label="DisclosureOfNotesOnAmalgamationsExplanatoryTextBlock"/>
    <loc xlink:type="locator" xlink:href="../in-gaap-2012-03-31.xsd#in-gaap_DescriptionOfTreatmentOfReservesInSchemeOfAmalgamationAbstract" xlink:label="DescriptionOfTreatmentOfReservesInSchemeOfAmalgamationAbstract"/>
    <presentationArc xlink:type="arc" xlink:arcrole="http://www.xbrl.org/2003/arcrole/parent-child" xlink:from="DisclosureOfNotesOnAmalgamationsExplanatoryTextBlock" xlink:to="DescriptionOfTreatmentOfReservesInSchemeOfAmalgamationAbstract" priority="0" order="1.0"/>
    <loc xlink:type="locator" xlink:href="../in-gaap-2012-03-31.xsd#in-gaap_DescriptionOfAccountingTreatmentOfReservesInSchemeOfAmalgamationWhereDifferentFromThatPrescribedInAS14" xlink:label="DescriptionOfAccountingTreatmentOfReservesInSchemeOfAmalgamationWhereDifferentFromThatPrescribedInAS14"/>
    <presentationArc xlink:type="arc" xlink:arcrole="http://www.xbrl.org/2003/arcrole/parent-child" xlink:from="DescriptionOfTreatmentOfReservesInSchemeOfAmalgamationAbstract" xlink:to="DescriptionOfAccountingTreatmentOfReservesInSchemeOfAmalgamationWhereDifferentFromThatPrescribedInAS14" priority="0" order="1.0"/>
    <loc xlink:type="locator" xlink:href="../in-gaap-2012-03-31.xsd#in-gaap_ReasonsForFollowingAccountingTreatmentOfReservesInSchemeOfAmalgamationDifferentFromThatPrescribedInAS14" xlink:label="ReasonsForFollowingAccountingTreatmentOfReservesInSchemeOfAmalgamationDifferentFromThatPrescribedInAS14"/>
    <presentationArc xlink:type="arc" xlink:arcrole="http://www.xbrl.org/2003/arcrole/parent-child" xlink:from="DescriptionOfTreatmentOfReservesInSchemeOfAmalgamationAbstract" xlink:to="ReasonsForFollowingAccountingTreatmentOfReservesInSchemeOfAmalgamationDifferentFromThatPrescribedInAS14" priority="0" order="2.0"/>
    <loc xlink:type="locator" xlink:href="../in-gaap-2012-03-31.xsd#in-gaap_DeviationsInAccountingTreatmentOfReservesInSchemeOfAmalgamationDifferentFromThatPrescribedInAS14" xlink:label="DeviationsInAccountingTreatmentOfReservesInSchemeOfAmalgamationDifferentFromThatPrescribedInAS14"/>
    <presentationArc xlink:type="arc" xlink:arcrole="http://www.xbrl.org/2003/arcrole/parent-child" xlink:from="DescriptionOfTreatmentOfReservesInSchemeOfAmalgamationAbstract" xlink:to="DeviationsInAccountingTreatmentOfReservesInSchemeOfAmalgamationDifferentFromThatPrescribedInAS14" priority="0" order="3.0"/>
    <loc xlink:type="locator" xlink:href="../in-gaap-2012-03-31.xsd#in-gaap_FinancialEffectOfDeviationsInAccountingTreatmentOfReservesInSchemeOfAmalgamationDifferentFromThatPrescribedInAS14" xlink:label="FinancialEffectOfDeviationsInAccountingTreatmentOfReservesInSchemeOfAmalgamationDifferentFromThatPrescribedInAS14"/>
    <presentationArc xlink:type="arc" xlink:arcrole="http://www.xbrl.org/2003/arcrole/parent-child" xlink:from="DescriptionOfTreatmentOfReservesInSchemeOfAmalgamationAbstract" xlink:to="FinancialEffectOfDeviationsInAccountingTreatmentOfReservesInSchemeOfAmalgamationDifferentFromThatPrescribedInAS14" priority="0" order="4.0"/>
    <loc xlink:type="locator" xlink:href="../in-gaap-2012-03-31.xsd#in-gaap_DisclosureOfAmalgamationsAbstract" xlink:label="DisclosureOfAmalgamationsAbstract"/>
    <presentationArc xlink:type="arc" xlink:arcrole="http://www.xbrl.org/2003/arcrole/parent-child" xlink:from="DisclosureOfNotesOnAmalgamationsExplanatoryTextBlock" xlink:to="DisclosureOfAmalgamationsAbstract" priority="0" order="2.0"/>
    <loc xlink:type="locator" xlink:href="../in-gaap-2012-03-31.xsd#in-gaap_DisclosureOfAmalgamationsTable" xlink:label="DisclosureOfAmalgamationsTable"/>
    <presentationArc xlink:type="arc" xlink:arcrole="http://www.xbrl.org/2003/arcrole/parent-child" xlink:from="DisclosureOfAmalgamationsAbstract" xlink:to="DisclosureOfAmalgamationsTable" priority="0" order="1.0"/>
    <loc xlink:type="locator" xlink:href="../in-gaap-2012-03-31.xsd#in-gaap_AmalgamationsAxis" xlink:label="AmalgamationsAxis"/>
    <presentationArc xlink:type="arc" xlink:arcrole="http://www.xbrl.org/2003/arcrole/parent-child" xlink:from="DisclosureOfAmalgamationsTable" xlink:to="AmalgamationsAxis" priority="0" order="1.0"/>
    <loc xlink:type="locator" xlink:href="../in-gaap-2012-03-31.xsd#in-gaap_DisclosureOfAmalgamationsLineItems" xlink:label="DisclosureOfAmalgamationsLineItems"/>
    <presentationArc xlink:type="arc" xlink:arcrole="http://www.xbrl.org/2003/arcrole/parent-child" xlink:from="DisclosureOfAmalgamationsAbstract" xlink:to="DisclosureOfAmalgamationsLineItems" priority="0" order="2.0"/>
    <loc xlink:type="locator" xlink:href="../in-gaap-2012-03-31.xsd#in-gaap_NameOfAmalgamatingCompany" xlink:label="NameOfAmalgamatingCompany"/>
    <presentationArc xlink:type="arc" xlink:arcrole="http://www.xbrl.org/2003/arcrole/parent-child" xlink:from="DisclosureOfAmalgamationsLineItems" xlink:to="NameOfAmalgamatingCompany" priority="0" order="1.0"/>
    <loc xlink:type="locator" xlink:href="../../IN-CA/in-ca-2012-03-31.xsd#in-ca_CountryOfIncorporationOrResidenceOfAmalgamatingCompany" xlink:label="CountryOfIncorporationOrResidenceOfAmalgamatingCompany"/>
    <presentationArc xlink:type="arc" xlink:arcrole="http://www.xbrl.org/2003/arcrole/parent-child" xlink:from="DisclosureOfAmalgamationsLineItems" xlink:to="CountryOfIncorporationOrResidenceOfAmalgamatingCompany" priority="0" order="2.0"/>
    <loc xlink:type="locator" xlink:href="../../IN-CA/in-ca-2012-03-31.xsd#in-ca_CINOfAmalgamatingCompany" xlink:label="CINOfAmalgamatingCompany"/>
    <presentationArc xlink:type="arc" xlink:arcrole="http://www.xbrl.org/2003/arcrole/parent-child" xlink:from="DisclosureOfAmalgamationsLineItems" xlink:to="CINOfAmalgamatingCompany" priority="0" order="3.0"/>
    <loc xlink:type="locator" xlink:href="../in-gaap-2012-03-31.xsd#in-gaap_GeneralNatureOfBusinessOfAmalgamatingCompany" xlink:label="GeneralNatureOfBusinessOfAmalgamatingCompany"/>
    <presentationArc xlink:type="arc" xlink:arcrole="http://www.xbrl.org/2003/arcrole/parent-child" xlink:from="DisclosureOfAmalgamationsLineItems" xlink:to="GeneralNatureOfBusinessOfAmalgamatingCompany" priority="0" order="4.0"/>
    <loc xlink:type="locator" xlink:href="../in-gaap-2012-03-31.xsd#in-gaap_EffectiveDateOfAmalgamationForAccountingPurposes" xlink:label="EffectiveDateOfAmalgamationForAccountingPurposes"/>
    <presentationArc xlink:type="arc" xlink:arcrole="http://www.xbrl.org/2003/arcrole/parent-child" xlink:from="DisclosureOfAmalgamationsLineItems" xlink:to="EffectiveDateOfAmalgamationForAccountingPurposes" priority="0" order="5.0"/>
    <loc xlink:type="locator" xlink:href="../in-gaap-2012-03-31.xsd#in-gaap_MethodOfAccountingUsedToReflectAmalgamation" xlink:label="MethodOfAccountingUsedToReflectAmalgamation"/>
    <presentationArc xlink:type="arc" xlink:arcrole="http://www.xbrl.org/2003/arcrole/parent-child" xlink:from="DisclosureOfAmalgamationsLineItems" xlink:to="MethodOfAccountingUsedToReflectAmalgamation" priority="0" order="6.0"/>
    <loc xlink:type="locator" xlink:href="../in-gaap-2012-03-31.xsd#in-gaap_DescriptionOfParticularsOfSchemeSanctionedUnderStatute" xlink:label="DescriptionOfParticularsOfSchemeSanctionedUnderStatute"/>
    <presentationArc xlink:type="arc" xlink:arcrole="http://www.xbrl.org/2003/arcrole/parent-child" xlink:from="DisclosureOfAmalgamationsLineItems" xlink:to="DescriptionOfParticularsOfSchemeSanctionedUnderStatute" priority="0" order="7.0"/>
    <loc xlink:type="locator" xlink:href="../in-gaap-2012-03-31.xsd#in-gaap_AdjustmentsRelatedMergerAcquisitions" xlink:label="AdjustmentsRelatedMergerAcquisitions"/>
    <presentationArc xlink:type="arc" xlink:arcrole="http://www.xbrl.org/2003/arcrole/parent-child" xlink:from="DisclosureOfAmalgamationsLineItems" xlink:to="AdjustmentsRelatedMergerAcquisitions" priority="0" order="8.0"/>
    <loc xlink:type="locator" xlink:href="../in-gaap-2012-03-31.xsd#in-gaap_AdditionalDisclosuresForAmalgamationsAccountedUnderPoolingOfInterestMethodAbstract" xlink:label="AdditionalDisclosuresForAmalgamationsAccountedUnderPoolingOfInterestMethodAbstract"/>
    <presentationArc xlink:type="arc" xlink:arcrole="http://www.xbrl.org/2003/arcrole/parent-child" xlink:from="DisclosureOfAmalgamationsLineItems" xlink:to="AdditionalDisclosuresForAmalgamationsAccountedUnderPoolingOfInterestMethodAbstract" priority="0" order="9.0"/>
    <loc xlink:type="locator" xlink:href="../in-gaap-2012-03-31.xsd#in-gaap_DescriptionOfSharesIssued" xlink:label="DescriptionOfSharesIssued"/>
    <presentationArc xlink:type="arc" xlink:arcrole="http://www.xbrl.org/2003/arcrole/parent-child" xlink:from="AdditionalDisclosuresForAmalgamationsAccountedUnderPoolingOfInterestMethodAbstract" xlink:to="DescriptionOfSharesIssued" priority="0" order="1.0"/>
    <loc xlink:type="locator" xlink:href="../in-gaap-2012-03-31.xsd#in-gaap_NumberOfSharesIssued" xlink:label="NumberOfSharesIssued"/>
    <presentationArc xlink:type="arc" xlink:arcrole="http://www.xbrl.org/2003/arcrole/parent-child" xlink:from="AdditionalDisclosuresForAmalgamationsAccountedUnderPoolingOfInterestMethodAbstract" xlink:to="NumberOfSharesIssued" priority="0" order="2.0"/>
    <loc xlink:type="locator" xlink:href="../in-gaap-2012-03-31.xsd#in-gaap_PercentageOfEachCompanysSharesExchangedToEffectAmalgamation" xlink:label="PercentageOfEachCompanysSharesExchangedToEffectAmalgamation"/>
    <presentationArc xlink:type="arc" xlink:arcrole="http://www.xbrl.org/2003/arcrole/parent-child" xlink:from="AdditionalDisclosuresForAmalgamationsAccountedUnderPoolingOfInterestMethodAbstract" xlink:to="PercentageOfEachCompanysSharesExchangedToEffectAmalgamation" priority="0" order="3.0"/>
    <loc xlink:type="locator" xlink:href="../in-gaap-2012-03-31.xsd#in-gaap_AmountOfDifferenceBetweenConsiderationAndValueOfNetIdentifiableAssetsAcquiredPoolingOfInterest" xlink:label="AmountOfDifferenceBetweenConsiderationAndValueOfNetIdentifiableAssetsAcquiredPoolingOfInterest"/>
    <presentationArc xlink:type="arc" xlink:arcrole="http://www.xbrl.org/2003/arcrole/parent-child" xlink:from="AdditionalDisclosuresForAmalgamationsAccountedUnderPoolingOfInterestMethodAbstract" xlink:to="AmountOfDifferenceBetweenConsiderationAndValueOfNetIdentifiableAssetsAcquiredPoolingOfInterest" priority="0" order="4.0"/>
    <loc xlink:type="locator" xlink:href="../in-gaap-2012-03-31.xsd#in-gaap_TreatmentOfDifferenceBetweenConsiderationAndValueOfNetIdentifiableAssetsAcquiredPoolingOfInterest" xlink:label="TreatmentOfDifferenceBetweenConsiderationAndValueOfNetIdentifiableAssetsAcquiredPoolingOfInterest"/>
    <presentationArc xlink:type="arc" xlink:arcrole="http://www.xbrl.org/2003/arcrole/parent-child" xlink:from="AdditionalDisclosuresForAmalgamationsAccountedUnderPoolingOfInterestMethodAbstract" xlink:to="TreatmentOfDifferenceBetweenConsiderationAndValueOfNetIdentifiableAssetsAcquiredPoolingOfInterest" priority="0" order="5.0"/>
    <loc xlink:type="locator" xlink:href="../in-gaap-2012-03-31.xsd#in-gaap_AdditionalDisclosuresForAmalgamationsAccountedUnderPurchaseMethodAbstract" xlink:label="AdditionalDisclosuresForAmalgamationsAccountedUnderPurchaseMethodAbstract"/>
    <presentationArc xlink:type="arc" xlink:arcrole="http://www.xbrl.org/2003/arcrole/parent-child" xlink:from="DisclosureOfAmalgamationsLineItems" xlink:to="AdditionalDisclosuresForAmalgamationsAccountedUnderPurchaseMethodAbstract" priority="0" order="10.0"/>
    <loc xlink:type="locator" xlink:href="../in-gaap-2012-03-31.xsd#in-gaap_ConsiderationForAmalgamation" xlink:label="ConsiderationForAmalgamation"/>
    <presentationArc xlink:type="arc" xlink:arcrole="http://www.xbrl.org/2003/arcrole/parent-child" xlink:from="AdditionalDisclosuresForAmalgamationsAccountedUnderPurchaseMethodAbstract" xlink:to="ConsiderationForAmalgamation" priority="0" order="1.0"/>
    <loc xlink:type="locator" xlink:href="../in-gaap-2012-03-31.xsd#in-gaap_DescriptionOfConsiderationPaidOrContingentlyPayable" xlink:label="DescriptionOfConsiderationPaidOrContingentlyPayable"/>
    <presentationArc xlink:type="arc" xlink:arcrole="http://www.xbrl.org/2003/arcrole/parent-child" xlink:from="AdditionalDisclosuresForAmalgamationsAccountedUnderPurchaseMethodAbstract" xlink:to="DescriptionOfConsiderationPaidOrContingentlyPayable" priority="0" order="2.0"/>
    <loc xlink:type="locator" xlink:href="../in-gaap-2012-03-31.xsd#in-gaap_AmountOfDifferenceBetweenConsiderationAndValueOfNetIdentifiableAssetsAcquiredPurchaseMethod" xlink:label="AmountOfDifferenceBetweenConsiderationAndValueOfNetIdentifiableAssetsAcquiredPurchaseMethod"/>
    <presentationArc xlink:type="arc" xlink:arcrole="http://www.xbrl.org/2003/arcrole/parent-child" xlink:from="AdditionalDisclosuresForAmalgamationsAccountedUnderPurchaseMethodAbstract" xlink:to="AmountOfDifferenceBetweenConsiderationAndValueOfNetIdentifiableAssetsAcquiredPurchaseMethod" priority="0" order="3.0"/>
    <loc xlink:type="locator" xlink:href="../in-gaap-2012-03-31.xsd#in-gaap_TreatmentOfDifferenceBetweenConsiderationAndValueOfNetIdentifiableAssetsAcquiredPurchaseMethod" xlink:label="TreatmentOfDifferenceBetweenConsiderationAndValueOfNetIdentifiableAssetsAcquiredPurchaseMethod"/>
    <presentationArc xlink:type="arc" xlink:arcrole="http://www.xbrl.org/2003/arcrole/parent-child" xlink:from="AdditionalDisclosuresForAmalgamationsAccountedUnderPurchaseMethodAbstract" xlink:to="TreatmentOfDifferenceBetweenConsiderationAndValueOfNetIdentifiableAssetsAcquiredPurchaseMethod" priority="0" order="4.0"/>
    <loc xlink:type="locator" xlink:href="../in-gaap-2012-03-31.xsd#in-gaap_PeriodOfAmortizationOfGoodwill" xlink:label="PeriodOfAmortizationOfGoodwill"/>
    <presentationArc xlink:type="arc" xlink:arcrole="http://www.xbrl.org/2003/arcrole/parent-child" xlink:from="AdditionalDisclosuresForAmalgamationsAccountedUnderPurchaseMethodAbstract" xlink:to="PeriodOfAmortizationOfGoodwill" priority="0" order="5.0"/>
    <loc xlink:type="locator" xlink:href="../in-gaap-2012-03-31.xsd#in-gaap_DescriptionOfAmalgamationEffectedAfterBalanceSheetDate" xlink:label="DescriptionOfAmalgamationEffectedAfterBalanceSheetDate"/>
    <presentationArc xlink:type="arc" xlink:arcrole="http://www.xbrl.org/2003/arcrole/parent-child" xlink:from="DisclosureOfNotesOnAmalgamationsExplanatoryTextBlock" xlink:to="DescriptionOfAmalgamationEffectedAfterBalanceSheetDate" priority="0" order="3.0"/>
  </presentationLink>
</linkbase>
