<?xml version="1.0" encoding="US-ASCII"?>
<!-- Generated by Fujitsu Interstage XWand B0166 -->
<linkbase xmlns="http://www.xbrl.org/2003/linkbase" xmlns:xsi="http://www.w3.org/2001/XMLSchema-instance" xmlns:xlink="http://www.w3.org/1999/xlink" xmlns:xbrli="http://www.xbrl.org/2003/instance">
  <roleRef roleURI="http://www.icai.org/xbrl/taxonomy/role/in-gaap/CashFlowStatementDirect" xlink:type="simple" xlink:href="../in-gaap-roles-2012-03-31.xsd#in-gaap-rol-100300"/>
  <roleRef roleURI="http://www.xbrl.org/2009/role/negatedLabel" xlink:type="simple" xlink:href="http://www.xbrl.org/lrr/role/negated-2009-12-16.xsd#negatedLabel"/>
  <roleRef roleURI="http://www.xbrl.org/2009/role/negatedTerseLabel" xlink:type="simple" xlink:href="http://www.xbrl.org/lrr/role/negated-2009-12-16.xsd#negatedTerseLabel"/>
  <roleRef roleURI="http://www.xbrl.org/2009/role/netLabel" xlink:type="simple" xlink:href="http://www.xbrl.org/lrr/role/net-2009-12-16.xsd#netLabel"/>
  <presentationLink xlink:type="extended" xlink:role="http://www.icai.org/xbrl/taxonomy/role/in-gaap/CashFlowStatementDirect">
    <loc xlink:type="locator" xlink:href="../in-gaap-2012-03-31.xsd#in-gaap_StatementOfCashFlowsAbstract" xlink:label="StatementOfCashFlowsAbstract"/>
    <loc xlink:type="locator" xlink:href="../in-gaap-2012-03-31.xsd#in-gaap_CashFlowsFromUsedInOperatingActivitiesAbstract" xlink:label="CashFlowsFromUsedInOperatingActivitiesAbstract"/>
    <presentationArc xlink:type="arc" xlink:arcrole="http://www.xbrl.org/2003/arcrole/parent-child" xlink:from="StatementOfCashFlowsAbstract" xlink:to="CashFlowsFromUsedInOperatingActivitiesAbstract" priority="0" order="1.0"/>
    <loc xlink:type="locator" xlink:href="../in-gaap-2012-03-31.xsd#in-gaap_ClassesOfCashReceiptsFromOperatingActivitiesAbstract" xlink:label="ClassesOfCashReceiptsFromOperatingActivitiesAbstract"/>
    <presentationArc xlink:type="arc" xlink:arcrole="http://www.xbrl.org/2003/arcrole/parent-child" xlink:from="CashFlowsFromUsedInOperatingActivitiesAbstract" xlink:to="ClassesOfCashReceiptsFromOperatingActivitiesAbstract" priority="0" order="1.0"/>
    <loc xlink:type="locator" xlink:href="../in-gaap-2012-03-31.xsd#in-gaap_ReceiptsFromSalesOfGoodsAndRenderingOfServices" xlink:label="ReceiptsFromSalesOfGoodsAndRenderingOfServices"/>
    <presentationArc xlink:type="arc" xlink:arcrole="http://www.xbrl.org/2003/arcrole/parent-child" xlink:from="ClassesOfCashReceiptsFromOperatingActivitiesAbstract" xlink:to="ReceiptsFromSalesOfGoodsAndRenderingOfServices" priority="0" order="1.0"/>
    <loc xlink:type="locator" xlink:href="../in-gaap-2012-03-31.xsd#in-gaap_ReceiptsFromRoyaltiesFeesCommissionsAndOtherRevenue" xlink:label="ReceiptsFromRoyaltiesFeesCommissionsAndOtherRevenue"/>
    <presentationArc xlink:type="arc" xlink:arcrole="http://www.xbrl.org/2003/arcrole/parent-child" xlink:from="ClassesOfCashReceiptsFromOperatingActivitiesAbstract" xlink:to="ReceiptsFromRoyaltiesFeesCommissionsAndOtherRevenue" priority="0" order="2.0"/>
    <loc xlink:type="locator" xlink:href="../in-gaap-2012-03-31.xsd#in-gaap_ReceiptsFromFutureContractsForwardContractsOptionsContractsAndSwapContractsHeldForDealingOrTradingPurpose" xlink:label="ReceiptsFromFutureContractsForwardContractsOptionsContractsAndSwapContractsHeldForDealingOrTradingPurpose"/>
    <presentationArc xlink:type="arc" xlink:arcrole="http://www.xbrl.org/2003/arcrole/parent-child" xlink:from="ClassesOfCashReceiptsFromOperatingActivitiesAbstract" xlink:to="ReceiptsFromFutureContractsForwardContractsOptionsContractsAndSwapContractsHeldForDealingOrTradingPurpose" priority="0" order="3.0"/>
    <loc xlink:type="locator" xlink:href="../in-gaap-2012-03-31.xsd#in-gaap_ReceiptsFromPremiumsAndClaimsAnnuitiesAndOtherPolicyBenefits" xlink:label="ReceiptsFromPremiumsAndClaimsAnnuitiesAndOtherPolicyBenefits"/>
    <presentationArc xlink:type="arc" xlink:arcrole="http://www.xbrl.org/2003/arcrole/parent-child" xlink:from="ClassesOfCashReceiptsFromOperatingActivitiesAbstract" xlink:to="ReceiptsFromPremiumsAndClaimsAnnuitiesAndOtherPolicyBenefits" priority="0" order="4.0"/>
    <loc xlink:type="locator" xlink:href="../in-gaap-2012-03-31.xsd#in-gaap_OtherCashReceiptsFromOperatingActivities" xlink:label="OtherCashReceiptsFromOperatingActivities"/>
    <presentationArc xlink:type="arc" xlink:arcrole="http://www.xbrl.org/2003/arcrole/parent-child" xlink:from="ClassesOfCashReceiptsFromOperatingActivitiesAbstract" xlink:to="OtherCashReceiptsFromOperatingActivities" priority="0" order="5.0"/>
    <loc xlink:type="locator" xlink:href="../in-gaap-2012-03-31.xsd#in-gaap_ClassesOfCashPaymentsAbstract" xlink:label="ClassesOfCashPaymentsAbstract"/>
    <presentationArc xlink:type="arc" xlink:arcrole="http://www.xbrl.org/2003/arcrole/parent-child" xlink:from="CashFlowsFromUsedInOperatingActivitiesAbstract" xlink:to="ClassesOfCashPaymentsAbstract" priority="0" order="2.0"/>
    <loc xlink:type="locator" xlink:href="../in-gaap-2012-03-31.xsd#in-gaap_PaymentsToSuppliersForGoodsAndServices" xlink:label="PaymentsToSuppliersForGoodsAndServices"/>
    <presentationArc xlink:type="arc" xlink:arcrole="http://www.xbrl.org/2003/arcrole/parent-child" xlink:from="ClassesOfCashPaymentsAbstract" xlink:to="PaymentsToSuppliersForGoodsAndServices" priority="0" order="1.0" preferredLabel="http://www.xbrl.org/2009/role/negatedLabel"/>
    <loc xlink:type="locator" xlink:href="../in-gaap-2012-03-31.xsd#in-gaap_PaymentsToFutureContractsForwardContractsOptionsContractsAndSwapContractsHeldForDealingOrTradingPurpose" xlink:label="PaymentsToFutureContractsForwardContractsOptionsContractsAndSwapContractsHeldForDealingOrTradingPurpose"/>
    <presentationArc xlink:type="arc" xlink:arcrole="http://www.xbrl.org/2003/arcrole/parent-child" xlink:from="ClassesOfCashPaymentsAbstract" xlink:to="PaymentsToFutureContractsForwardContractsOptionsContractsAndSwapContractsHeldForDealingOrTradingPurpose" priority="0" order="2.0" preferredLabel="http://www.xbrl.org/2009/role/negatedLabel"/>
    <loc xlink:type="locator" xlink:href="../in-gaap-2012-03-31.xsd#in-gaap_PaymentsToAndOnBehalfOfEmployees" xlink:label="PaymentsToAndOnBehalfOfEmployees"/>
    <presentationArc xlink:type="arc" xlink:arcrole="http://www.xbrl.org/2003/arcrole/parent-child" xlink:from="ClassesOfCashPaymentsAbstract" xlink:to="PaymentsToAndOnBehalfOfEmployees" priority="0" order="3.0" preferredLabel="http://www.xbrl.org/2009/role/negatedLabel"/>
    <loc xlink:type="locator" xlink:href="../in-gaap-2012-03-31.xsd#in-gaap_PaymentsForPremiumsAndClaimsAnnuitiesAndOtherPolicyBenefits" xlink:label="PaymentsForPremiumsAndClaimsAnnuitiesAndOtherPolicyBenefits"/>
    <presentationArc xlink:type="arc" xlink:arcrole="http://www.xbrl.org/2003/arcrole/parent-child" xlink:from="ClassesOfCashPaymentsAbstract" xlink:to="PaymentsForPremiumsAndClaimsAnnuitiesAndOtherPolicyBenefits" priority="0" order="4.0" preferredLabel="http://www.xbrl.org/2009/role/negatedLabel"/>
    <loc xlink:type="locator" xlink:href="../in-gaap-2012-03-31.xsd#in-gaap_OtherCashPaymentsFromOperatingActivities" xlink:label="OtherCashPaymentsFromOperatingActivities"/>
    <presentationArc xlink:type="arc" xlink:arcrole="http://www.xbrl.org/2003/arcrole/parent-child" xlink:from="ClassesOfCashPaymentsAbstract" xlink:to="OtherCashPaymentsFromOperatingActivities" priority="0" order="5.0" preferredLabel="http://www.xbrl.org/2009/role/negatedLabel"/>
    <loc xlink:type="locator" xlink:href="../in-gaap-2012-03-31.xsd#in-gaap_CashFlowsFromUsedInOperations" xlink:label="CashFlowsFromUsedInOperations"/>
    <presentationArc xlink:type="arc" xlink:arcrole="http://www.xbrl.org/2003/arcrole/parent-child" xlink:from="CashFlowsFromUsedInOperatingActivitiesAbstract" xlink:to="CashFlowsFromUsedInOperations" priority="0" order="3.0" preferredLabel="http://www.xbrl.org/2009/role/netLabel"/>
    <loc xlink:type="locator" xlink:href="../in-gaap-2012-03-31.xsd#in-gaap_DividendsReceivedClassifiedAsOperatingActivities" xlink:label="DividendsReceivedClassifiedAsOperatingActivities"/>
    <presentationArc xlink:type="arc" xlink:arcrole="http://www.xbrl.org/2003/arcrole/parent-child" xlink:from="CashFlowsFromUsedInOperatingActivitiesAbstract" xlink:to="DividendsReceivedClassifiedAsOperatingActivities" priority="0" order="4.0" preferredLabel="http://www.xbrl.org/2003/role/terseLabel"/>
    <loc xlink:type="locator" xlink:href="../in-gaap-2012-03-31.xsd#in-gaap_InterestPaidClassifiedAsOperatingActivities" xlink:label="InterestPaidClassifiedAsOperatingActivities"/>
    <presentationArc xlink:type="arc" xlink:arcrole="http://www.xbrl.org/2003/arcrole/parent-child" xlink:from="CashFlowsFromUsedInOperatingActivitiesAbstract" xlink:to="InterestPaidClassifiedAsOperatingActivities" priority="0" order="5.0" preferredLabel="http://www.xbrl.org/2009/role/negatedTerseLabel"/>
    <loc xlink:type="locator" xlink:href="../in-gaap-2012-03-31.xsd#in-gaap_InterestReceivedClassifiedAsOperatingActivities" xlink:label="InterestReceivedClassifiedAsOperatingActivities"/>
    <presentationArc xlink:type="arc" xlink:arcrole="http://www.xbrl.org/2003/arcrole/parent-child" xlink:from="CashFlowsFromUsedInOperatingActivitiesAbstract" xlink:to="InterestReceivedClassifiedAsOperatingActivities" priority="0" order="6.0" preferredLabel="http://www.xbrl.org/2003/role/terseLabel"/>
    <loc xlink:type="locator" xlink:href="../in-gaap-2012-03-31.xsd#in-gaap_IncomeTaxesPaidRefundClassifiedAsOperatingActivities" xlink:label="IncomeTaxesPaidRefundClassifiedAsOperatingActivities"/>
    <presentationArc xlink:type="arc" xlink:arcrole="http://www.xbrl.org/2003/arcrole/parent-child" xlink:from="CashFlowsFromUsedInOperatingActivitiesAbstract" xlink:to="IncomeTaxesPaidRefundClassifiedAsOperatingActivities" priority="0" order="7.0" preferredLabel="http://www.xbrl.org/2009/role/negatedTerseLabel"/>
    <loc xlink:type="locator" xlink:href="../in-gaap-2012-03-31.xsd#in-gaap_OtherInflowsOutflowsOfCashClassifiedAsOperatingActivities" xlink:label="OtherInflowsOutflowsOfCashClassifiedAsOperatingActivities"/>
    <presentationArc xlink:type="arc" xlink:arcrole="http://www.xbrl.org/2003/arcrole/parent-child" xlink:from="CashFlowsFromUsedInOperatingActivitiesAbstract" xlink:to="OtherInflowsOutflowsOfCashClassifiedAsOperatingActivities" priority="0" order="8.0" preferredLabel="http://www.xbrl.org/2003/role/terseLabel"/>
    <loc xlink:type="locator" xlink:href="../in-gaap-2012-03-31.xsd#in-gaap_CashFlowsFromUsedInOperatingActivitiesBeforeExtraordinaryItems" xlink:label="CashFlowsFromUsedInOperatingActivitiesBeforeExtraordinaryItems"/>
    <presentationArc xlink:type="arc" xlink:arcrole="http://www.xbrl.org/2003/arcrole/parent-child" xlink:from="CashFlowsFromUsedInOperatingActivitiesAbstract" xlink:to="CashFlowsFromUsedInOperatingActivitiesBeforeExtraordinaryItems" priority="0" order="9.0" preferredLabel="http://www.xbrl.org/2009/role/netLabel"/>
    <loc xlink:type="locator" xlink:href="../in-gaap-2012-03-31.xsd#in-gaap_ProceedsFromExtraordinaryItemsClassifiedAsOperatingActivities" xlink:label="ProceedsFromExtraordinaryItemsClassifiedAsOperatingActivities"/>
    <presentationArc xlink:type="arc" xlink:arcrole="http://www.xbrl.org/2003/arcrole/parent-child" xlink:from="CashFlowsFromUsedInOperatingActivitiesAbstract" xlink:to="ProceedsFromExtraordinaryItemsClassifiedAsOperatingActivities" priority="0" order="10.0" preferredLabel="http://www.xbrl.org/2003/role/terseLabel"/>
    <loc xlink:type="locator" xlink:href="../in-gaap-2012-03-31.xsd#in-gaap_PaymentForExtraordinaryItemsClassifiedAsOperatingActivities" xlink:label="PaymentForExtraordinaryItemsClassifiedAsOperatingActivities"/>
    <presentationArc xlink:type="arc" xlink:arcrole="http://www.xbrl.org/2003/arcrole/parent-child" xlink:from="CashFlowsFromUsedInOperatingActivitiesAbstract" xlink:to="PaymentForExtraordinaryItemsClassifiedAsOperatingActivities" priority="0" order="11.0" preferredLabel="http://www.xbrl.org/2009/role/negatedTerseLabel"/>
    <loc xlink:type="locator" xlink:href="../in-gaap-2012-03-31.xsd#in-gaap_CashFlowsFromUsedInOperatingActivities" xlink:label="CashFlowsFromUsedInOperatingActivities"/>
    <presentationArc xlink:type="arc" xlink:arcrole="http://www.xbrl.org/2003/arcrole/parent-child" xlink:from="CashFlowsFromUsedInOperatingActivitiesAbstract" xlink:to="CashFlowsFromUsedInOperatingActivities" priority="0" order="12.0" preferredLabel="http://www.xbrl.org/2009/role/netLabel"/>
    <loc xlink:type="locator" xlink:href="../in-gaap-2012-03-31.xsd#in-gaap_CashFlowsFromUsedInInvestingActivitiesAbstract" xlink:label="CashFlowsFromUsedInInvestingActivitiesAbstract"/>
    <presentationArc xlink:type="arc" xlink:arcrole="http://www.xbrl.org/2003/arcrole/parent-child" xlink:from="StatementOfCashFlowsAbstract" xlink:to="CashFlowsFromUsedInInvestingActivitiesAbstract" priority="0" order="2.0"/>
    <loc xlink:type="locator" xlink:href="../in-gaap-2012-03-31.xsd#in-gaap_CashFlowsFromLosingControlOfSubsidiariesOrOtherBusinessesClassifiedAsInvestingActivities" xlink:label="CashFlowsFromLosingControlOfSubsidiariesOrOtherBusinessesClassifiedAsInvestingActivities"/>
    <presentationArc xlink:type="arc" xlink:arcrole="http://www.xbrl.org/2003/arcrole/parent-child" xlink:from="CashFlowsFromUsedInInvestingActivitiesAbstract" xlink:to="CashFlowsFromLosingControlOfSubsidiariesOrOtherBusinessesClassifiedAsInvestingActivities" priority="0" order="1.0" preferredLabel="http://www.xbrl.org/2003/role/terseLabel"/>
    <loc xlink:type="locator" xlink:href="../in-gaap-2012-03-31.xsd#in-gaap_CashFlowsUsedInObtainingControlOfSubsidiariesOrOtherBusinessesClassifiedAsInvestingActivities" xlink:label="CashFlowsUsedInObtainingControlOfSubsidiariesOrOtherBusinessesClassifiedAsInvestingActivities"/>
    <presentationArc xlink:type="arc" xlink:arcrole="http://www.xbrl.org/2003/arcrole/parent-child" xlink:from="CashFlowsFromUsedInInvestingActivitiesAbstract" xlink:to="CashFlowsUsedInObtainingControlOfSubsidiariesOrOtherBusinessesClassifiedAsInvestingActivities" priority="0" order="2.0" preferredLabel="http://www.xbrl.org/2009/role/negatedTerseLabel"/>
    <loc xlink:type="locator" xlink:href="../in-gaap-2012-03-31.xsd#in-gaap_OtherCashReceiptsFromSalesOfEquityOrDebtInstrumentsOfOtherEntitiesClassifiedAsInvestingActivities" xlink:label="OtherCashReceiptsFromSalesOfEquityOrDebtInstrumentsOfOtherEntitiesClassifiedAsInvestingActivities"/>
    <presentationArc xlink:type="arc" xlink:arcrole="http://www.xbrl.org/2003/arcrole/parent-child" xlink:from="CashFlowsFromUsedInInvestingActivitiesAbstract" xlink:to="OtherCashReceiptsFromSalesOfEquityOrDebtInstrumentsOfOtherEntitiesClassifiedAsInvestingActivities" priority="0" order="3.0" preferredLabel="http://www.xbrl.org/2003/role/terseLabel"/>
    <loc xlink:type="locator" xlink:href="../in-gaap-2012-03-31.xsd#in-gaap_OtherCashPaymentsToAcquireEquityOrDebtInstrumentsOfOtherEntitiesClassifiedAsInvestingActivities" xlink:label="OtherCashPaymentsToAcquireEquityOrDebtInstrumentsOfOtherEntitiesClassifiedAsInvestingActivities"/>
    <presentationArc xlink:type="arc" xlink:arcrole="http://www.xbrl.org/2003/arcrole/parent-child" xlink:from="CashFlowsFromUsedInInvestingActivitiesAbstract" xlink:to="OtherCashPaymentsToAcquireEquityOrDebtInstrumentsOfOtherEntitiesClassifiedAsInvestingActivities" priority="0" order="4.0" preferredLabel="http://www.xbrl.org/2009/role/negatedTerseLabel"/>
    <loc xlink:type="locator" xlink:href="../in-gaap-2012-03-31.xsd#in-gaap_OtherCashReceiptsFromSalesOfInterestsInJointVenturesClassifiedAsInvestingActivities" xlink:label="OtherCashReceiptsFromSalesOfInterestsInJointVenturesClassifiedAsInvestingActivities"/>
    <presentationArc xlink:type="arc" xlink:arcrole="http://www.xbrl.org/2003/arcrole/parent-child" xlink:from="CashFlowsFromUsedInInvestingActivitiesAbstract" xlink:to="OtherCashReceiptsFromSalesOfInterestsInJointVenturesClassifiedAsInvestingActivities" priority="0" order="5.0" preferredLabel="http://www.xbrl.org/2003/role/terseLabel"/>
    <loc xlink:type="locator" xlink:href="../in-gaap-2012-03-31.xsd#in-gaap_OtherCashPaymentsToAcquireInterestsInJointVenturesClassifiedAsInvestingActivities" xlink:label="OtherCashPaymentsToAcquireInterestsInJointVenturesClassifiedAsInvestingActivities"/>
    <presentationArc xlink:type="arc" xlink:arcrole="http://www.xbrl.org/2003/arcrole/parent-child" xlink:from="CashFlowsFromUsedInInvestingActivitiesAbstract" xlink:to="OtherCashPaymentsToAcquireInterestsInJointVenturesClassifiedAsInvestingActivities" priority="0" order="6.0" preferredLabel="http://www.xbrl.org/2009/role/negatedTerseLabel"/>
    <loc xlink:type="locator" xlink:href="../in-gaap-2012-03-31.xsd#in-gaap_CashReceiptsFromShareOfProfitsOfPartnershipFirmOrAssociationOfPersons" xlink:label="CashReceiptsFromShareOfProfitsOfPartnershipFirmOrAssociationOfPersons"/>
    <presentationArc xlink:type="arc" xlink:arcrole="http://www.xbrl.org/2003/arcrole/parent-child" xlink:from="CashFlowsFromUsedInInvestingActivitiesAbstract" xlink:to="CashReceiptsFromShareOfProfitsOfPartnershipFirmOrAssociationOfPersons" priority="0" order="7.0"/>
    <loc xlink:type="locator" xlink:href="../in-gaap-2012-03-31.xsd#in-gaap_CashPaymentForInvestmentInPartnershipFirmOrAssociationOfPersons" xlink:label="CashPaymentForInvestmentInPartnershipFirmOrAssociationOfPersons"/>
    <presentationArc xlink:type="arc" xlink:arcrole="http://www.xbrl.org/2003/arcrole/parent-child" xlink:from="CashFlowsFromUsedInInvestingActivitiesAbstract" xlink:to="CashPaymentForInvestmentInPartnershipFirmOrAssociationOfPersons" priority="0" order="8.0"/>
    <loc xlink:type="locator" xlink:href="../in-gaap-2012-03-31.xsd#in-gaap_ProceedsFromSalesOfTangibleAssetsClassifiedAsInvestingActivities" xlink:label="ProceedsFromSalesOfTangibleAssetsClassifiedAsInvestingActivities"/>
    <presentationArc xlink:type="arc" xlink:arcrole="http://www.xbrl.org/2003/arcrole/parent-child" xlink:from="CashFlowsFromUsedInInvestingActivitiesAbstract" xlink:to="ProceedsFromSalesOfTangibleAssetsClassifiedAsInvestingActivities" priority="0" order="9.0" preferredLabel="http://www.xbrl.org/2003/role/terseLabel"/>
    <loc xlink:type="locator" xlink:href="../in-gaap-2012-03-31.xsd#in-gaap_PurchaseOfTangibleAssetsClassifiedAsInvestingActivities" xlink:label="PurchaseOfTangibleAssetsClassifiedAsInvestingActivities"/>
    <presentationArc xlink:type="arc" xlink:arcrole="http://www.xbrl.org/2003/arcrole/parent-child" xlink:from="CashFlowsFromUsedInInvestingActivitiesAbstract" xlink:to="PurchaseOfTangibleAssetsClassifiedAsInvestingActivities" priority="0" order="10.0" preferredLabel="http://www.xbrl.org/2009/role/negatedTerseLabel"/>
    <loc xlink:type="locator" xlink:href="../in-gaap-2012-03-31.xsd#in-gaap_ProceedsFromSalesOfIntangibleAssetsClassifiedAsInvestingActivities" xlink:label="ProceedsFromSalesOfIntangibleAssetsClassifiedAsInvestingActivities"/>
    <presentationArc xlink:type="arc" xlink:arcrole="http://www.xbrl.org/2003/arcrole/parent-child" xlink:from="CashFlowsFromUsedInInvestingActivitiesAbstract" xlink:to="ProceedsFromSalesOfIntangibleAssetsClassifiedAsInvestingActivities" priority="0" order="11.0" preferredLabel="http://www.xbrl.org/2003/role/terseLabel"/>
    <loc xlink:type="locator" xlink:href="../in-gaap-2012-03-31.xsd#in-gaap_PurchaseOfIntangibleAssetsClassifiedAsInvestingActivities" xlink:label="PurchaseOfIntangibleAssetsClassifiedAsInvestingActivities"/>
    <presentationArc xlink:type="arc" xlink:arcrole="http://www.xbrl.org/2003/arcrole/parent-child" xlink:from="CashFlowsFromUsedInInvestingActivitiesAbstract" xlink:to="PurchaseOfIntangibleAssetsClassifiedAsInvestingActivities" priority="0" order="12.0" preferredLabel="http://www.xbrl.org/2009/role/negatedTerseLabel"/>
    <loc xlink:type="locator" xlink:href="../in-gaap-2012-03-31.xsd#in-gaap_CashAdvancesAndLoansMadeToOtherPartiesClassifiedAsInvestingActivities" xlink:label="CashAdvancesAndLoansMadeToOtherPartiesClassifiedAsInvestingActivities"/>
    <presentationArc xlink:type="arc" xlink:arcrole="http://www.xbrl.org/2003/arcrole/parent-child" xlink:from="CashFlowsFromUsedInInvestingActivitiesAbstract" xlink:to="CashAdvancesAndLoansMadeToOtherPartiesClassifiedAsInvestingActivities" priority="0" order="13.0" preferredLabel="http://www.xbrl.org/2009/role/negatedTerseLabel"/>
    <loc xlink:type="locator" xlink:href="../in-gaap-2012-03-31.xsd#in-gaap_CashReceiptsFromRepaymentOfAdvancesAndLoansMadeToOtherPartiesClassifiedAsInvestingActivities" xlink:label="CashReceiptsFromRepaymentOfAdvancesAndLoansMadeToOtherPartiesClassifiedAsInvestingActivities"/>
    <presentationArc xlink:type="arc" xlink:arcrole="http://www.xbrl.org/2003/arcrole/parent-child" xlink:from="CashFlowsFromUsedInInvestingActivitiesAbstract" xlink:to="CashReceiptsFromRepaymentOfAdvancesAndLoansMadeToOtherPartiesClassifiedAsInvestingActivities" priority="0" order="14.0" preferredLabel="http://www.xbrl.org/2003/role/terseLabel"/>
    <loc xlink:type="locator" xlink:href="../in-gaap-2012-03-31.xsd#in-gaap_CashPaymentsForFutureContractsForwardContractsOptionContractsAndSwapContractsClassifiedAsInvestingActivities" xlink:label="CashPaymentsForFutureContractsForwardContractsOptionContractsAndSwapContractsClassifiedAsInvestingActivities"/>
    <presentationArc xlink:type="arc" xlink:arcrole="http://www.xbrl.org/2003/arcrole/parent-child" xlink:from="CashFlowsFromUsedInInvestingActivitiesAbstract" xlink:to="CashPaymentsForFutureContractsForwardContractsOptionContractsAndSwapContractsClassifiedAsInvestingActivities" priority="0" order="15.0" preferredLabel="http://www.xbrl.org/2009/role/negatedTerseLabel"/>
    <loc xlink:type="locator" xlink:href="../in-gaap-2012-03-31.xsd#in-gaap_CashReceiptsFromFutureContractsForwardContractsOptionContractsAndSwapContractsClassifiedAsInvestingActivities" xlink:label="CashReceiptsFromFutureContractsForwardContractsOptionContractsAndSwapContractsClassifiedAsInvestingActivities"/>
    <presentationArc xlink:type="arc" xlink:arcrole="http://www.xbrl.org/2003/arcrole/parent-child" xlink:from="CashFlowsFromUsedInInvestingActivitiesAbstract" xlink:to="CashReceiptsFromFutureContractsForwardContractsOptionContractsAndSwapContractsClassifiedAsInvestingActivities" priority="0" order="16.0" preferredLabel="http://www.xbrl.org/2003/role/terseLabel"/>
    <loc xlink:type="locator" xlink:href="../in-gaap-2012-03-31.xsd#in-gaap_DividendsReceivedClassifiedAsInvestingActivities" xlink:label="DividendsReceivedClassifiedAsInvestingActivities"/>
    <presentationArc xlink:type="arc" xlink:arcrole="http://www.xbrl.org/2003/arcrole/parent-child" xlink:from="CashFlowsFromUsedInInvestingActivitiesAbstract" xlink:to="DividendsReceivedClassifiedAsInvestingActivities" priority="0" order="17.0" preferredLabel="http://www.xbrl.org/2003/role/terseLabel"/>
    <loc xlink:type="locator" xlink:href="../in-gaap-2012-03-31.xsd#in-gaap_InterestReceivedClassifiedAsInvestingActivities" xlink:label="InterestReceivedClassifiedAsInvestingActivities"/>
    <presentationArc xlink:type="arc" xlink:arcrole="http://www.xbrl.org/2003/arcrole/parent-child" xlink:from="CashFlowsFromUsedInInvestingActivitiesAbstract" xlink:to="InterestReceivedClassifiedAsInvestingActivities" priority="0" order="18.0" preferredLabel="http://www.xbrl.org/2003/role/terseLabel"/>
    <loc xlink:type="locator" xlink:href="../in-gaap-2012-03-31.xsd#in-gaap_IncomeTaxesPaidRefundClassifiedAsInvestingActivities" xlink:label="IncomeTaxesPaidRefundClassifiedAsInvestingActivities"/>
    <presentationArc xlink:type="arc" xlink:arcrole="http://www.xbrl.org/2003/arcrole/parent-child" xlink:from="CashFlowsFromUsedInInvestingActivitiesAbstract" xlink:to="IncomeTaxesPaidRefundClassifiedAsInvestingActivities" priority="0" order="19.0" preferredLabel="http://www.xbrl.org/2009/role/negatedTerseLabel"/>
    <loc xlink:type="locator" xlink:href="../in-gaap-2012-03-31.xsd#in-gaap_OtherInflowsOutflowsOfCashClassifiedAsInvestingActivities" xlink:label="OtherInflowsOutflowsOfCashClassifiedAsInvestingActivities"/>
    <presentationArc xlink:type="arc" xlink:arcrole="http://www.xbrl.org/2003/arcrole/parent-child" xlink:from="CashFlowsFromUsedInInvestingActivitiesAbstract" xlink:to="OtherInflowsOutflowsOfCashClassifiedAsInvestingActivities" priority="0" order="20.0" preferredLabel="http://www.xbrl.org/2003/role/terseLabel"/>
    <loc xlink:type="locator" xlink:href="../in-gaap-2012-03-31.xsd#in-gaap_ProceedsFromGovernmentGrantsClassifiedAsInvestingActivities" xlink:label="ProceedsFromGovernmentGrantsClassifiedAsInvestingActivities"/>
    <presentationArc xlink:type="arc" xlink:arcrole="http://www.xbrl.org/2003/arcrole/parent-child" xlink:from="CashFlowsFromUsedInInvestingActivitiesAbstract" xlink:to="ProceedsFromGovernmentGrantsClassifiedAsInvestingActivities" priority="0" order="21.0" preferredLabel="http://www.xbrl.org/2003/role/terseLabel"/>
    <loc xlink:type="locator" xlink:href="../in-gaap-2012-03-31.xsd#in-gaap_CashFlowsFromUsedInInvestingActivitiesBeforeExtraordinaryItems" xlink:label="CashFlowsFromUsedInInvestingActivitiesBeforeExtraordinaryItems"/>
    <presentationArc xlink:type="arc" xlink:arcrole="http://www.xbrl.org/2003/arcrole/parent-child" xlink:from="CashFlowsFromUsedInInvestingActivitiesAbstract" xlink:to="CashFlowsFromUsedInInvestingActivitiesBeforeExtraordinaryItems" priority="0" order="22.0" preferredLabel="http://www.xbrl.org/2009/role/netLabel"/>
    <loc xlink:type="locator" xlink:href="../in-gaap-2012-03-31.xsd#in-gaap_ProceedsFromExtraordinaryItemsClassifiedAsInvestingActivities" xlink:label="ProceedsFromExtraordinaryItemsClassifiedAsInvestingActivities"/>
    <presentationArc xlink:type="arc" xlink:arcrole="http://www.xbrl.org/2003/arcrole/parent-child" xlink:from="CashFlowsFromUsedInInvestingActivitiesAbstract" xlink:to="ProceedsFromExtraordinaryItemsClassifiedAsInvestingActivities" priority="0" order="23.0" preferredLabel="http://www.xbrl.org/2003/role/terseLabel"/>
    <loc xlink:type="locator" xlink:href="../in-gaap-2012-03-31.xsd#in-gaap_PaymentForExtraordinaryItemsClassifiedAsInvestingActivities" xlink:label="PaymentForExtraordinaryItemsClassifiedAsInvestingActivities"/>
    <presentationArc xlink:type="arc" xlink:arcrole="http://www.xbrl.org/2003/arcrole/parent-child" xlink:from="CashFlowsFromUsedInInvestingActivitiesAbstract" xlink:to="PaymentForExtraordinaryItemsClassifiedAsInvestingActivities" priority="0" order="24.0" preferredLabel="http://www.xbrl.org/2009/role/negatedTerseLabel"/>
    <loc xlink:type="locator" xlink:href="../in-gaap-2012-03-31.xsd#in-gaap_CashFlowsFromUsedInInvestingActivities" xlink:label="CashFlowsFromUsedInInvestingActivities"/>
    <presentationArc xlink:type="arc" xlink:arcrole="http://www.xbrl.org/2003/arcrole/parent-child" xlink:from="CashFlowsFromUsedInInvestingActivitiesAbstract" xlink:to="CashFlowsFromUsedInInvestingActivities" priority="0" order="25.0" preferredLabel="http://www.xbrl.org/2009/role/netLabel"/>
    <loc xlink:type="locator" xlink:href="../in-gaap-2012-03-31.xsd#in-gaap_CashFlowsFromUsedInFinancingActivitiesAbstract" xlink:label="CashFlowsFromUsedInFinancingActivitiesAbstract"/>
    <presentationArc xlink:type="arc" xlink:arcrole="http://www.xbrl.org/2003/arcrole/parent-child" xlink:from="StatementOfCashFlowsAbstract" xlink:to="CashFlowsFromUsedInFinancingActivitiesAbstract" priority="0" order="3.0"/>
    <loc xlink:type="locator" xlink:href="../in-gaap-2012-03-31.xsd#in-gaap_ProceedsFromIssuingShares" xlink:label="ProceedsFromIssuingShares"/>
    <presentationArc xlink:type="arc" xlink:arcrole="http://www.xbrl.org/2003/arcrole/parent-child" xlink:from="CashFlowsFromUsedInFinancingActivitiesAbstract" xlink:to="ProceedsFromIssuingShares" priority="0" order="1.0"/>
    <loc xlink:type="locator" xlink:href="../in-gaap-2012-03-31.xsd#in-gaap_ProceedsFromIssuingOtherEquityInstruments" xlink:label="ProceedsFromIssuingOtherEquityInstruments"/>
    <presentationArc xlink:type="arc" xlink:arcrole="http://www.xbrl.org/2003/arcrole/parent-child" xlink:from="CashFlowsFromUsedInFinancingActivitiesAbstract" xlink:to="ProceedsFromIssuingOtherEquityInstruments" priority="0" order="2.0"/>
    <loc xlink:type="locator" xlink:href="../in-gaap-2012-03-31.xsd#in-gaap_ProceedsFromIssuingDebenturesNotesBondsEtc" xlink:label="ProceedsFromIssuingDebenturesNotesBondsEtc"/>
    <presentationArc xlink:type="arc" xlink:arcrole="http://www.xbrl.org/2003/arcrole/parent-child" xlink:from="CashFlowsFromUsedInFinancingActivitiesAbstract" xlink:to="ProceedsFromIssuingDebenturesNotesBondsEtc" priority="0" order="3.0"/>
    <loc xlink:type="locator" xlink:href="../in-gaap-2012-03-31.xsd#in-gaap_ProceedsFromBorrowingsClassifiedAsFinancingActivities" xlink:label="ProceedsFromBorrowingsClassifiedAsFinancingActivities"/>
    <presentationArc xlink:type="arc" xlink:arcrole="http://www.xbrl.org/2003/arcrole/parent-child" xlink:from="CashFlowsFromUsedInFinancingActivitiesAbstract" xlink:to="ProceedsFromBorrowingsClassifiedAsFinancingActivities" priority="0" order="4.0" preferredLabel="http://www.xbrl.org/2003/role/terseLabel"/>
    <loc xlink:type="locator" xlink:href="../in-gaap-2012-03-31.xsd#in-gaap_RepaymentsOfBorrowingsClassifiedAsFinancingActivities" xlink:label="RepaymentsOfBorrowingsClassifiedAsFinancingActivities"/>
    <presentationArc xlink:type="arc" xlink:arcrole="http://www.xbrl.org/2003/arcrole/parent-child" xlink:from="CashFlowsFromUsedInFinancingActivitiesAbstract" xlink:to="RepaymentsOfBorrowingsClassifiedAsFinancingActivities" priority="0" order="5.0" preferredLabel="http://www.xbrl.org/2009/role/negatedTerseLabel"/>
    <loc xlink:type="locator" xlink:href="../in-gaap-2012-03-31.xsd#in-gaap_DividendsPaidClassifiedAsFinancingActivities" xlink:label="DividendsPaidClassifiedAsFinancingActivities"/>
    <presentationArc xlink:type="arc" xlink:arcrole="http://www.xbrl.org/2003/arcrole/parent-child" xlink:from="CashFlowsFromUsedInFinancingActivitiesAbstract" xlink:to="DividendsPaidClassifiedAsFinancingActivities" priority="0" order="6.0" preferredLabel="http://www.xbrl.org/2009/role/negatedTerseLabel"/>
    <loc xlink:type="locator" xlink:href="../in-gaap-2012-03-31.xsd#in-gaap_InterestPaidClassifiedAsFinancingActivities" xlink:label="InterestPaidClassifiedAsFinancingActivities"/>
    <presentationArc xlink:type="arc" xlink:arcrole="http://www.xbrl.org/2003/arcrole/parent-child" xlink:from="CashFlowsFromUsedInFinancingActivitiesAbstract" xlink:to="InterestPaidClassifiedAsFinancingActivities" priority="0" order="7.0" preferredLabel="http://www.xbrl.org/2009/role/negatedTerseLabel"/>
    <loc xlink:type="locator" xlink:href="../in-gaap-2012-03-31.xsd#in-gaap_IncomeTaxesPaidRefundClassifiedAsFinancingActivities" xlink:label="IncomeTaxesPaidRefundClassifiedAsFinancingActivities"/>
    <presentationArc xlink:type="arc" xlink:arcrole="http://www.xbrl.org/2003/arcrole/parent-child" xlink:from="CashFlowsFromUsedInFinancingActivitiesAbstract" xlink:to="IncomeTaxesPaidRefundClassifiedAsFinancingActivities" priority="0" order="8.0" preferredLabel="http://www.xbrl.org/2009/role/negatedTerseLabel"/>
    <loc xlink:type="locator" xlink:href="../in-gaap-2012-03-31.xsd#in-gaap_OtherInflowsOutflowsOfCashClassifiedAsFinancingActivities" xlink:label="OtherInflowsOutflowsOfCashClassifiedAsFinancingActivities"/>
    <presentationArc xlink:type="arc" xlink:arcrole="http://www.xbrl.org/2003/arcrole/parent-child" xlink:from="CashFlowsFromUsedInFinancingActivitiesAbstract" xlink:to="OtherInflowsOutflowsOfCashClassifiedAsFinancingActivities" priority="0" order="9.0" preferredLabel="http://www.xbrl.org/2003/role/terseLabel"/>
    <loc xlink:type="locator" xlink:href="../in-gaap-2012-03-31.xsd#in-gaap_CashFlowsFromUsedInFinancingActivitiesBeforeExtraordinaryItems" xlink:label="CashFlowsFromUsedInFinancingActivitiesBeforeExtraordinaryItems"/>
    <presentationArc xlink:type="arc" xlink:arcrole="http://www.xbrl.org/2003/arcrole/parent-child" xlink:from="CashFlowsFromUsedInFinancingActivitiesAbstract" xlink:to="CashFlowsFromUsedInFinancingActivitiesBeforeExtraordinaryItems" priority="0" order="10.0" preferredLabel="http://www.xbrl.org/2009/role/netLabel"/>
    <loc xlink:type="locator" xlink:href="../in-gaap-2012-03-31.xsd#in-gaap_ProceedsFromExtraordinaryItemsClassifiedAsFinancingActivities" xlink:label="ProceedsFromExtraordinaryItemsClassifiedAsFinancingActivities"/>
    <presentationArc xlink:type="arc" xlink:arcrole="http://www.xbrl.org/2003/arcrole/parent-child" xlink:from="CashFlowsFromUsedInFinancingActivitiesAbstract" xlink:to="ProceedsFromExtraordinaryItemsClassifiedAsFinancingActivities" priority="0" order="11.0" preferredLabel="http://www.xbrl.org/2003/role/terseLabel"/>
    <loc xlink:type="locator" xlink:href="../in-gaap-2012-03-31.xsd#in-gaap_PaymentForExtraordinaryItemsClassifiedAsFinancingActivities" xlink:label="PaymentForExtraordinaryItemsClassifiedAsFinancingActivities"/>
    <presentationArc xlink:type="arc" xlink:arcrole="http://www.xbrl.org/2003/arcrole/parent-child" xlink:from="CashFlowsFromUsedInFinancingActivitiesAbstract" xlink:to="PaymentForExtraordinaryItemsClassifiedAsFinancingActivities" priority="0" order="12.0" preferredLabel="http://www.xbrl.org/2009/role/negatedTerseLabel"/>
    <loc xlink:type="locator" xlink:href="../in-gaap-2012-03-31.xsd#in-gaap_CashFlowsFromUsedInFinancingActivities" xlink:label="CashFlowsFromUsedInFinancingActivities"/>
    <presentationArc xlink:type="arc" xlink:arcrole="http://www.xbrl.org/2003/arcrole/parent-child" xlink:from="CashFlowsFromUsedInFinancingActivitiesAbstract" xlink:to="CashFlowsFromUsedInFinancingActivities" priority="0" order="13.0" preferredLabel="http://www.xbrl.org/2009/role/netLabel"/>
    <loc xlink:type="locator" xlink:href="../in-gaap-2012-03-31.xsd#in-gaap_IncreaseDecreaseInCashAndCashEquivalentsBeforeEffectOfExchangeRateChanges" xlink:label="IncreaseDecreaseInCashAndCashEquivalentsBeforeEffectOfExchangeRateChanges"/>
    <presentationArc xlink:type="arc" xlink:arcrole="http://www.xbrl.org/2003/arcrole/parent-child" xlink:from="StatementOfCashFlowsAbstract" xlink:to="IncreaseDecreaseInCashAndCashEquivalentsBeforeEffectOfExchangeRateChanges" priority="0" order="4.0" preferredLabel="http://www.xbrl.org/2009/role/netLabel"/>
    <loc xlink:type="locator" xlink:href="../in-gaap-2012-03-31.xsd#in-gaap_EffectOfExchangeRateChangesOnCashAndCashEquivalentsAbstract" xlink:label="EffectOfExchangeRateChangesOnCashAndCashEquivalentsAbstract"/>
    <presentationArc xlink:type="arc" xlink:arcrole="http://www.xbrl.org/2003/arcrole/parent-child" xlink:from="StatementOfCashFlowsAbstract" xlink:to="EffectOfExchangeRateChangesOnCashAndCashEquivalentsAbstract" priority="0" order="5.0"/>
    <loc xlink:type="locator" xlink:href="../in-gaap-2012-03-31.xsd#in-gaap_EffectOfExchangeRateChangesOnCashAndCashEquivalents" xlink:label="EffectOfExchangeRateChangesOnCashAndCashEquivalents"/>
    <presentationArc xlink:type="arc" xlink:arcrole="http://www.xbrl.org/2003/arcrole/parent-child" xlink:from="EffectOfExchangeRateChangesOnCashAndCashEquivalentsAbstract" xlink:to="EffectOfExchangeRateChangesOnCashAndCashEquivalents" priority="0" order="1.0"/>
    <loc xlink:type="locator" xlink:href="../in-gaap-2012-03-31.xsd#in-gaap_IncreaseDecreaseInCashAndCashEquivalents" xlink:label="IncreaseDecreaseInCashAndCashEquivalents"/>
    <presentationArc xlink:type="arc" xlink:arcrole="http://www.xbrl.org/2003/arcrole/parent-child" xlink:from="StatementOfCashFlowsAbstract" xlink:to="IncreaseDecreaseInCashAndCashEquivalents" priority="0" order="6.0" preferredLabel="http://www.xbrl.org/2009/role/netLabel"/>
    <loc xlink:type="locator" xlink:href="../in-gaap-2012-03-31.xsd#in-gaap_CashAndCashEquivalents" xlink:label="CashAndCashEquivalents"/>
    <presentationArc xlink:type="arc" xlink:arcrole="http://www.xbrl.org/2003/arcrole/parent-child" xlink:from="StatementOfCashFlowsAbstract" xlink:to="CashAndCashEquivalents" priority="0" order="7.0" preferredLabel="http://www.xbrl.org/2003/role/periodStartLabel"/>
    <loc xlink:type="locator" xlink:href="../in-gaap-2012-03-31.xsd#in-gaap_CashAndCashEquivalents" xlink:label="CashAndCashEquivalents_2"/>
    <presentationArc xlink:type="arc" xlink:arcrole="http://www.xbrl.org/2003/arcrole/parent-child" xlink:from="StatementOfCashFlowsAbstract" xlink:to="CashAndCashEquivalents_2" priority="0" order="8.0" preferredLabel="http://www.xbrl.org/2003/role/periodEndLabel"/>
  </presentationLink>
</linkbase>
