<?xml version="1.0" encoding="US-ASCII"?>
<!-- Generated by Fujitsu Interstage XWand B0166 -->
<linkbase xmlns="http://www.xbrl.org/2003/linkbase" xmlns:xsi="http://www.w3.org/2001/XMLSchema-instance" xmlns:xlink="http://www.w3.org/1999/xlink" xmlns:xbrli="http://www.xbrl.org/2003/instance">
  <roleRef roleURI="http://www.icai.org/xbrl/taxonomy/role/in-gaap/NotesConsolidatedFinancialStatements" xlink:type="simple" xlink:href="../in-gaap-roles-2012-03-31.xsd#in-gaap-rol-202600"/>
  <presentationLink xlink:type="extended" xlink:role="http://www.icai.org/xbrl/taxonomy/role/in-gaap/NotesConsolidatedFinancialStatements">
    <loc xlink:type="locator" xlink:href="../in-gaap-2012-03-31.xsd#in-gaap_DisclosureOfNotesOnConsolidatedFinancialStatementsExplanatoryTextBlock" xlink:label="DisclosureOfNotesOnConsolidatedFinancialStatementsExplanatoryTextBlock"/>
    <loc xlink:type="locator" xlink:href="../in-gaap-2012-03-31.xsd#in-gaap_DescriptionOfReasonForNotConsolidatingSubsidiary" xlink:label="DescriptionOfReasonForNotConsolidatingSubsidiary"/>
    <presentationArc xlink:type="arc" xlink:arcrole="http://www.xbrl.org/2003/arcrole/parent-child" xlink:from="DisclosureOfNotesOnConsolidatedFinancialStatementsExplanatoryTextBlock" xlink:to="DescriptionOfReasonForNotConsolidatingSubsidiary" priority="0" order="1.0"/>
    <loc xlink:type="locator" xlink:href="../in-gaap-2012-03-31.xsd#in-gaap_DescriptionOfFactThatUniformAccountingPoliciesAreNotAdoptedForConsolidatedFinancialStatements" xlink:label="DescriptionOfFactThatUniformAccountingPoliciesAreNotAdoptedForConsolidatedFinancialStatements"/>
    <presentationArc xlink:type="arc" xlink:arcrole="http://www.xbrl.org/2003/arcrole/parent-child" xlink:from="DisclosureOfNotesOnConsolidatedFinancialStatementsExplanatoryTextBlock" xlink:to="DescriptionOfFactThatUniformAccountingPoliciesAreNotAdoptedForConsolidatedFinancialStatements" priority="0" order="2.0"/>
    <loc xlink:type="locator" xlink:href="../in-gaap-2012-03-31.xsd#in-gaap_ProportionOfItemsInConsolidatedFinancialStatementsToWhichDifferentAccountingPoliciesHaveBeenApplied" xlink:label="ProportionOfItemsInConsolidatedFinancialStatementsToWhichDifferentAccountingPoliciesHaveBeenApplied"/>
    <presentationArc xlink:type="arc" xlink:arcrole="http://www.xbrl.org/2003/arcrole/parent-child" xlink:from="DisclosureOfNotesOnConsolidatedFinancialStatementsExplanatoryTextBlock" xlink:to="ProportionOfItemsInConsolidatedFinancialStatementsToWhichDifferentAccountingPoliciesHaveBeenApplied" priority="0" order="3.0"/>
    <loc xlink:type="locator" xlink:href="../in-gaap-2012-03-31.xsd#in-gaap_DisclosureOfDetailsOfSubsidiariesExplanatoryTextBlock" xlink:label="DisclosureOfDetailsOfSubsidiariesExplanatoryTextBlock"/>
    <presentationArc xlink:type="arc" xlink:arcrole="http://www.xbrl.org/2003/arcrole/parent-child" xlink:from="DisclosureOfNotesOnConsolidatedFinancialStatementsExplanatoryTextBlock" xlink:to="DisclosureOfDetailsOfSubsidiariesExplanatoryTextBlock" priority="0" order="4.0"/>
    <loc xlink:type="locator" xlink:href="../in-gaap-2012-03-31.xsd#in-gaap_DisclosureOfDetailsOfSubsidiariesAbstract" xlink:label="DisclosureOfDetailsOfSubsidiariesAbstract"/>
    <presentationArc xlink:type="arc" xlink:arcrole="http://www.xbrl.org/2003/arcrole/parent-child" xlink:from="DisclosureOfDetailsOfSubsidiariesExplanatoryTextBlock" xlink:to="DisclosureOfDetailsOfSubsidiariesAbstract" priority="0" order="1.0"/>
    <loc xlink:type="locator" xlink:href="../in-gaap-2012-03-31.xsd#in-gaap_DisclosureOfDetailsOfSubsidiariesTable" xlink:label="DisclosureOfDetailsOfSubsidiariesTable"/>
    <presentationArc xlink:type="arc" xlink:arcrole="http://www.xbrl.org/2003/arcrole/parent-child" xlink:from="DisclosureOfDetailsOfSubsidiariesAbstract" xlink:to="DisclosureOfDetailsOfSubsidiariesTable" priority="0" order="1.0"/>
    <loc xlink:type="locator" xlink:href="../in-gaap-2012-03-31.xsd#in-gaap_SubsidiariesAxis" xlink:label="SubsidiariesAxis"/>
    <presentationArc xlink:type="arc" xlink:arcrole="http://www.xbrl.org/2003/arcrole/parent-child" xlink:from="DisclosureOfDetailsOfSubsidiariesTable" xlink:to="SubsidiariesAxis" priority="0" order="1.0"/>
    <loc xlink:type="locator" xlink:href="../in-gaap-2012-03-31.xsd#in-gaap_DisclosureOfDetailsOfSubsidiariesLineItems" xlink:label="DisclosureOfDetailsOfSubsidiariesLineItems"/>
    <presentationArc xlink:type="arc" xlink:arcrole="http://www.xbrl.org/2003/arcrole/parent-child" xlink:from="DisclosureOfDetailsOfSubsidiariesAbstract" xlink:to="DisclosureOfDetailsOfSubsidiariesLineItems" priority="0" order="2.0"/>
    <loc xlink:type="locator" xlink:href="../in-gaap-2012-03-31.xsd#in-gaap_NameOfSubsidiary" xlink:label="NameOfSubsidiary"/>
    <presentationArc xlink:type="arc" xlink:arcrole="http://www.xbrl.org/2003/arcrole/parent-child" xlink:from="DisclosureOfDetailsOfSubsidiariesLineItems" xlink:to="NameOfSubsidiary" priority="0" order="1.0"/>
    <loc xlink:type="locator" xlink:href="../in-gaap-2012-03-31.xsd#in-gaap_CountryOfIncorporationOrResidenceOfSubsidiary" xlink:label="CountryOfIncorporationOrResidenceOfSubsidiary"/>
    <presentationArc xlink:type="arc" xlink:arcrole="http://www.xbrl.org/2003/arcrole/parent-child" xlink:from="DisclosureOfDetailsOfSubsidiariesLineItems" xlink:to="CountryOfIncorporationOrResidenceOfSubsidiary" priority="0" order="2.0"/>
    <loc xlink:type="locator" xlink:href="../in-gaap-2012-03-31.xsd#in-gaap_ProportionOfOwnershipInterestInSubsidiary" xlink:label="ProportionOfOwnershipInterestInSubsidiary"/>
    <presentationArc xlink:type="arc" xlink:arcrole="http://www.xbrl.org/2003/arcrole/parent-child" xlink:from="DisclosureOfDetailsOfSubsidiariesLineItems" xlink:to="ProportionOfOwnershipInterestInSubsidiary" priority="0" order="3.0"/>
    <loc xlink:type="locator" xlink:href="../in-gaap-2012-03-31.xsd#in-gaap_ProportionOfVotingPowerHeldInSubsidiary" xlink:label="ProportionOfVotingPowerHeldInSubsidiary"/>
    <presentationArc xlink:type="arc" xlink:arcrole="http://www.xbrl.org/2003/arcrole/parent-child" xlink:from="DisclosureOfDetailsOfSubsidiariesLineItems" xlink:to="ProportionOfVotingPowerHeldInSubsidiary" priority="0" order="4.0"/>
    <loc xlink:type="locator" xlink:href="../in-gaap-2012-03-31.xsd#in-gaap_DescriptionOfNatureOfRelationshipWithSubsidiaryWhereParentHasDirectlyOrIndirectlyLessThanHalfOfVotingPower" xlink:label="DescriptionOfNatureOfRelationshipWithSubsidiaryWhereParentHasDirectlyOrIndirectlyLessThanHalfOfVotingPower"/>
    <presentationArc xlink:type="arc" xlink:arcrole="http://www.xbrl.org/2003/arcrole/parent-child" xlink:from="DisclosureOfDetailsOfSubsidiariesLineItems" xlink:to="DescriptionOfNatureOfRelationshipWithSubsidiaryWhereParentHasDirectlyOrIndirectlyLessThanHalfOfVotingPower" priority="0" order="5.0"/>
    <loc xlink:type="locator" xlink:href="../in-gaap-2012-03-31.xsd#in-gaap_EffectOfAcquisitionOrDisposalOfSubsidiaryAbstract" xlink:label="EffectOfAcquisitionOrDisposalOfSubsidiaryAbstract"/>
    <presentationArc xlink:type="arc" xlink:arcrole="http://www.xbrl.org/2003/arcrole/parent-child" xlink:from="DisclosureOfDetailsOfSubsidiariesLineItems" xlink:to="EffectOfAcquisitionOrDisposalOfSubsidiaryAbstract" priority="0" order="6.0"/>
    <loc xlink:type="locator" xlink:href="../in-gaap-2012-03-31.xsd#in-gaap_EffectOnFinancialPositionOnAcquisitionOrDisposal" xlink:label="EffectOnFinancialPositionOnAcquisitionOrDisposal"/>
    <presentationArc xlink:type="arc" xlink:arcrole="http://www.xbrl.org/2003/arcrole/parent-child" xlink:from="EffectOfAcquisitionOrDisposalOfSubsidiaryAbstract" xlink:to="EffectOnFinancialPositionOnAcquisitionOrDisposal" priority="0" order="1.0"/>
    <loc xlink:type="locator" xlink:href="../in-gaap-2012-03-31.xsd#in-gaap_EffectOnResultsForReportingPeriodOnAcquisitionOrDisposal" xlink:label="EffectOnResultsForReportingPeriodOnAcquisitionOrDisposal"/>
    <presentationArc xlink:type="arc" xlink:arcrole="http://www.xbrl.org/2003/arcrole/parent-child" xlink:from="EffectOfAcquisitionOrDisposalOfSubsidiaryAbstract" xlink:to="EffectOnResultsForReportingPeriodOnAcquisitionOrDisposal" priority="0" order="2.0"/>
    <loc xlink:type="locator" xlink:href="../in-gaap-2012-03-31.xsd#in-gaap_EffectOnResultsForCorrespondingPreviousPeriodOnAcquisitionOrDisposal" xlink:label="EffectOnResultsForCorrespondingPreviousPeriodOnAcquisitionOrDisposal"/>
    <presentationArc xlink:type="arc" xlink:arcrole="http://www.xbrl.org/2003/arcrole/parent-child" xlink:from="EffectOfAcquisitionOrDisposalOfSubsidiaryAbstract" xlink:to="EffectOnResultsForCorrespondingPreviousPeriodOnAcquisitionOrDisposal" priority="0" order="3.0"/>
    <loc xlink:type="locator" xlink:href="../in-gaap-2012-03-31.xsd#in-gaap_EndOfReportingPeriodOfFinancialStatementsOfSubsidiaryWhenDifferentFromParent" xlink:label="EndOfReportingPeriodOfFinancialStatementsOfSubsidiaryWhenDifferentFromParent"/>
    <presentationArc xlink:type="arc" xlink:arcrole="http://www.xbrl.org/2003/arcrole/parent-child" xlink:from="DisclosureOfDetailsOfSubsidiariesLineItems" xlink:to="EndOfReportingPeriodOfFinancialStatementsOfSubsidiaryWhenDifferentFromParent" priority="0" order="7.0"/>
  </presentationLink>
</linkbase>
