<?xml version="1.0" encoding="US-ASCII"?>
<!-- Generated by Fujitsu Interstage XWand B0166 -->
<linkbase xmlns="http://www.xbrl.org/2003/linkbase" xmlns:xsi="http://www.w3.org/2001/XMLSchema-instance" xmlns:xlink="http://www.w3.org/1999/xlink" xmlns:xbrli="http://www.xbrl.org/2003/instance">
  <roleRef roleURI="http://www.icai.org/xbrl/taxonomy/role/in-gaap/NotesDisclosuresPertainingToRealEstateEnterprises" xlink:type="simple" xlink:href="../in-gaap-roles-2012-03-31.xsd#in-gaap-rol-300800"/>
  <presentationLink xlink:type="extended" xlink:role="http://www.icai.org/xbrl/taxonomy/role/in-gaap/NotesDisclosuresPertainingToRealEstateEnterprises">
    <loc xlink:type="locator" xlink:href="../in-gaap-2012-03-31.xsd#in-gaap_DisclosureOfNotesPertainingToRealEstateEnterprisesExplanatoryTextBlock" xlink:label="DisclosureOfNotesPertainingToRealEstateEnterprisesExplanatoryTextBlock"/>
    <loc xlink:type="locator" xlink:href="../in-gaap-2012-03-31.xsd#in-gaap_DisclosureOfRealEstateProjectRevenuesAbstract" xlink:label="DisclosureOfRealEstateProjectRevenuesAbstract"/>
    <presentationArc xlink:type="arc" xlink:arcrole="http://www.xbrl.org/2003/arcrole/parent-child" xlink:from="DisclosureOfNotesPertainingToRealEstateEnterprisesExplanatoryTextBlock" xlink:to="DisclosureOfRealEstateProjectRevenuesAbstract" priority="0" order="1.0"/>
    <loc xlink:type="locator" xlink:href="../in-gaap-2012-03-31.xsd#in-gaap_SaleOfPlotsOfLand" xlink:label="SaleOfPlotsOfLand"/>
    <presentationArc xlink:type="arc" xlink:arcrole="http://www.xbrl.org/2003/arcrole/parent-child" xlink:from="DisclosureOfRealEstateProjectRevenuesAbstract" xlink:to="SaleOfPlotsOfLand" priority="0" order="1.0"/>
    <loc xlink:type="locator" xlink:href="../in-gaap-2012-03-31.xsd#in-gaap_SaleOfDevelopedPlotsOfLand" xlink:label="SaleOfDevelopedPlotsOfLand"/>
    <presentationArc xlink:type="arc" xlink:arcrole="http://www.xbrl.org/2003/arcrole/parent-child" xlink:from="DisclosureOfRealEstateProjectRevenuesAbstract" xlink:to="SaleOfDevelopedPlotsOfLand" priority="0" order="2.0"/>
    <loc xlink:type="locator" xlink:href="../in-gaap-2012-03-31.xsd#in-gaap_SaleOfDevelopedPlotsOfLandLongTermSaleTypeLeases" xlink:label="SaleOfDevelopedPlotsOfLandLongTermSaleTypeLeases"/>
    <presentationArc xlink:type="arc" xlink:arcrole="http://www.xbrl.org/2003/arcrole/parent-child" xlink:from="DisclosureOfRealEstateProjectRevenuesAbstract" xlink:to="SaleOfDevelopedPlotsOfLandLongTermSaleTypeLeases" priority="0" order="3.0"/>
    <loc xlink:type="locator" xlink:href="../in-gaap-2012-03-31.xsd#in-gaap_SaleOfSemiFinishedStructures" xlink:label="SaleOfSemiFinishedStructures"/>
    <presentationArc xlink:type="arc" xlink:arcrole="http://www.xbrl.org/2003/arcrole/parent-child" xlink:from="DisclosureOfRealEstateProjectRevenuesAbstract" xlink:to="SaleOfSemiFinishedStructures" priority="0" order="4.0"/>
    <loc xlink:type="locator" xlink:href="../in-gaap-2012-03-31.xsd#in-gaap_SaleOfFinishedStructures" xlink:label="SaleOfFinishedStructures"/>
    <presentationArc xlink:type="arc" xlink:arcrole="http://www.xbrl.org/2003/arcrole/parent-child" xlink:from="DisclosureOfRealEstateProjectRevenuesAbstract" xlink:to="SaleOfFinishedStructures" priority="0" order="5.0"/>
    <loc xlink:type="locator" xlink:href="../in-gaap-2012-03-31.xsd#in-gaap_ConsiderationForConstruction" xlink:label="ConsiderationForConstruction"/>
    <presentationArc xlink:type="arc" xlink:arcrole="http://www.xbrl.org/2003/arcrole/parent-child" xlink:from="DisclosureOfRealEstateProjectRevenuesAbstract" xlink:to="ConsiderationForConstruction" priority="0" order="6.0"/>
    <loc xlink:type="locator" xlink:href="../in-gaap-2012-03-31.xsd#in-gaap_ConsiderationForContractAbstract" xlink:label="ConsiderationForContractAbstract"/>
    <presentationArc xlink:type="arc" xlink:arcrole="http://www.xbrl.org/2003/arcrole/parent-child" xlink:from="DisclosureOfRealEstateProjectRevenuesAbstract" xlink:to="ConsiderationForContractAbstract" priority="0" order="7.0"/>
    <loc xlink:type="locator" xlink:href="../in-gaap-2012-03-31.xsd#in-gaap_PropertyManagementServiceFees" xlink:label="PropertyManagementServiceFees"/>
    <presentationArc xlink:type="arc" xlink:arcrole="http://www.xbrl.org/2003/arcrole/parent-child" xlink:from="ConsiderationForContractAbstract" xlink:to="PropertyManagementServiceFees" priority="0" order="1.0"/>
    <loc xlink:type="locator" xlink:href="../in-gaap-2012-03-31.xsd#in-gaap_SaleOfDecorativeFittingsExcludingFittingsWhichAreIntegralPartOfUnitsToBeDelivered" xlink:label="SaleOfDecorativeFittingsExcludingFittingsWhichAreIntegralPartOfUnitsToBeDelivered"/>
    <presentationArc xlink:type="arc" xlink:arcrole="http://www.xbrl.org/2003/arcrole/parent-child" xlink:from="ConsiderationForContractAbstract" xlink:to="SaleOfDecorativeFittingsExcludingFittingsWhichAreIntegralPartOfUnitsToBeDelivered" priority="0" order="2.0"/>
    <loc xlink:type="locator" xlink:href="../in-gaap-2012-03-31.xsd#in-gaap_RentalInLieuOfUnoccupiedPremises" xlink:label="RentalInLieuOfUnoccupiedPremises"/>
    <presentationArc xlink:type="arc" xlink:arcrole="http://www.xbrl.org/2003/arcrole/parent-child" xlink:from="ConsiderationForContractAbstract" xlink:to="RentalInLieuOfUnoccupiedPremises" priority="0" order="3.0"/>
    <loc xlink:type="locator" xlink:href="../in-gaap-2012-03-31.xsd#in-gaap_ConsiderationForContractOthers" xlink:label="ConsiderationForContractOthers"/>
    <presentationArc xlink:type="arc" xlink:arcrole="http://www.xbrl.org/2003/arcrole/parent-child" xlink:from="ConsiderationForContractAbstract" xlink:to="ConsiderationForContractOthers" priority="0" order="4.0"/>
    <loc xlink:type="locator" xlink:href="../in-gaap-2012-03-31.xsd#in-gaap_ConsiderationForContract" xlink:label="ConsiderationForContract"/>
    <presentationArc xlink:type="arc" xlink:arcrole="http://www.xbrl.org/2003/arcrole/parent-child" xlink:from="ConsiderationForContractAbstract" xlink:to="ConsiderationForContract" priority="0" order="5.0" preferredLabel="http://www.xbrl.org/2003/role/totalLabel"/>
    <loc xlink:type="locator" xlink:href="../in-gaap-2012-03-31.xsd#in-gaap_ConsiderationForAmenities" xlink:label="ConsiderationForAmenities"/>
    <presentationArc xlink:type="arc" xlink:arcrole="http://www.xbrl.org/2003/arcrole/parent-child" xlink:from="DisclosureOfRealEstateProjectRevenuesAbstract" xlink:to="ConsiderationForAmenities" priority="0" order="8.0"/>
    <loc xlink:type="locator" xlink:href="../in-gaap-2012-03-31.xsd#in-gaap_ConsiderationForInteriors" xlink:label="ConsiderationForInteriors"/>
    <presentationArc xlink:type="arc" xlink:arcrole="http://www.xbrl.org/2003/arcrole/parent-child" xlink:from="DisclosureOfRealEstateProjectRevenuesAbstract" xlink:to="ConsiderationForInteriors" priority="0" order="9.0"/>
    <loc xlink:type="locator" xlink:href="../in-gaap-2012-03-31.xsd#in-gaap_ConsiderationForParkingSpaces" xlink:label="ConsiderationForParkingSpaces"/>
    <presentationArc xlink:type="arc" xlink:arcrole="http://www.xbrl.org/2003/arcrole/parent-child" xlink:from="DisclosureOfRealEstateProjectRevenuesAbstract" xlink:to="ConsiderationForParkingSpaces" priority="0" order="10.0"/>
    <loc xlink:type="locator" xlink:href="../in-gaap-2012-03-31.xsd#in-gaap_SaleOfDevelopmentRights" xlink:label="SaleOfDevelopmentRights"/>
    <presentationArc xlink:type="arc" xlink:arcrole="http://www.xbrl.org/2003/arcrole/parent-child" xlink:from="DisclosureOfRealEstateProjectRevenuesAbstract" xlink:to="SaleOfDevelopmentRights" priority="0" order="11.0"/>
    <loc xlink:type="locator" xlink:href="../in-gaap-2012-03-31.xsd#in-gaap_OtherRealEstateProjectRevenues" xlink:label="OtherRealEstateProjectRevenues"/>
    <presentationArc xlink:type="arc" xlink:arcrole="http://www.xbrl.org/2003/arcrole/parent-child" xlink:from="DisclosureOfRealEstateProjectRevenuesAbstract" xlink:to="OtherRealEstateProjectRevenues" priority="0" order="12.0"/>
    <loc xlink:type="locator" xlink:href="../in-gaap-2012-03-31.xsd#in-gaap_RealEstateProjectRevenues" xlink:label="RealEstateProjectRevenues"/>
    <presentationArc xlink:type="arc" xlink:arcrole="http://www.xbrl.org/2003/arcrole/parent-child" xlink:from="DisclosureOfRealEstateProjectRevenuesAbstract" xlink:to="RealEstateProjectRevenues" priority="0" order="13.0" preferredLabel="http://www.xbrl.org/2003/role/totalLabel"/>
    <loc xlink:type="locator" xlink:href="../in-gaap-2012-03-31.xsd#in-gaap_DisclosureOfMethodsUsedToDetermineProjectRevenueRecognised" xlink:label="DisclosureOfMethodsUsedToDetermineProjectRevenueRecognised"/>
    <presentationArc xlink:type="arc" xlink:arcrole="http://www.xbrl.org/2003/arcrole/parent-child" xlink:from="DisclosureOfNotesPertainingToRealEstateEnterprisesExplanatoryTextBlock" xlink:to="DisclosureOfMethodsUsedToDetermineProjectRevenueRecognised" priority="0" order="2.0"/>
    <loc xlink:type="locator" xlink:href="../in-gaap-2012-03-31.xsd#in-gaap_DisclosureOfMethodsUsedToDetermineStageOfCompletionOfProject" xlink:label="DisclosureOfMethodsUsedToDetermineStageOfCompletionOfProject"/>
    <presentationArc xlink:type="arc" xlink:arcrole="http://www.xbrl.org/2003/arcrole/parent-child" xlink:from="DisclosureOfNotesPertainingToRealEstateEnterprisesExplanatoryTextBlock" xlink:to="DisclosureOfMethodsUsedToDetermineStageOfCompletionOfProject" priority="0" order="3.0"/>
    <loc xlink:type="locator" xlink:href="../in-gaap-2012-03-31.xsd#in-gaap_CostsIncurredAndRecognisedProfitsLessRecognisedLossesForProjectsInProgress" xlink:label="CostsIncurredAndRecognisedProfitsLessRecognisedLossesForProjectsInProgress"/>
    <presentationArc xlink:type="arc" xlink:arcrole="http://www.xbrl.org/2003/arcrole/parent-child" xlink:from="DisclosureOfNotesPertainingToRealEstateEnterprisesExplanatoryTextBlock" xlink:to="CostsIncurredAndRecognisedProfitsLessRecognisedLossesForProjectsInProgress" priority="0" order="4.0"/>
    <loc xlink:type="locator" xlink:href="../in-gaap-2012-03-31.xsd#in-gaap_AdvanceReceivedAgainstProjects" xlink:label="AdvanceReceivedAgainstProjects"/>
    <presentationArc xlink:type="arc" xlink:arcrole="http://www.xbrl.org/2003/arcrole/parent-child" xlink:from="DisclosureOfNotesPertainingToRealEstateEnterprisesExplanatoryTextBlock" xlink:to="AdvanceReceivedAgainstProjects" priority="0" order="5.0"/>
    <loc xlink:type="locator" xlink:href="../in-gaap-2012-03-31.xsd#in-gaap_AmountOfWorkInProgressForProjectsInProgress" xlink:label="AmountOfWorkInProgressForProjectsInProgress"/>
    <presentationArc xlink:type="arc" xlink:arcrole="http://www.xbrl.org/2003/arcrole/parent-child" xlink:from="DisclosureOfNotesPertainingToRealEstateEnterprisesExplanatoryTextBlock" xlink:to="AmountOfWorkInProgressForProjectsInProgress" priority="0" order="6.0"/>
    <loc xlink:type="locator" xlink:href="../in-gaap-2012-03-31.xsd#in-gaap_ValueOfInventoryForProjects" xlink:label="ValueOfInventoryForProjects"/>
    <presentationArc xlink:type="arc" xlink:arcrole="http://www.xbrl.org/2003/arcrole/parent-child" xlink:from="DisclosureOfNotesPertainingToRealEstateEnterprisesExplanatoryTextBlock" xlink:to="ValueOfInventoryForProjects" priority="0" order="7.0"/>
    <loc xlink:type="locator" xlink:href="../in-gaap-2012-03-31.xsd#in-gaap_ExcessOfRevenueRecognisedOverActualBillsRaisedForProjectsInProgress" xlink:label="ExcessOfRevenueRecognisedOverActualBillsRaisedForProjectsInProgress"/>
    <presentationArc xlink:type="arc" xlink:arcrole="http://www.xbrl.org/2003/arcrole/parent-child" xlink:from="DisclosureOfNotesPertainingToRealEstateEnterprisesExplanatoryTextBlock" xlink:to="ExcessOfRevenueRecognisedOverActualBillsRaisedForProjectsInProgress" priority="0" order="8.0"/>
    <loc xlink:type="locator" xlink:href="../in-gaap-2012-03-31.xsd#in-gaap_DisclosureOfDetailsOnProjectCostAbstract" xlink:label="DisclosureOfDetailsOnProjectCostAbstract"/>
    <presentationArc xlink:type="arc" xlink:arcrole="http://www.xbrl.org/2003/arcrole/parent-child" xlink:from="DisclosureOfNotesPertainingToRealEstateEnterprisesExplanatoryTextBlock" xlink:to="DisclosureOfDetailsOnProjectCostAbstract" priority="0" order="9.0"/>
    <loc xlink:type="locator" xlink:href="../in-gaap-2012-03-31.xsd#in-gaap_CostOfLandAndDevelopmentRightsAbstract" xlink:label="CostOfLandAndDevelopmentRightsAbstract"/>
    <presentationArc xlink:type="arc" xlink:arcrole="http://www.xbrl.org/2003/arcrole/parent-child" xlink:from="DisclosureOfDetailsOnProjectCostAbstract" xlink:to="CostOfLandAndDevelopmentRightsAbstract" priority="0" order="1.0"/>
    <loc xlink:type="locator" xlink:href="../in-gaap-2012-03-31.xsd#in-gaap_CostOfAcquisitionOfLand" xlink:label="CostOfAcquisitionOfLand"/>
    <presentationArc xlink:type="arc" xlink:arcrole="http://www.xbrl.org/2003/arcrole/parent-child" xlink:from="CostOfLandAndDevelopmentRightsAbstract" xlink:to="CostOfAcquisitionOfLand" priority="0" order="1.0"/>
    <loc xlink:type="locator" xlink:href="../in-gaap-2012-03-31.xsd#in-gaap_DevelopmentRightsInLandOrPropertyIncludingCostOfLand" xlink:label="DevelopmentRightsInLandOrPropertyIncludingCostOfLand"/>
    <presentationArc xlink:type="arc" xlink:arcrole="http://www.xbrl.org/2003/arcrole/parent-child" xlink:from="CostOfLandAndDevelopmentRightsAbstract" xlink:to="DevelopmentRightsInLandOrPropertyIncludingCostOfLand" priority="0" order="2.0"/>
    <loc xlink:type="locator" xlink:href="../in-gaap-2012-03-31.xsd#in-gaap_CostOfDevelopmentRights" xlink:label="CostOfDevelopmentRights"/>
    <presentationArc xlink:type="arc" xlink:arcrole="http://www.xbrl.org/2003/arcrole/parent-child" xlink:from="CostOfLandAndDevelopmentRightsAbstract" xlink:to="CostOfDevelopmentRights" priority="0" order="3.0"/>
    <loc xlink:type="locator" xlink:href="../in-gaap-2012-03-31.xsd#in-gaap_RehabilitationCosts" xlink:label="RehabilitationCosts"/>
    <presentationArc xlink:type="arc" xlink:arcrole="http://www.xbrl.org/2003/arcrole/parent-child" xlink:from="CostOfLandAndDevelopmentRightsAbstract" xlink:to="RehabilitationCosts" priority="0" order="4.0"/>
    <loc xlink:type="locator" xlink:href="../in-gaap-2012-03-31.xsd#in-gaap_RegistrationCharges" xlink:label="RegistrationCharges"/>
    <presentationArc xlink:type="arc" xlink:arcrole="http://www.xbrl.org/2003/arcrole/parent-child" xlink:from="CostOfLandAndDevelopmentRightsAbstract" xlink:to="RegistrationCharges" priority="0" order="5.0"/>
    <loc xlink:type="locator" xlink:href="../in-gaap-2012-03-31.xsd#in-gaap_StampDuty" xlink:label="StampDuty"/>
    <presentationArc xlink:type="arc" xlink:arcrole="http://www.xbrl.org/2003/arcrole/parent-child" xlink:from="CostOfLandAndDevelopmentRightsAbstract" xlink:to="StampDuty" priority="0" order="6.0"/>
    <loc xlink:type="locator" xlink:href="../in-gaap-2012-03-31.xsd#in-gaap_BrokerageCost" xlink:label="BrokerageCost"/>
    <presentationArc xlink:type="arc" xlink:arcrole="http://www.xbrl.org/2003/arcrole/parent-child" xlink:from="CostOfLandAndDevelopmentRightsAbstract" xlink:to="BrokerageCost" priority="0" order="7.0"/>
    <loc xlink:type="locator" xlink:href="../in-gaap-2012-03-31.xsd#in-gaap_OtherIncidentalExpensesForLandPurchasedForDevelopment" xlink:label="OtherIncidentalExpensesForLandPurchasedForDevelopment"/>
    <presentationArc xlink:type="arc" xlink:arcrole="http://www.xbrl.org/2003/arcrole/parent-child" xlink:from="CostOfLandAndDevelopmentRightsAbstract" xlink:to="OtherIncidentalExpensesForLandPurchasedForDevelopment" priority="0" order="8.0"/>
    <loc xlink:type="locator" xlink:href="../in-gaap-2012-03-31.xsd#in-gaap_CostOfLandAndDevelopmentRights" xlink:label="CostOfLandAndDevelopmentRights"/>
    <presentationArc xlink:type="arc" xlink:arcrole="http://www.xbrl.org/2003/arcrole/parent-child" xlink:from="CostOfLandAndDevelopmentRightsAbstract" xlink:to="CostOfLandAndDevelopmentRights" priority="0" order="9.0" preferredLabel="http://www.xbrl.org/2003/role/totalLabel"/>
    <loc xlink:type="locator" xlink:href="../in-gaap-2012-03-31.xsd#in-gaap_DisclosureOfBorrowingCostsOnRealEstateProjectsAbstract" xlink:label="DisclosureOfBorrowingCostsOnRealEstateProjectsAbstract"/>
    <presentationArc xlink:type="arc" xlink:arcrole="http://www.xbrl.org/2003/arcrole/parent-child" xlink:from="DisclosureOfDetailsOnProjectCostAbstract" xlink:to="DisclosureOfBorrowingCostsOnRealEstateProjectsAbstract" priority="0" order="2.0"/>
    <loc xlink:type="locator" xlink:href="../in-gaap-2012-03-31.xsd#in-gaap_BorrowingCostsIncurredDirectlyInRelationToProject" xlink:label="BorrowingCostsIncurredDirectlyInRelationToProject"/>
    <presentationArc xlink:type="arc" xlink:arcrole="http://www.xbrl.org/2003/arcrole/parent-child" xlink:from="DisclosureOfBorrowingCostsOnRealEstateProjectsAbstract" xlink:to="BorrowingCostsIncurredDirectlyInRelationToProject" priority="0" order="1.0"/>
    <loc xlink:type="locator" xlink:href="../in-gaap-2012-03-31.xsd#in-gaap_BorrowingCostsApportionedToProject" xlink:label="BorrowingCostsApportionedToProject"/>
    <presentationArc xlink:type="arc" xlink:arcrole="http://www.xbrl.org/2003/arcrole/parent-child" xlink:from="DisclosureOfBorrowingCostsOnRealEstateProjectsAbstract" xlink:to="BorrowingCostsApportionedToProject" priority="0" order="2.0"/>
    <loc xlink:type="locator" xlink:href="../in-gaap-2012-03-31.xsd#in-gaap_BorrowingCostsOnRealEstateProjects" xlink:label="BorrowingCostsOnRealEstateProjects"/>
    <presentationArc xlink:type="arc" xlink:arcrole="http://www.xbrl.org/2003/arcrole/parent-child" xlink:from="DisclosureOfBorrowingCostsOnRealEstateProjectsAbstract" xlink:to="BorrowingCostsOnRealEstateProjects" priority="0" order="3.0" preferredLabel="http://www.xbrl.org/2003/role/totalLabel"/>
    <loc xlink:type="locator" xlink:href="../in-gaap-2012-03-31.xsd#in-gaap_DisclosureOfDetailsOnConstructionAndDevelopmentCostAbstract" xlink:label="DisclosureOfDetailsOnConstructionAndDevelopmentCostAbstract"/>
    <presentationArc xlink:type="arc" xlink:arcrole="http://www.xbrl.org/2003/arcrole/parent-child" xlink:from="DisclosureOfDetailsOnProjectCostAbstract" xlink:to="DisclosureOfDetailsOnConstructionAndDevelopmentCostAbstract" priority="0" order="3.0"/>
    <loc xlink:type="locator" xlink:href="../in-gaap-2012-03-31.xsd#in-gaap_ConstructionAndDevelopmentCostAbstract" xlink:label="ConstructionAndDevelopmentCostAbstract"/>
    <presentationArc xlink:type="arc" xlink:arcrole="http://www.xbrl.org/2003/arcrole/parent-child" xlink:from="DisclosureOfDetailsOnConstructionAndDevelopmentCostAbstract" xlink:to="ConstructionAndDevelopmentCostAbstract" priority="0" order="1.0"/>
    <loc xlink:type="locator" xlink:href="../in-gaap-2012-03-31.xsd#in-gaap_ConstructionAndDevelopmentCostIncurredDirectlyInRelationToProjectAbstract" xlink:label="ConstructionAndDevelopmentCostIncurredDirectlyInRelationToProjectAbstract"/>
    <presentationArc xlink:type="arc" xlink:arcrole="http://www.xbrl.org/2003/arcrole/parent-child" xlink:from="ConstructionAndDevelopmentCostAbstract" xlink:to="ConstructionAndDevelopmentCostIncurredDirectlyInRelationToProjectAbstract" priority="0" order="1.0"/>
    <loc xlink:type="locator" xlink:href="../in-gaap-2012-03-31.xsd#in-gaap_LandConversionCost" xlink:label="LandConversionCost"/>
    <presentationArc xlink:type="arc" xlink:arcrole="http://www.xbrl.org/2003/arcrole/parent-child" xlink:from="ConstructionAndDevelopmentCostIncurredDirectlyInRelationToProjectAbstract" xlink:to="LandConversionCost" priority="0" order="1.0"/>
    <loc xlink:type="locator" xlink:href="../in-gaap-2012-03-31.xsd#in-gaap_BettermentCharges" xlink:label="BettermentCharges"/>
    <presentationArc xlink:type="arc" xlink:arcrole="http://www.xbrl.org/2003/arcrole/parent-child" xlink:from="ConstructionAndDevelopmentCostIncurredDirectlyInRelationToProjectAbstract" xlink:to="BettermentCharges" priority="0" order="2.0"/>
    <loc xlink:type="locator" xlink:href="../in-gaap-2012-03-31.xsd#in-gaap_MunicipalSanctionFee" xlink:label="MunicipalSanctionFee"/>
    <presentationArc xlink:type="arc" xlink:arcrole="http://www.xbrl.org/2003/arcrole/parent-child" xlink:from="ConstructionAndDevelopmentCostIncurredDirectlyInRelationToProjectAbstract" xlink:to="MunicipalSanctionFee" priority="0" order="3.0"/>
    <loc xlink:type="locator" xlink:href="../in-gaap-2012-03-31.xsd#in-gaap_OtherChargesForObtainingBuildingPermission" xlink:label="OtherChargesForObtainingBuildingPermission"/>
    <presentationArc xlink:type="arc" xlink:arcrole="http://www.xbrl.org/2003/arcrole/parent-child" xlink:from="ConstructionAndDevelopmentCostIncurredDirectlyInRelationToProjectAbstract" xlink:to="OtherChargesForObtainingBuildingPermission" priority="0" order="4.0"/>
    <loc xlink:type="locator" xlink:href="../in-gaap-2012-03-31.xsd#in-gaap_SiteLabourCostIncludingSiteSupervision" xlink:label="SiteLabourCostIncludingSiteSupervision"/>
    <presentationArc xlink:type="arc" xlink:arcrole="http://www.xbrl.org/2003/arcrole/parent-child" xlink:from="ConstructionAndDevelopmentCostIncurredDirectlyInRelationToProjectAbstract" xlink:to="SiteLabourCostIncludingSiteSupervision" priority="0" order="5.0"/>
    <loc xlink:type="locator" xlink:href="../in-gaap-2012-03-31.xsd#in-gaap_CostOfMaterialsUsedInConstructionOrDevelopmentOfProperty" xlink:label="CostOfMaterialsUsedInConstructionOrDevelopmentOfProperty"/>
    <presentationArc xlink:type="arc" xlink:arcrole="http://www.xbrl.org/2003/arcrole/parent-child" xlink:from="ConstructionAndDevelopmentCostIncurredDirectlyInRelationToProjectAbstract" xlink:to="CostOfMaterialsUsedInConstructionOrDevelopmentOfProperty" priority="0" order="6.0"/>
    <loc xlink:type="locator" xlink:href="../in-gaap-2012-03-31.xsd#in-gaap_DepreciationOfPlantAndEquipmentUsedInConstructionUsedForProject" xlink:label="DepreciationOfPlantAndEquipmentUsedInConstructionUsedForProject"/>
    <presentationArc xlink:type="arc" xlink:arcrole="http://www.xbrl.org/2003/arcrole/parent-child" xlink:from="ConstructionAndDevelopmentCostIncurredDirectlyInRelationToProjectAbstract" xlink:to="DepreciationOfPlantAndEquipmentUsedInConstructionUsedForProject" priority="0" order="7.0"/>
    <loc xlink:type="locator" xlink:href="../in-gaap-2012-03-31.xsd#in-gaap_CostOfMovingPlantEquipmentAndMaterialsFromOrToProjectSite" xlink:label="CostOfMovingPlantEquipmentAndMaterialsFromOrToProjectSite"/>
    <presentationArc xlink:type="arc" xlink:arcrole="http://www.xbrl.org/2003/arcrole/parent-child" xlink:from="ConstructionAndDevelopmentCostIncurredDirectlyInRelationToProjectAbstract" xlink:to="CostOfMovingPlantEquipmentAndMaterialsFromOrToProjectSite" priority="0" order="8.0"/>
    <loc xlink:type="locator" xlink:href="../in-gaap-2012-03-31.xsd#in-gaap_CostOfHiringPlantAndEquipment" xlink:label="CostOfHiringPlantAndEquipment"/>
    <presentationArc xlink:type="arc" xlink:arcrole="http://www.xbrl.org/2003/arcrole/parent-child" xlink:from="ConstructionAndDevelopmentCostIncurredDirectlyInRelationToProjectAbstract" xlink:to="CostOfHiringPlantAndEquipment" priority="0" order="9.0"/>
    <loc xlink:type="locator" xlink:href="../in-gaap-2012-03-31.xsd#in-gaap_CostsOfDesignAndTechnicalAssistanceThatIsDirectlyRelatedToProject" xlink:label="CostsOfDesignAndTechnicalAssistanceThatIsDirectlyRelatedToProject"/>
    <presentationArc xlink:type="arc" xlink:arcrole="http://www.xbrl.org/2003/arcrole/parent-child" xlink:from="ConstructionAndDevelopmentCostIncurredDirectlyInRelationToProjectAbstract" xlink:to="CostsOfDesignAndTechnicalAssistanceThatIsDirectlyRelatedToProject" priority="0" order="10.0"/>
    <loc xlink:type="locator" xlink:href="../in-gaap-2012-03-31.xsd#in-gaap_EstimatedCostsOfRectificationAndGuaranteeWorkIncludingExpectedWarrantyCosts" xlink:label="EstimatedCostsOfRectificationAndGuaranteeWorkIncludingExpectedWarrantyCosts"/>
    <presentationArc xlink:type="arc" xlink:arcrole="http://www.xbrl.org/2003/arcrole/parent-child" xlink:from="ConstructionAndDevelopmentCostIncurredDirectlyInRelationToProjectAbstract" xlink:to="EstimatedCostsOfRectificationAndGuaranteeWorkIncludingExpectedWarrantyCosts" priority="0" order="11.0"/>
    <loc xlink:type="locator" xlink:href="../in-gaap-2012-03-31.xsd#in-gaap_ClaimsFromThirdParties" xlink:label="ClaimsFromThirdParties"/>
    <presentationArc xlink:type="arc" xlink:arcrole="http://www.xbrl.org/2003/arcrole/parent-child" xlink:from="ConstructionAndDevelopmentCostIncurredDirectlyInRelationToProjectAbstract" xlink:to="ClaimsFromThirdParties" priority="0" order="12.0"/>
    <loc xlink:type="locator" xlink:href="../in-gaap-2012-03-31.xsd#in-gaap_OtherCostIncurredDirectlyInRelationToProject" xlink:label="OtherCostIncurredDirectlyInRelationToProject"/>
    <presentationArc xlink:type="arc" xlink:arcrole="http://www.xbrl.org/2003/arcrole/parent-child" xlink:from="ConstructionAndDevelopmentCostIncurredDirectlyInRelationToProjectAbstract" xlink:to="OtherCostIncurredDirectlyInRelationToProject" priority="0" order="13.0"/>
    <loc xlink:type="locator" xlink:href="../in-gaap-2012-03-31.xsd#in-gaap_ConstructionAndDevelopmentCostIncurredDirectlyInRelationToProject" xlink:label="ConstructionAndDevelopmentCostIncurredDirectlyInRelationToProject"/>
    <presentationArc xlink:type="arc" xlink:arcrole="http://www.xbrl.org/2003/arcrole/parent-child" xlink:from="ConstructionAndDevelopmentCostIncurredDirectlyInRelationToProjectAbstract" xlink:to="ConstructionAndDevelopmentCostIncurredDirectlyInRelationToProject" priority="0" order="14.0" preferredLabel="http://www.xbrl.org/2003/role/totalLabel"/>
    <loc xlink:type="locator" xlink:href="../in-gaap-2012-03-31.xsd#in-gaap_ConstructionAndDevelopmentCostApportionedToProjectAbstract" xlink:label="ConstructionAndDevelopmentCostApportionedToProjectAbstract"/>
    <presentationArc xlink:type="arc" xlink:arcrole="http://www.xbrl.org/2003/arcrole/parent-child" xlink:from="ConstructionAndDevelopmentCostAbstract" xlink:to="ConstructionAndDevelopmentCostApportionedToProjectAbstract" priority="0" order="2.0"/>
    <loc xlink:type="locator" xlink:href="../in-gaap-2012-03-31.xsd#in-gaap_InsuranceCostApportionedToProject" xlink:label="InsuranceCostApportionedToProject"/>
    <presentationArc xlink:type="arc" xlink:arcrole="http://www.xbrl.org/2003/arcrole/parent-child" xlink:from="ConstructionAndDevelopmentCostApportionedToProjectAbstract" xlink:to="InsuranceCostApportionedToProject" priority="0" order="1.0"/>
    <loc xlink:type="locator" xlink:href="../in-gaap-2012-03-31.xsd#in-gaap_CostsOfDesignAndTechnicalAssistanceThatIsNotDirectlyRelatedToProject" xlink:label="CostsOfDesignAndTechnicalAssistanceThatIsNotDirectlyRelatedToProject"/>
    <presentationArc xlink:type="arc" xlink:arcrole="http://www.xbrl.org/2003/arcrole/parent-child" xlink:from="ConstructionAndDevelopmentCostApportionedToProjectAbstract" xlink:to="CostsOfDesignAndTechnicalAssistanceThatIsNotDirectlyRelatedToProject" priority="0" order="2.0"/>
    <loc xlink:type="locator" xlink:href="../in-gaap-2012-03-31.xsd#in-gaap_ConstructionOrDevelopmentOverheads" xlink:label="ConstructionOrDevelopmentOverheads"/>
    <presentationArc xlink:type="arc" xlink:arcrole="http://www.xbrl.org/2003/arcrole/parent-child" xlink:from="ConstructionAndDevelopmentCostApportionedToProjectAbstract" xlink:to="ConstructionOrDevelopmentOverheads" priority="0" order="3.0"/>
    <loc xlink:type="locator" xlink:href="../in-gaap-2012-03-31.xsd#in-gaap_BorrowingCostsApportionedToProject" xlink:label="BorrowingCostsApportionedToProject_2"/>
    <presentationArc xlink:type="arc" xlink:arcrole="http://www.xbrl.org/2003/arcrole/parent-child" xlink:from="ConstructionAndDevelopmentCostApportionedToProjectAbstract" xlink:to="BorrowingCostsApportionedToProject_2" priority="0" order="4.0"/>
    <loc xlink:type="locator" xlink:href="../in-gaap-2012-03-31.xsd#in-gaap_OtherConstructionAndDevelopmentCostApportionedToProject" xlink:label="OtherConstructionAndDevelopmentCostApportionedToProject"/>
    <presentationArc xlink:type="arc" xlink:arcrole="http://www.xbrl.org/2003/arcrole/parent-child" xlink:from="ConstructionAndDevelopmentCostApportionedToProjectAbstract" xlink:to="OtherConstructionAndDevelopmentCostApportionedToProject" priority="0" order="5.0"/>
    <loc xlink:type="locator" xlink:href="../in-gaap-2012-03-31.xsd#in-gaap_ConstructionAndDevelopmentCostApportionedToProject" xlink:label="ConstructionAndDevelopmentCostApportionedToProject"/>
    <presentationArc xlink:type="arc" xlink:arcrole="http://www.xbrl.org/2003/arcrole/parent-child" xlink:from="ConstructionAndDevelopmentCostApportionedToProjectAbstract" xlink:to="ConstructionAndDevelopmentCostApportionedToProject" priority="0" order="6.0" preferredLabel="http://www.xbrl.org/2003/role/totalLabel"/>
    <loc xlink:type="locator" xlink:href="../in-gaap-2012-03-31.xsd#in-gaap_ConstructionAndDevelopmentCost" xlink:label="ConstructionAndDevelopmentCost"/>
    <presentationArc xlink:type="arc" xlink:arcrole="http://www.xbrl.org/2003/arcrole/parent-child" xlink:from="ConstructionAndDevelopmentCostAbstract" xlink:to="ConstructionAndDevelopmentCost" priority="0" order="3.0" preferredLabel="http://www.xbrl.org/2003/role/totalLabel"/>
    <loc xlink:type="locator" xlink:href="../in-gaap-2012-03-31.xsd#in-gaap_ProjectCost" xlink:label="ProjectCost"/>
    <presentationArc xlink:type="arc" xlink:arcrole="http://www.xbrl.org/2003/arcrole/parent-child" xlink:from="DisclosureOfDetailsOnProjectCostAbstract" xlink:to="ProjectCost" priority="0" order="4.0" preferredLabel="http://www.xbrl.org/2003/role/totalLabel"/>
  </presentationLink>
</linkbase>
