<?xml version="1.0" encoding="US-ASCII"?>
<!-- Generated by Fujitsu Interstage XWand B0166 -->
<linkbase xmlns="http://www.xbrl.org/2003/linkbase" xmlns:xsi="http://www.w3.org/2001/XMLSchema-instance" xmlns:xlink="http://www.w3.org/1999/xlink" xmlns:xbrli="http://www.xbrl.org/2003/instance">
  <roleRef roleURI="http://www.icai.org/xbrl/taxonomy/role/in-gaap/NotesFinancialInstruments" xlink:type="simple" xlink:href="../in-gaap-roles-2012-03-31.xsd#in-gaap-rol-300900"/>
  <presentationLink xlink:type="extended" xlink:role="http://www.icai.org/xbrl/taxonomy/role/in-gaap/NotesFinancialInstruments">
    <loc xlink:type="locator" xlink:href="../in-gaap-2012-03-31.xsd#in-gaap_DisclosureOfFinancialInstrumentsExplanatoryTextBlock" xlink:label="DisclosureOfFinancialInstrumentsExplanatoryTextBlock"/>
    <loc xlink:type="locator" xlink:href="../in-gaap-2012-03-31.xsd#in-gaap_DisclosuresPertainingToHedgeAccountingWhereAS11NotApplicableAndAS30AppliedAbstract" xlink:label="DisclosuresPertainingToHedgeAccountingWhereAS11NotApplicableAndAS30AppliedAbstract"/>
    <presentationArc xlink:type="arc" xlink:arcrole="http://www.xbrl.org/2003/arcrole/parent-child" xlink:from="DisclosureOfFinancialInstrumentsExplanatoryTextBlock" xlink:to="DisclosuresPertainingToHedgeAccountingWhereAS11NotApplicableAndAS30AppliedAbstract" priority="0" order="1.0"/>
    <loc xlink:type="locator" xlink:href="../in-gaap-2012-03-31.xsd#in-gaap_DescriptionOfTypeOfHedge" xlink:label="DescriptionOfTypeOfHedge"/>
    <presentationArc xlink:type="arc" xlink:arcrole="http://www.xbrl.org/2003/arcrole/parent-child" xlink:from="DisclosuresPertainingToHedgeAccountingWhereAS11NotApplicableAndAS30AppliedAbstract" xlink:to="DescriptionOfTypeOfHedge" priority="0" order="1.0"/>
    <loc xlink:type="locator" xlink:href="../in-gaap-2012-03-31.xsd#in-gaap_DescriptionOfFinancialInstrumentsDesignatedAsHedgingInstrument" xlink:label="DescriptionOfFinancialInstrumentsDesignatedAsHedgingInstrument"/>
    <presentationArc xlink:type="arc" xlink:arcrole="http://www.xbrl.org/2003/arcrole/parent-child" xlink:from="DisclosuresPertainingToHedgeAccountingWhereAS11NotApplicableAndAS30AppliedAbstract" xlink:to="DescriptionOfFinancialInstrumentsDesignatedAsHedgingInstrument" priority="0" order="2.0"/>
    <loc xlink:type="locator" xlink:href="../in-gaap-2012-03-31.xsd#in-gaap_FairValueOfFinancialInstrumentsDesignatedAsHedgingInstruments" xlink:label="FairValueOfFinancialInstrumentsDesignatedAsHedgingInstruments"/>
    <presentationArc xlink:type="arc" xlink:arcrole="http://www.xbrl.org/2003/arcrole/parent-child" xlink:from="DisclosuresPertainingToHedgeAccountingWhereAS11NotApplicableAndAS30AppliedAbstract" xlink:to="FairValueOfFinancialInstrumentsDesignatedAsHedgingInstruments" priority="0" order="3.0"/>
    <loc xlink:type="locator" xlink:href="../in-gaap-2012-03-31.xsd#in-gaap_DescriptionOfNatureOfRisksBeingHedged" xlink:label="DescriptionOfNatureOfRisksBeingHedged"/>
    <presentationArc xlink:type="arc" xlink:arcrole="http://www.xbrl.org/2003/arcrole/parent-child" xlink:from="DisclosuresPertainingToHedgeAccountingWhereAS11NotApplicableAndAS30AppliedAbstract" xlink:to="DescriptionOfNatureOfRisksBeingHedged" priority="0" order="4.0"/>
    <loc xlink:type="locator" xlink:href="../in-gaap-2012-03-31.xsd#in-gaap_DisclosureOfCashFlowHedgesAbstract" xlink:label="DisclosureOfCashFlowHedgesAbstract"/>
    <presentationArc xlink:type="arc" xlink:arcrole="http://www.xbrl.org/2003/arcrole/parent-child" xlink:from="DisclosureOfFinancialInstrumentsExplanatoryTextBlock" xlink:to="DisclosureOfCashFlowHedgesAbstract" priority="0" order="2.0"/>
    <loc xlink:type="locator" xlink:href="../in-gaap-2012-03-31.xsd#in-gaap_DescriptionOfPeriodsWhenCashFlowsExpectedToOccur" xlink:label="DescriptionOfPeriodsWhenCashFlowsExpectedToOccur"/>
    <presentationArc xlink:type="arc" xlink:arcrole="http://www.xbrl.org/2003/arcrole/parent-child" xlink:from="DisclosureOfCashFlowHedgesAbstract" xlink:to="DescriptionOfPeriodsWhenCashFlowsExpectedToOccur" priority="0" order="1.0"/>
    <loc xlink:type="locator" xlink:href="../in-gaap-2012-03-31.xsd#in-gaap_DescriptionOfPeriodsWhenCashFlowsAffectProfitOrLoss" xlink:label="DescriptionOfPeriodsWhenCashFlowsAffectProfitOrLoss"/>
    <presentationArc xlink:type="arc" xlink:arcrole="http://www.xbrl.org/2003/arcrole/parent-child" xlink:from="DisclosureOfCashFlowHedgesAbstract" xlink:to="DescriptionOfPeriodsWhenCashFlowsAffectProfitOrLoss" priority="0" order="2.0"/>
    <loc xlink:type="locator" xlink:href="../in-gaap-2012-03-31.xsd#in-gaap_DescriptionOfForecastTransactionHedgeAccountingPreviouslyUsedButNoLongerExpectedToOccur" xlink:label="DescriptionOfForecastTransactionHedgeAccountingPreviouslyUsedButNoLongerExpectedToOccur"/>
    <presentationArc xlink:type="arc" xlink:arcrole="http://www.xbrl.org/2003/arcrole/parent-child" xlink:from="DisclosureOfCashFlowHedgesAbstract" xlink:to="DescriptionOfForecastTransactionHedgeAccountingPreviouslyUsedButNoLongerExpectedToOccur" priority="0" order="3.0"/>
    <loc xlink:type="locator" xlink:href="../in-gaap-2012-03-31.xsd#in-gaap_AmountRecognisedInHedgingReserveAccountDuringPeriod" xlink:label="AmountRecognisedInHedgingReserveAccountDuringPeriod"/>
    <presentationArc xlink:type="arc" xlink:arcrole="http://www.xbrl.org/2003/arcrole/parent-child" xlink:from="DisclosureOfCashFlowHedgesAbstract" xlink:to="AmountRecognisedInHedgingReserveAccountDuringPeriod" priority="0" order="4.0"/>
    <loc xlink:type="locator" xlink:href="../in-gaap-2012-03-31.xsd#in-gaap_AmountRemovedFromHedgingReserveAndIncludedInStatementOfProfitAndLossForPeriod" xlink:label="AmountRemovedFromHedgingReserveAndIncludedInStatementOfProfitAndLossForPeriod"/>
    <presentationArc xlink:type="arc" xlink:arcrole="http://www.xbrl.org/2003/arcrole/parent-child" xlink:from="DisclosureOfCashFlowHedgesAbstract" xlink:to="AmountRemovedFromHedgingReserveAndIncludedInStatementOfProfitAndLossForPeriod" priority="0" order="5.0"/>
    <loc xlink:type="locator" xlink:href="../in-gaap-2012-03-31.xsd#in-gaap_AmountRemovedFromHedgingReserveDuringPeriodAndIncludedInInitialCostOrOtherCarryingAmountOfNonFinancialAsset" xlink:label="AmountRemovedFromHedgingReserveDuringPeriodAndIncludedInInitialCostOrOtherCarryingAmountOfNonFinancialAsset"/>
    <presentationArc xlink:type="arc" xlink:arcrole="http://www.xbrl.org/2003/arcrole/parent-child" xlink:from="DisclosureOfCashFlowHedgesAbstract" xlink:to="AmountRemovedFromHedgingReserveDuringPeriodAndIncludedInInitialCostOrOtherCarryingAmountOfNonFinancialAsset" priority="0" order="6.0"/>
    <loc xlink:type="locator" xlink:href="../in-gaap-2012-03-31.xsd#in-gaap_AmountRemovedFromHedgingReserveDuringPeriodAndIncludedInInitialCostOrOtherCarryingAmountOfNonFinancialLiability" xlink:label="AmountRemovedFromHedgingReserveDuringPeriodAndIncludedInInitialCostOrOtherCarryingAmountOfNonFinancialLiability"/>
    <presentationArc xlink:type="arc" xlink:arcrole="http://www.xbrl.org/2003/arcrole/parent-child" xlink:from="DisclosureOfCashFlowHedgesAbstract" xlink:to="AmountRemovedFromHedgingReserveDuringPeriodAndIncludedInInitialCostOrOtherCarryingAmountOfNonFinancialLiability" priority="0" order="7.0"/>
    <loc xlink:type="locator" xlink:href="../in-gaap-2012-03-31.xsd#in-gaap_DisclosureOfFairValueHedgesAbstract" xlink:label="DisclosureOfFairValueHedgesAbstract"/>
    <presentationArc xlink:type="arc" xlink:arcrole="http://www.xbrl.org/2003/arcrole/parent-child" xlink:from="DisclosureOfFinancialInstrumentsExplanatoryTextBlock" xlink:to="DisclosureOfFairValueHedgesAbstract" priority="0" order="3.0"/>
    <loc xlink:type="locator" xlink:href="../in-gaap-2012-03-31.xsd#in-gaap_GainsLossesOnHedgingInstrument" xlink:label="GainsLossesOnHedgingInstrument"/>
    <presentationArc xlink:type="arc" xlink:arcrole="http://www.xbrl.org/2003/arcrole/parent-child" xlink:from="DisclosureOfFairValueHedgesAbstract" xlink:to="GainsLossesOnHedgingInstrument" priority="0" order="1.0"/>
    <loc xlink:type="locator" xlink:href="../in-gaap-2012-03-31.xsd#in-gaap_GainsLossesOnHedgedItemAttributableToHedgedRisk" xlink:label="GainsLossesOnHedgedItemAttributableToHedgedRisk"/>
    <presentationArc xlink:type="arc" xlink:arcrole="http://www.xbrl.org/2003/arcrole/parent-child" xlink:from="DisclosureOfFairValueHedgesAbstract" xlink:to="GainsLossesOnHedgedItemAttributableToHedgedRisk" priority="0" order="2.0"/>
    <loc xlink:type="locator" xlink:href="../in-gaap-2012-03-31.xsd#in-gaap_GainsLossesOnIneffectivenessOfCashFlowHedgesRecognisedInProfitOrLoss" xlink:label="GainsLossesOnIneffectivenessOfCashFlowHedgesRecognisedInProfitOrLoss"/>
    <presentationArc xlink:type="arc" xlink:arcrole="http://www.xbrl.org/2003/arcrole/parent-child" xlink:from="DisclosureOfFairValueHedgesAbstract" xlink:to="GainsLossesOnIneffectivenessOfCashFlowHedgesRecognisedInProfitOrLoss" priority="0" order="3.0"/>
    <loc xlink:type="locator" xlink:href="../in-gaap-2012-03-31.xsd#in-gaap_GainsLossesOnIneffectivenessOfHedgesOfNetInvestmentsInForeignOperations" xlink:label="GainsLossesOnIneffectivenessOfHedgesOfNetInvestmentsInForeignOperations"/>
    <presentationArc xlink:type="arc" xlink:arcrole="http://www.xbrl.org/2003/arcrole/parent-child" xlink:from="DisclosureOfFairValueHedgesAbstract" xlink:to="GainsLossesOnIneffectivenessOfHedgesOfNetInvestmentsInForeignOperations" priority="0" order="4.0"/>
    <loc xlink:type="locator" xlink:href="../in-gaap-2012-03-31.xsd#in-gaap_DisclosuresWhereAS30NotAppliedAndAS11NotApplicableAbstract" xlink:label="DisclosuresWhereAS30NotAppliedAndAS11NotApplicableAbstract"/>
    <presentationArc xlink:type="arc" xlink:arcrole="http://www.xbrl.org/2003/arcrole/parent-child" xlink:from="DisclosureOfFinancialInstrumentsExplanatoryTextBlock" xlink:to="DisclosuresWhereAS30NotAppliedAndAS11NotApplicableAbstract" priority="0" order="4.0"/>
    <loc xlink:type="locator" xlink:href="../in-gaap-2012-03-31.xsd#in-gaap_LossesOnMarkToMarketOnDerivativesRecognisedInStatementOfProfitAndLoss" xlink:label="LossesOnMarkToMarketOnDerivativesRecognisedInStatementOfProfitAndLoss"/>
    <presentationArc xlink:type="arc" xlink:arcrole="http://www.xbrl.org/2003/arcrole/parent-child" xlink:from="DisclosuresWhereAS30NotAppliedAndAS11NotApplicableAbstract" xlink:to="LossesOnMarkToMarketOnDerivativesRecognisedInStatementOfProfitAndLoss" priority="0" order="1.0"/>
  </presentationLink>
</linkbase>
