<?xml version="1.0" encoding="US-ASCII"?>
<!-- Generated by Fujitsu Interstage XWand B0166 -->
<linkbase xmlns="http://www.xbrl.org/2003/linkbase" xmlns:xsi="http://www.w3.org/2001/XMLSchema-instance" xmlns:xlink="http://www.w3.org/1999/xlink" xmlns:xbrli="http://www.xbrl.org/2003/instance">
  <roleRef roleURI="http://www.icai.org/xbrl/taxonomy/role/in-gaap/NotesFinancialReportingOfInterestsInJointVentures" xlink:type="simple" xlink:href="../in-gaap-roles-2012-03-31.xsd#in-gaap-rol-202500"/>
  <presentationLink xlink:type="extended" xlink:role="http://www.icai.org/xbrl/taxonomy/role/in-gaap/NotesFinancialReportingOfInterestsInJointVentures">
    <loc xlink:type="locator" xlink:href="../in-gaap-2012-03-31.xsd#in-gaap_DisclosureOfNotesOnInterestsInJointVenturesExplanatoryTextBlock" xlink:label="DisclosureOfNotesOnInterestsInJointVenturesExplanatoryTextBlock"/>
    <loc xlink:type="locator" xlink:href="../in-gaap-2012-03-31.xsd#in-gaap_ContingentLiabilitiesRelatedToJointVenturesAbstract" xlink:label="ContingentLiabilitiesRelatedToJointVenturesAbstract"/>
    <presentationArc xlink:type="arc" xlink:arcrole="http://www.xbrl.org/2003/arcrole/parent-child" xlink:from="DisclosureOfNotesOnInterestsInJointVenturesExplanatoryTextBlock" xlink:to="ContingentLiabilitiesRelatedToJointVenturesAbstract" priority="0" order="1.0"/>
    <loc xlink:type="locator" xlink:href="../in-gaap-2012-03-31.xsd#in-gaap_ContingentLiabilitiesIncurredByVenturerInRelationToInterestsInJointVentures" xlink:label="ContingentLiabilitiesIncurredByVenturerInRelationToInterestsInJointVentures"/>
    <presentationArc xlink:type="arc" xlink:arcrole="http://www.xbrl.org/2003/arcrole/parent-child" xlink:from="ContingentLiabilitiesRelatedToJointVenturesAbstract" xlink:to="ContingentLiabilitiesIncurredByVenturerInRelationToInterestsInJointVentures" priority="0" order="1.0"/>
    <loc xlink:type="locator" xlink:href="../in-gaap-2012-03-31.xsd#in-gaap_ShareOfContingentLiabilitiesIncurredJointlyWithOtherVenturers" xlink:label="ShareOfContingentLiabilitiesIncurredJointlyWithOtherVenturers"/>
    <presentationArc xlink:type="arc" xlink:arcrole="http://www.xbrl.org/2003/arcrole/parent-child" xlink:from="ContingentLiabilitiesRelatedToJointVenturesAbstract" xlink:to="ShareOfContingentLiabilitiesIncurredJointlyWithOtherVenturers" priority="0" order="2.0"/>
    <loc xlink:type="locator" xlink:href="../in-gaap-2012-03-31.xsd#in-gaap_ShareOfContingentLiabilitiesOfJointVenturesThemselves" xlink:label="ShareOfContingentLiabilitiesOfJointVenturesThemselves"/>
    <presentationArc xlink:type="arc" xlink:arcrole="http://www.xbrl.org/2003/arcrole/parent-child" xlink:from="ContingentLiabilitiesRelatedToJointVenturesAbstract" xlink:to="ShareOfContingentLiabilitiesOfJointVenturesThemselves" priority="0" order="3.0"/>
    <loc xlink:type="locator" xlink:href="../in-gaap-2012-03-31.xsd#in-gaap_ContingentLiabilitiesForWhichVenturerIsContingentlyLiableForLiabilitiesOfOtherVenturers" xlink:label="ContingentLiabilitiesForWhichVenturerIsContingentlyLiableForLiabilitiesOfOtherVenturers"/>
    <presentationArc xlink:type="arc" xlink:arcrole="http://www.xbrl.org/2003/arcrole/parent-child" xlink:from="ContingentLiabilitiesRelatedToJointVenturesAbstract" xlink:to="ContingentLiabilitiesForWhichVenturerIsContingentlyLiableForLiabilitiesOfOtherVenturers" priority="0" order="4.0"/>
    <loc xlink:type="locator" xlink:href="../in-gaap-2012-03-31.xsd#in-gaap_ContingentLiabilitiesRelatedToJointVentures" xlink:label="ContingentLiabilitiesRelatedToJointVentures"/>
    <presentationArc xlink:type="arc" xlink:arcrole="http://www.xbrl.org/2003/arcrole/parent-child" xlink:from="ContingentLiabilitiesRelatedToJointVenturesAbstract" xlink:to="ContingentLiabilitiesRelatedToJointVentures" priority="0" order="5.0" preferredLabel="http://www.xbrl.org/2003/role/totalLabel"/>
    <loc xlink:type="locator" xlink:href="../in-gaap-2012-03-31.xsd#in-gaap_CapitalCommitmentsRelatedToJointVenturesAbstract" xlink:label="CapitalCommitmentsRelatedToJointVenturesAbstract"/>
    <presentationArc xlink:type="arc" xlink:arcrole="http://www.xbrl.org/2003/arcrole/parent-child" xlink:from="DisclosureOfNotesOnInterestsInJointVenturesExplanatoryTextBlock" xlink:to="CapitalCommitmentsRelatedToJointVenturesAbstract" priority="0" order="2.0"/>
    <loc xlink:type="locator" xlink:href="../in-gaap-2012-03-31.xsd#in-gaap_CapitalCommitmentsOfVenturerInRelationToInterestsInJointVentures" xlink:label="CapitalCommitmentsOfVenturerInRelationToInterestsInJointVentures"/>
    <presentationArc xlink:type="arc" xlink:arcrole="http://www.xbrl.org/2003/arcrole/parent-child" xlink:from="CapitalCommitmentsRelatedToJointVenturesAbstract" xlink:to="CapitalCommitmentsOfVenturerInRelationToInterestsInJointVentures" priority="0" order="1.0"/>
    <loc xlink:type="locator" xlink:href="../in-gaap-2012-03-31.xsd#in-gaap_ShareOfCapitalCommitmentsIncurredJointlyWithOtherVenturers" xlink:label="ShareOfCapitalCommitmentsIncurredJointlyWithOtherVenturers"/>
    <presentationArc xlink:type="arc" xlink:arcrole="http://www.xbrl.org/2003/arcrole/parent-child" xlink:from="CapitalCommitmentsRelatedToJointVenturesAbstract" xlink:to="ShareOfCapitalCommitmentsIncurredJointlyWithOtherVenturers" priority="0" order="2.0"/>
    <loc xlink:type="locator" xlink:href="../in-gaap-2012-03-31.xsd#in-gaap_ShareOfCapitalCommitmentsOfJointVenturesThemselves" xlink:label="ShareOfCapitalCommitmentsOfJointVenturesThemselves"/>
    <presentationArc xlink:type="arc" xlink:arcrole="http://www.xbrl.org/2003/arcrole/parent-child" xlink:from="CapitalCommitmentsRelatedToJointVenturesAbstract" xlink:to="ShareOfCapitalCommitmentsOfJointVenturesThemselves" priority="0" order="3.0"/>
    <loc xlink:type="locator" xlink:href="../in-gaap-2012-03-31.xsd#in-gaap_DisclosureOfInterestsInSignificantJointVenturesExplanatoryTextBlock" xlink:label="DisclosureOfInterestsInSignificantJointVenturesExplanatoryTextBlock"/>
    <presentationArc xlink:type="arc" xlink:arcrole="http://www.xbrl.org/2003/arcrole/parent-child" xlink:from="DisclosureOfNotesOnInterestsInJointVenturesExplanatoryTextBlock" xlink:to="DisclosureOfInterestsInSignificantJointVenturesExplanatoryTextBlock" priority="0" order="3.0"/>
    <loc xlink:type="locator" xlink:href="../in-gaap-2012-03-31.xsd#in-gaap_DisclosureOfInterestsInSignificantJointVenturesAbstract" xlink:label="DisclosureOfInterestsInSignificantJointVenturesAbstract"/>
    <presentationArc xlink:type="arc" xlink:arcrole="http://www.xbrl.org/2003/arcrole/parent-child" xlink:from="DisclosureOfInterestsInSignificantJointVenturesExplanatoryTextBlock" xlink:to="DisclosureOfInterestsInSignificantJointVenturesAbstract" priority="0" order="1.0"/>
    <loc xlink:type="locator" xlink:href="../in-gaap-2012-03-31.xsd#in-gaap_DisclosureOfInterestsInSignificantJointVenturesTable" xlink:label="DisclosureOfInterestsInSignificantJointVenturesTable"/>
    <presentationArc xlink:type="arc" xlink:arcrole="http://www.xbrl.org/2003/arcrole/parent-child" xlink:from="DisclosureOfInterestsInSignificantJointVenturesAbstract" xlink:to="DisclosureOfInterestsInSignificantJointVenturesTable" priority="0" order="1.0"/>
    <loc xlink:type="locator" xlink:href="../in-gaap-2012-03-31.xsd#in-gaap_InterestsInSignificantJointVenturesAxis" xlink:label="InterestsInSignificantJointVenturesAxis"/>
    <presentationArc xlink:type="arc" xlink:arcrole="http://www.xbrl.org/2003/arcrole/parent-child" xlink:from="DisclosureOfInterestsInSignificantJointVenturesTable" xlink:to="InterestsInSignificantJointVenturesAxis" priority="0" order="1.0"/>
    <loc xlink:type="locator" xlink:href="../in-gaap-2012-03-31.xsd#in-gaap_EnterprisesTotalForJointVenturesMember" xlink:label="EnterprisesTotalForJointVenturesMember"/>
    <presentationArc xlink:type="arc" xlink:arcrole="http://www.xbrl.org/2003/arcrole/parent-child" xlink:from="InterestsInSignificantJointVenturesAxis" xlink:to="EnterprisesTotalForJointVenturesMember" priority="0" order="1.0"/>
    <loc xlink:type="locator" xlink:href="../in-gaap-2012-03-31.xsd#in-gaap_JointVenturesMember" xlink:label="JointVenturesMember"/>
    <presentationArc xlink:type="arc" xlink:arcrole="http://www.xbrl.org/2003/arcrole/parent-child" xlink:from="EnterprisesTotalForJointVenturesMember" xlink:to="JointVenturesMember" priority="0" order="1.0"/>
    <loc xlink:type="locator" xlink:href="../in-gaap-2012-03-31.xsd#in-gaap_JointlyControlledEntitiesMember" xlink:label="JointlyControlledEntitiesMember"/>
    <presentationArc xlink:type="arc" xlink:arcrole="http://www.xbrl.org/2003/arcrole/parent-child" xlink:from="EnterprisesTotalForJointVenturesMember" xlink:to="JointlyControlledEntitiesMember" priority="0" order="2.0"/>
    <loc xlink:type="locator" xlink:href="../in-gaap-2012-03-31.xsd#in-gaap_DisclosureOfInterestsInSignificantJointVenturesLineItems" xlink:label="DisclosureOfInterestsInSignificantJointVenturesLineItems"/>
    <presentationArc xlink:type="arc" xlink:arcrole="http://www.xbrl.org/2003/arcrole/parent-child" xlink:from="DisclosureOfInterestsInSignificantJointVenturesAbstract" xlink:to="DisclosureOfInterestsInSignificantJointVenturesLineItems" priority="0" order="2.0"/>
    <loc xlink:type="locator" xlink:href="../in-gaap-2012-03-31.xsd#in-gaap_DescriptionOfInterestInSignificantJointVenture" xlink:label="DescriptionOfInterestInSignificantJointVenture"/>
    <presentationArc xlink:type="arc" xlink:arcrole="http://www.xbrl.org/2003/arcrole/parent-child" xlink:from="DisclosureOfInterestsInSignificantJointVenturesLineItems" xlink:to="DescriptionOfInterestInSignificantJointVenture" priority="0" order="1.0"/>
    <loc xlink:type="locator" xlink:href="../in-gaap-2012-03-31.xsd#in-gaap_ProportionOfOwnershipInterestInJointlyControlledEntity" xlink:label="ProportionOfOwnershipInterestInJointlyControlledEntity"/>
    <presentationArc xlink:type="arc" xlink:arcrole="http://www.xbrl.org/2003/arcrole/parent-child" xlink:from="DisclosureOfInterestsInSignificantJointVenturesLineItems" xlink:to="ProportionOfOwnershipInterestInJointlyControlledEntity" priority="0" order="2.0"/>
    <loc xlink:type="locator" xlink:href="../in-gaap-2012-03-31.xsd#in-gaap_NameOfJointlyControlledEntity" xlink:label="NameOfJointlyControlledEntity"/>
    <presentationArc xlink:type="arc" xlink:arcrole="http://www.xbrl.org/2003/arcrole/parent-child" xlink:from="DisclosureOfInterestsInSignificantJointVenturesLineItems" xlink:to="NameOfJointlyControlledEntity" priority="0" order="3.0"/>
    <loc xlink:type="locator" xlink:href="../in-gaap-2012-03-31.xsd#in-gaap_CountryOfIncorporationOrResidenceOfJointlyControlledEntity" xlink:label="CountryOfIncorporationOrResidenceOfJointlyControlledEntity"/>
    <presentationArc xlink:type="arc" xlink:arcrole="http://www.xbrl.org/2003/arcrole/parent-child" xlink:from="DisclosureOfInterestsInSignificantJointVenturesLineItems" xlink:to="CountryOfIncorporationOrResidenceOfJointlyControlledEntity" priority="0" order="4.0"/>
    <loc xlink:type="locator" xlink:href="../../IN-CA/in-ca-2012-03-31.xsd#in-ca_CINOfJointVenturer" xlink:label="CINOfJointVenturer"/>
    <presentationArc xlink:type="arc" xlink:arcrole="http://www.xbrl.org/2003/arcrole/parent-child" xlink:from="DisclosureOfInterestsInSignificantJointVenturesLineItems" xlink:to="CINOfJointVenturer" priority="0" order="5.0"/>
    <loc xlink:type="locator" xlink:href="../../IN-CA/in-ca-2012-03-31.xsd#in-ca_PANOfJointVenturer" xlink:label="PANOfJointVenturer"/>
    <presentationArc xlink:type="arc" xlink:arcrole="http://www.xbrl.org/2003/arcrole/parent-child" xlink:from="DisclosureOfInterestsInSignificantJointVenturesLineItems" xlink:to="PANOfJointVenturer" priority="0" order="6.0"/>
    <loc xlink:type="locator" xlink:href="../../IN-CA/in-ca-2012-03-31.xsd#in-ca_CINOfJointVenturerWhoseReportingDateIsDifferent" xlink:label="CINOfJointVenturerWhoseReportingDateIsDifferent"/>
    <presentationArc xlink:type="arc" xlink:arcrole="http://www.xbrl.org/2003/arcrole/parent-child" xlink:from="DisclosureOfInterestsInSignificantJointVenturesLineItems" xlink:to="CINOfJointVenturerWhoseReportingDateIsDifferent" priority="0" order="7.0"/>
    <loc xlink:type="locator" xlink:href="../in-gaap-2012-03-31.xsd#in-gaap_DetailsOfNonUniformAccountingPoliciesByJointVenturersAbstract" xlink:label="DetailsOfNonUniformAccountingPoliciesByJointVenturersAbstract"/>
    <presentationArc xlink:type="arc" xlink:arcrole="http://www.xbrl.org/2003/arcrole/parent-child" xlink:from="DisclosureOfNotesOnInterestsInJointVenturesExplanatoryTextBlock" xlink:to="DetailsOfNonUniformAccountingPoliciesByJointVenturersAbstract" priority="0" order="4.0"/>
    <loc xlink:type="locator" xlink:href="../in-gaap-2012-03-31.xsd#in-gaap_DetailsOfNotFollowingUniformAccountingPoliciesByJointVenturesExplanatoryTextBlock" xlink:label="DetailsOfNotFollowingUniformAccountingPoliciesByJointVenturesExplanatoryTextBlock"/>
    <presentationArc xlink:type="arc" xlink:arcrole="http://www.xbrl.org/2003/arcrole/parent-child" xlink:from="DetailsOfNonUniformAccountingPoliciesByJointVenturersAbstract" xlink:to="DetailsOfNotFollowingUniformAccountingPoliciesByJointVenturesExplanatoryTextBlock" priority="0" order="1.0"/>
    <loc xlink:type="locator" xlink:href="../in-gaap-2012-03-31.xsd#in-gaap_DetailsOfProportionsOfItemsForWhichDifferentAccountingPoliciesFollowedByJointVentureExplanatoryTextBlock" xlink:label="DetailsOfProportionsOfItemsForWhichDifferentAccountingPoliciesFollowedByJointVentureExplanatoryTextBlock"/>
    <presentationArc xlink:type="arc" xlink:arcrole="http://www.xbrl.org/2003/arcrole/parent-child" xlink:from="DetailsOfNonUniformAccountingPoliciesByJointVenturersAbstract" xlink:to="DetailsOfProportionsOfItemsForWhichDifferentAccountingPoliciesFollowedByJointVentureExplanatoryTextBlock" priority="0" order="2.0"/>
  </presentationLink>
</linkbase>
