<?xml version="1.0" encoding="US-ASCII"?>
<!-- Generated by Fujitsu Interstage XWand B0166 -->
<linkbase xmlns="http://www.xbrl.org/2003/linkbase" xmlns:xsi="http://www.w3.org/2001/XMLSchema-instance" xmlns:xlink="http://www.w3.org/1999/xlink" xmlns:xbrli="http://www.xbrl.org/2003/instance">
  <roleRef roleURI="http://www.icai.org/xbrl/taxonomy/role/in-gaap/NotesRelatedParty" xlink:type="simple" xlink:href="../in-gaap-roles-2012-03-31.xsd#in-gaap-rol-201600"/>
  <presentationLink xlink:type="extended" xlink:role="http://www.icai.org/xbrl/taxonomy/role/in-gaap/NotesRelatedParty">
    <loc xlink:type="locator" xlink:href="../in-gaap-2012-03-31.xsd#in-gaap_DisclosureOfNotesOnRelatedPartyExplanatoryTextBlock" xlink:label="DisclosureOfNotesOnRelatedPartyExplanatoryTextBlock"/>
    <loc xlink:type="locator" xlink:href="../in-gaap-2012-03-31.xsd#in-gaap_DisclosureOfRelationshipAndTransactionsBetweenRelatedPartiesAbstract" xlink:label="DisclosureOfRelationshipAndTransactionsBetweenRelatedPartiesAbstract"/>
    <presentationArc xlink:type="arc" xlink:arcrole="http://www.xbrl.org/2003/arcrole/parent-child" xlink:from="DisclosureOfNotesOnRelatedPartyExplanatoryTextBlock" xlink:to="DisclosureOfRelationshipAndTransactionsBetweenRelatedPartiesAbstract" priority="0" order="1.0"/>
    <loc xlink:type="locator" xlink:href="../in-gaap-2012-03-31.xsd#in-gaap_WhetherThereAreAnyRelatedPartyTransactionsDuringYear" xlink:label="WhetherThereAreAnyRelatedPartyTransactionsDuringYear"/>
    <presentationArc xlink:type="arc" xlink:arcrole="http://www.xbrl.org/2003/arcrole/parent-child" xlink:from="DisclosureOfRelationshipAndTransactionsBetweenRelatedPartiesAbstract" xlink:to="WhetherThereAreAnyRelatedPartyTransactionsDuringYear" priority="0" order="1.0"/>
    <loc xlink:type="locator" xlink:href="../in-gaap-2012-03-31.xsd#in-gaap_DisclosureOfRelationshipAndTransactionsBetweenRelatedPartiesTable" xlink:label="DisclosureOfRelationshipAndTransactionsBetweenRelatedPartiesTable"/>
    <presentationArc xlink:type="arc" xlink:arcrole="http://www.xbrl.org/2003/arcrole/parent-child" xlink:from="DisclosureOfRelationshipAndTransactionsBetweenRelatedPartiesAbstract" xlink:to="DisclosureOfRelationshipAndTransactionsBetweenRelatedPartiesTable" priority="0" order="2.0"/>
    <loc xlink:type="locator" xlink:href="../in-gaap-2012-03-31.xsd#in-gaap_CategoriesOfRelatedPartiesAxis" xlink:label="CategoriesOfRelatedPartiesAxis"/>
    <presentationArc xlink:type="arc" xlink:arcrole="http://www.xbrl.org/2003/arcrole/parent-child" xlink:from="DisclosureOfRelationshipAndTransactionsBetweenRelatedPartiesTable" xlink:to="CategoriesOfRelatedPartiesAxis" priority="0" order="1.0"/>
    <loc xlink:type="locator" xlink:href="../in-gaap-2012-03-31.xsd#in-gaap_DetailsOfRelatedPartiesAndTransactionsWithRelatedPartiesAxis" xlink:label="DetailsOfRelatedPartiesAndTransactionsWithRelatedPartiesAxis"/>
    <presentationArc xlink:type="arc" xlink:arcrole="http://www.xbrl.org/2003/arcrole/parent-child" xlink:from="DisclosureOfRelationshipAndTransactionsBetweenRelatedPartiesTable" xlink:to="DetailsOfRelatedPartiesAndTransactionsWithRelatedPartiesAxis" priority="0" order="2.0"/>
    <loc xlink:type="locator" xlink:href="../in-gaap-2012-03-31.xsd#in-gaap_DetailsOfRelatedPartiesAndTransactionsWithRelatedPartiesMember" xlink:label="DetailsOfRelatedPartiesAndTransactionsWithRelatedPartiesMember"/>
    <presentationArc xlink:type="arc" xlink:arcrole="http://www.xbrl.org/2003/arcrole/parent-child" xlink:from="DetailsOfRelatedPartiesAndTransactionsWithRelatedPartiesAxis" xlink:to="DetailsOfRelatedPartiesAndTransactionsWithRelatedPartiesMember" priority="0" order="1.0"/>
    <loc xlink:type="locator" xlink:href="../in-gaap-2012-03-31.xsd#in-gaap_VolumeOfTransactionsInAmountsMember" xlink:label="VolumeOfTransactionsInAmountsMember"/>
    <presentationArc xlink:type="arc" xlink:arcrole="http://www.xbrl.org/2003/arcrole/parent-child" xlink:from="DetailsOfRelatedPartiesAndTransactionsWithRelatedPartiesMember" xlink:to="VolumeOfTransactionsInAmountsMember" priority="0" order="1.0"/>
    <loc xlink:type="locator" xlink:href="../in-gaap-2012-03-31.xsd#in-gaap_VolumeOfTransactionsInProportionsMember" xlink:label="VolumeOfTransactionsInProportionsMember"/>
    <presentationArc xlink:type="arc" xlink:arcrole="http://www.xbrl.org/2003/arcrole/parent-child" xlink:from="DetailsOfRelatedPartiesAndTransactionsWithRelatedPartiesMember" xlink:to="VolumeOfTransactionsInProportionsMember" priority="0" order="2.0"/>
    <loc xlink:type="locator" xlink:href="../in-gaap-2012-03-31.xsd#in-gaap_DisclosureOfTransactionsBetweenRelatedPartiesLineItems" xlink:label="DisclosureOfTransactionsBetweenRelatedPartiesLineItems"/>
    <presentationArc xlink:type="arc" xlink:arcrole="http://www.xbrl.org/2003/arcrole/parent-child" xlink:from="DisclosureOfRelationshipAndTransactionsBetweenRelatedPartiesAbstract" xlink:to="DisclosureOfTransactionsBetweenRelatedPartiesLineItems" priority="0" order="3.0"/>
    <loc xlink:type="locator" xlink:href="../in-gaap-2012-03-31.xsd#in-gaap_NameOfRelatedParty" xlink:label="NameOfRelatedParty"/>
    <presentationArc xlink:type="arc" xlink:arcrole="http://www.xbrl.org/2003/arcrole/parent-child" xlink:from="DisclosureOfTransactionsBetweenRelatedPartiesLineItems" xlink:to="NameOfRelatedParty" priority="0" order="1.0"/>
    <loc xlink:type="locator" xlink:href="../../IN-CA/in-ca-2012-03-31.xsd#in-ca_WhetherCompanyIsSubsidiaryCompany" xlink:label="WhetherCompanyIsSubsidiaryCompany"/>
    <presentationArc xlink:type="arc" xlink:arcrole="http://www.xbrl.org/2003/arcrole/parent-child" xlink:from="DisclosureOfTransactionsBetweenRelatedPartiesLineItems" xlink:to="WhetherCompanyIsSubsidiaryCompany" priority="0" order="2.0"/>
    <loc xlink:type="locator" xlink:href="../../IN-CA/in-ca-2012-03-31.xsd#in-ca_SectionUnderWhichCompanyIsSubsidiary" xlink:label="SectionUnderWhichCompanyIsSubsidiary"/>
    <presentationArc xlink:type="arc" xlink:arcrole="http://www.xbrl.org/2003/arcrole/parent-child" xlink:from="DisclosureOfTransactionsBetweenRelatedPartiesLineItems" xlink:to="SectionUnderWhichCompanyIsSubsidiary" priority="0" order="3.0"/>
    <loc xlink:type="locator" xlink:href="../../IN-CA/in-ca-2012-03-31.xsd#in-ca_NameOfHoldingCompany" xlink:label="NameOfHoldingCompany"/>
    <presentationArc xlink:type="arc" xlink:arcrole="http://www.xbrl.org/2003/arcrole/parent-child" xlink:from="DisclosureOfTransactionsBetweenRelatedPartiesLineItems" xlink:to="NameOfHoldingCompany" priority="0" order="4.0"/>
    <loc xlink:type="locator" xlink:href="../../IN-CA/in-ca-2012-03-31.xsd#in-ca_CountryOfIncorporationOrResidenceOfHoldingCompany" xlink:label="CountryOfIncorporationOrResidenceOfHoldingCompany"/>
    <presentationArc xlink:type="arc" xlink:arcrole="http://www.xbrl.org/2003/arcrole/parent-child" xlink:from="DisclosureOfTransactionsBetweenRelatedPartiesLineItems" xlink:to="CountryOfIncorporationOrResidenceOfHoldingCompany" priority="0" order="5.0"/>
    <loc xlink:type="locator" xlink:href="../../IN-CA/in-ca-2012-03-31.xsd#in-ca_CINOfHoldingCompany" xlink:label="CINOfHoldingCompany"/>
    <presentationArc xlink:type="arc" xlink:arcrole="http://www.xbrl.org/2003/arcrole/parent-child" xlink:from="DisclosureOfTransactionsBetweenRelatedPartiesLineItems" xlink:to="CINOfHoldingCompany" priority="0" order="6.0"/>
    <loc xlink:type="locator" xlink:href="../../IN-CA/in-ca-2012-03-31.xsd#in-ca_CountryOfIncorporationOrResidenceOfRelatedParty" xlink:label="CountryOfIncorporationOrResidenceOfRelatedParty"/>
    <presentationArc xlink:type="arc" xlink:arcrole="http://www.xbrl.org/2003/arcrole/parent-child" xlink:from="DisclosureOfTransactionsBetweenRelatedPartiesLineItems" xlink:to="CountryOfIncorporationOrResidenceOfRelatedParty" priority="0" order="7.0"/>
    <loc xlink:type="locator" xlink:href="../../IN-CA/in-ca-2012-03-31.xsd#in-ca_PermanentAccountNumberOfRelatedParty" xlink:label="PermanentAccountNumberOfRelatedParty"/>
    <presentationArc xlink:type="arc" xlink:arcrole="http://www.xbrl.org/2003/arcrole/parent-child" xlink:from="DisclosureOfTransactionsBetweenRelatedPartiesLineItems" xlink:to="PermanentAccountNumberOfRelatedParty" priority="0" order="8.0"/>
    <loc xlink:type="locator" xlink:href="../../IN-CA/in-ca-2012-03-31.xsd#in-ca_CINOfRelatedParty" xlink:label="CINOfRelatedParty"/>
    <presentationArc xlink:type="arc" xlink:arcrole="http://www.xbrl.org/2003/arcrole/parent-child" xlink:from="DisclosureOfTransactionsBetweenRelatedPartiesLineItems" xlink:to="CINOfRelatedParty" priority="0" order="9.0"/>
    <loc xlink:type="locator" xlink:href="../../IN-CA/in-ca-2012-03-31.xsd#in-ca_IdentificationNumberOfForeignRelatedPartyInCountryOfIncorporationOrResidence" xlink:label="IdentificationNumberOfForeignRelatedPartyInCountryOfIncorporationOrResidence"/>
    <presentationArc xlink:type="arc" xlink:arcrole="http://www.xbrl.org/2003/arcrole/parent-child" xlink:from="DisclosureOfTransactionsBetweenRelatedPartiesLineItems" xlink:to="IdentificationNumberOfForeignRelatedPartyInCountryOfIncorporationOrResidence" priority="0" order="10.0"/>
    <loc xlink:type="locator" xlink:href="../../IN-CA/in-ca-2012-03-31.xsd#in-ca_NatureOfIssuingAuthorityInCountryOfIncorporationOrResidence" xlink:label="NatureOfIssuingAuthorityInCountryOfIncorporationOrResidence"/>
    <presentationArc xlink:type="arc" xlink:arcrole="http://www.xbrl.org/2003/arcrole/parent-child" xlink:from="DisclosureOfTransactionsBetweenRelatedPartiesLineItems" xlink:to="NatureOfIssuingAuthorityInCountryOfIncorporationOrResidence" priority="0" order="11.0"/>
    <loc xlink:type="locator" xlink:href="../in-gaap-2012-03-31.xsd#in-gaap_DescriptionOfNatureOfRelatedPartyRelationship" xlink:label="DescriptionOfNatureOfRelatedPartyRelationship"/>
    <presentationArc xlink:type="arc" xlink:arcrole="http://www.xbrl.org/2003/arcrole/parent-child" xlink:from="DisclosureOfTransactionsBetweenRelatedPartiesLineItems" xlink:to="DescriptionOfNatureOfRelatedPartyRelationship" priority="0" order="12.0"/>
    <loc xlink:type="locator" xlink:href="../in-gaap-2012-03-31.xsd#in-gaap_DescriptionOfNatureOfTransactionsWithRelatedParty" xlink:label="DescriptionOfNatureOfTransactionsWithRelatedParty"/>
    <presentationArc xlink:type="arc" xlink:arcrole="http://www.xbrl.org/2003/arcrole/parent-child" xlink:from="DisclosureOfTransactionsBetweenRelatedPartiesLineItems" xlink:to="DescriptionOfNatureOfTransactionsWithRelatedParty" priority="0" order="13.0"/>
    <loc xlink:type="locator" xlink:href="../in-gaap-2012-03-31.xsd#in-gaap_RelatedPartyTransactionsAbstract" xlink:label="RelatedPartyTransactionsAbstract"/>
    <presentationArc xlink:type="arc" xlink:arcrole="http://www.xbrl.org/2003/arcrole/parent-child" xlink:from="DisclosureOfTransactionsBetweenRelatedPartiesLineItems" xlink:to="RelatedPartyTransactionsAbstract" priority="0" order="14.0"/>
    <loc xlink:type="locator" xlink:href="../in-gaap-2012-03-31.xsd#in-gaap_PurchasesOfGoodsRelatedPartyTransactions" xlink:label="PurchasesOfGoodsRelatedPartyTransactions"/>
    <presentationArc xlink:type="arc" xlink:arcrole="http://www.xbrl.org/2003/arcrole/parent-child" xlink:from="RelatedPartyTransactionsAbstract" xlink:to="PurchasesOfGoodsRelatedPartyTransactions" priority="0" order="1.0"/>
    <loc xlink:type="locator" xlink:href="../in-gaap-2012-03-31.xsd#in-gaap_RevenueFromSaleOfGoodsRelatedPartyTransactions" xlink:label="RevenueFromSaleOfGoodsRelatedPartyTransactions"/>
    <presentationArc xlink:type="arc" xlink:arcrole="http://www.xbrl.org/2003/arcrole/parent-child" xlink:from="RelatedPartyTransactionsAbstract" xlink:to="RevenueFromSaleOfGoodsRelatedPartyTransactions" priority="0" order="2.0"/>
    <loc xlink:type="locator" xlink:href="../in-gaap-2012-03-31.xsd#in-gaap_PurchasesOfTangibleAssetsRelatedPartyTransactions" xlink:label="PurchasesOfTangibleAssetsRelatedPartyTransactions"/>
    <presentationArc xlink:type="arc" xlink:arcrole="http://www.xbrl.org/2003/arcrole/parent-child" xlink:from="RelatedPartyTransactionsAbstract" xlink:to="PurchasesOfTangibleAssetsRelatedPartyTransactions" priority="0" order="3.0"/>
    <loc xlink:type="locator" xlink:href="../in-gaap-2012-03-31.xsd#in-gaap_SalesOfTangibleAssetsRelatedPartyTransactions" xlink:label="SalesOfTangibleAssetsRelatedPartyTransactions"/>
    <presentationArc xlink:type="arc" xlink:arcrole="http://www.xbrl.org/2003/arcrole/parent-child" xlink:from="RelatedPartyTransactionsAbstract" xlink:to="SalesOfTangibleAssetsRelatedPartyTransactions" priority="0" order="4.0"/>
    <loc xlink:type="locator" xlink:href="../in-gaap-2012-03-31.xsd#in-gaap_ServicesReceivedRelatedPartyTransactions" xlink:label="ServicesReceivedRelatedPartyTransactions"/>
    <presentationArc xlink:type="arc" xlink:arcrole="http://www.xbrl.org/2003/arcrole/parent-child" xlink:from="RelatedPartyTransactionsAbstract" xlink:to="ServicesReceivedRelatedPartyTransactions" priority="0" order="5.0"/>
    <loc xlink:type="locator" xlink:href="../in-gaap-2012-03-31.xsd#in-gaap_RevenueFromRenderingOfServicesRelatedPartyTransactions" xlink:label="RevenueFromRenderingOfServicesRelatedPartyTransactions"/>
    <presentationArc xlink:type="arc" xlink:arcrole="http://www.xbrl.org/2003/arcrole/parent-child" xlink:from="RelatedPartyTransactionsAbstract" xlink:to="RevenueFromRenderingOfServicesRelatedPartyTransactions" priority="0" order="6.0"/>
    <loc xlink:type="locator" xlink:href="../in-gaap-2012-03-31.xsd#in-gaap_LeasesAsLessorRelatedPartyTransactions" xlink:label="LeasesAsLessorRelatedPartyTransactions"/>
    <presentationArc xlink:type="arc" xlink:arcrole="http://www.xbrl.org/2003/arcrole/parent-child" xlink:from="RelatedPartyTransactionsAbstract" xlink:to="LeasesAsLessorRelatedPartyTransactions" priority="0" order="7.0"/>
    <loc xlink:type="locator" xlink:href="../in-gaap-2012-03-31.xsd#in-gaap_LeasesAsLesseeRelatedPartyTransactions" xlink:label="LeasesAsLesseeRelatedPartyTransactions"/>
    <presentationArc xlink:type="arc" xlink:arcrole="http://www.xbrl.org/2003/arcrole/parent-child" xlink:from="RelatedPartyTransactionsAbstract" xlink:to="LeasesAsLesseeRelatedPartyTransactions" priority="0" order="8.0"/>
    <loc xlink:type="locator" xlink:href="../in-gaap-2012-03-31.xsd#in-gaap_HirePurchaseAsPurchaserRelatedPartyTransactions" xlink:label="HirePurchaseAsPurchaserRelatedPartyTransactions"/>
    <presentationArc xlink:type="arc" xlink:arcrole="http://www.xbrl.org/2003/arcrole/parent-child" xlink:from="RelatedPartyTransactionsAbstract" xlink:to="HirePurchaseAsPurchaserRelatedPartyTransactions" priority="0" order="9.0"/>
    <loc xlink:type="locator" xlink:href="../in-gaap-2012-03-31.xsd#in-gaap_HirePurchaseAsSellerRelatedPartyTransactions" xlink:label="HirePurchaseAsSellerRelatedPartyTransactions"/>
    <presentationArc xlink:type="arc" xlink:arcrole="http://www.xbrl.org/2003/arcrole/parent-child" xlink:from="RelatedPartyTransactionsAbstract" xlink:to="HirePurchaseAsSellerRelatedPartyTransactions" priority="0" order="10.0"/>
    <loc xlink:type="locator" xlink:href="../in-gaap-2012-03-31.xsd#in-gaap_TransfersOfResearchAndDevelopmentFromEntityRelatedPartyTransactions" xlink:label="TransfersOfResearchAndDevelopmentFromEntityRelatedPartyTransactions"/>
    <presentationArc xlink:type="arc" xlink:arcrole="http://www.xbrl.org/2003/arcrole/parent-child" xlink:from="RelatedPartyTransactionsAbstract" xlink:to="TransfersOfResearchAndDevelopmentFromEntityRelatedPartyTransactions" priority="0" order="11.0"/>
    <loc xlink:type="locator" xlink:href="../in-gaap-2012-03-31.xsd#in-gaap_TransfersOfResearchAndDevelopmentToEntityRelatedPartyTransactions" xlink:label="TransfersOfResearchAndDevelopmentToEntityRelatedPartyTransactions"/>
    <presentationArc xlink:type="arc" xlink:arcrole="http://www.xbrl.org/2003/arcrole/parent-child" xlink:from="RelatedPartyTransactionsAbstract" xlink:to="TransfersOfResearchAndDevelopmentToEntityRelatedPartyTransactions" priority="0" order="12.0"/>
    <loc xlink:type="locator" xlink:href="../in-gaap-2012-03-31.xsd#in-gaap_TransfersUnderLicenseAgreementsFromEntityRelatedPartyTransactions" xlink:label="TransfersUnderLicenseAgreementsFromEntityRelatedPartyTransactions"/>
    <presentationArc xlink:type="arc" xlink:arcrole="http://www.xbrl.org/2003/arcrole/parent-child" xlink:from="RelatedPartyTransactionsAbstract" xlink:to="TransfersUnderLicenseAgreementsFromEntityRelatedPartyTransactions" priority="0" order="13.0"/>
    <loc xlink:type="locator" xlink:href="../in-gaap-2012-03-31.xsd#in-gaap_TransfersUnderLicenseAgreementsToEntityRelatedPartyTransactions" xlink:label="TransfersUnderLicenseAgreementsToEntityRelatedPartyTransactions"/>
    <presentationArc xlink:type="arc" xlink:arcrole="http://www.xbrl.org/2003/arcrole/parent-child" xlink:from="RelatedPartyTransactionsAbstract" xlink:to="TransfersUnderLicenseAgreementsToEntityRelatedPartyTransactions" priority="0" order="14.0"/>
    <loc xlink:type="locator" xlink:href="../in-gaap-2012-03-31.xsd#in-gaap_TransfersUnderFinanceAgreementsRelatedPartyTransactionsAbstract" xlink:label="TransfersUnderFinanceAgreementsRelatedPartyTransactionsAbstract"/>
    <presentationArc xlink:type="arc" xlink:arcrole="http://www.xbrl.org/2003/arcrole/parent-child" xlink:from="RelatedPartyTransactionsAbstract" xlink:to="TransfersUnderFinanceAgreementsRelatedPartyTransactionsAbstract" priority="0" order="15.0"/>
    <loc xlink:type="locator" xlink:href="../in-gaap-2012-03-31.xsd#in-gaap_TransfersOfLoanUnderFinanceAgreementsFromEntityRelatedPartyTransactions" xlink:label="TransfersOfLoanUnderFinanceAgreementsFromEntityRelatedPartyTransactions"/>
    <presentationArc xlink:type="arc" xlink:arcrole="http://www.xbrl.org/2003/arcrole/parent-child" xlink:from="TransfersUnderFinanceAgreementsRelatedPartyTransactionsAbstract" xlink:to="TransfersOfLoanUnderFinanceAgreementsFromEntityRelatedPartyTransactions" priority="0" order="1.0"/>
    <loc xlink:type="locator" xlink:href="../in-gaap-2012-03-31.xsd#in-gaap_TransfersOfLoanUnderFinanceAgreementsToEntityRelatedPartyTransactions" xlink:label="TransfersOfLoanUnderFinanceAgreementsToEntityRelatedPartyTransactions"/>
    <presentationArc xlink:type="arc" xlink:arcrole="http://www.xbrl.org/2003/arcrole/parent-child" xlink:from="TransfersUnderFinanceAgreementsRelatedPartyTransactionsAbstract" xlink:to="TransfersOfLoanUnderFinanceAgreementsToEntityRelatedPartyTransactions" priority="0" order="2.0"/>
    <loc xlink:type="locator" xlink:href="../in-gaap-2012-03-31.xsd#in-gaap_EquityContributionsMadeUnderFinanceAgreementsRelatedPartyTransactions" xlink:label="EquityContributionsMadeUnderFinanceAgreementsRelatedPartyTransactions"/>
    <presentationArc xlink:type="arc" xlink:arcrole="http://www.xbrl.org/2003/arcrole/parent-child" xlink:from="TransfersUnderFinanceAgreementsRelatedPartyTransactionsAbstract" xlink:to="EquityContributionsMadeUnderFinanceAgreementsRelatedPartyTransactions" priority="0" order="3.0"/>
    <loc xlink:type="locator" xlink:href="../in-gaap-2012-03-31.xsd#in-gaap_EquityContributionsReceivedUnderFinanceAgreementsRelatedPartyTransactions" xlink:label="EquityContributionsReceivedUnderFinanceAgreementsRelatedPartyTransactions"/>
    <presentationArc xlink:type="arc" xlink:arcrole="http://www.xbrl.org/2003/arcrole/parent-child" xlink:from="TransfersUnderFinanceAgreementsRelatedPartyTransactionsAbstract" xlink:to="EquityContributionsReceivedUnderFinanceAgreementsRelatedPartyTransactions" priority="0" order="4.0"/>
    <loc xlink:type="locator" xlink:href="../in-gaap-2012-03-31.xsd#in-gaap_ProvisionOfGuaranteesOrCollateralByEntityRelatedPartyTransactions" xlink:label="ProvisionOfGuaranteesOrCollateralByEntityRelatedPartyTransactions"/>
    <presentationArc xlink:type="arc" xlink:arcrole="http://www.xbrl.org/2003/arcrole/parent-child" xlink:from="RelatedPartyTransactionsAbstract" xlink:to="ProvisionOfGuaranteesOrCollateralByEntityRelatedPartyTransactions" priority="0" order="16.0"/>
    <loc xlink:type="locator" xlink:href="../in-gaap-2012-03-31.xsd#in-gaap_ProvisionOfGuaranteesOrCollateralToEntityRelatedPartyTransactions" xlink:label="ProvisionOfGuaranteesOrCollateralToEntityRelatedPartyTransactions"/>
    <presentationArc xlink:type="arc" xlink:arcrole="http://www.xbrl.org/2003/arcrole/parent-child" xlink:from="RelatedPartyTransactionsAbstract" xlink:to="ProvisionOfGuaranteesOrCollateralToEntityRelatedPartyTransactions" priority="0" order="17.0"/>
    <loc xlink:type="locator" xlink:href="../in-gaap-2012-03-31.xsd#in-gaap_ServicesReceivedFromManagementContracts" xlink:label="ServicesReceivedFromManagementContracts"/>
    <presentationArc xlink:type="arc" xlink:arcrole="http://www.xbrl.org/2003/arcrole/parent-child" xlink:from="RelatedPartyTransactionsAbstract" xlink:to="ServicesReceivedFromManagementContracts" priority="0" order="18.0"/>
    <loc xlink:type="locator" xlink:href="../in-gaap-2012-03-31.xsd#in-gaap_RevenueFromServicesRenderedThroughManagementContracts" xlink:label="RevenueFromServicesRenderedThroughManagementContracts"/>
    <presentationArc xlink:type="arc" xlink:arcrole="http://www.xbrl.org/2003/arcrole/parent-child" xlink:from="RelatedPartyTransactionsAbstract" xlink:to="RevenueFromServicesRenderedThroughManagementContracts" priority="0" order="19.0"/>
    <loc xlink:type="locator" xlink:href="../in-gaap-2012-03-31.xsd#in-gaap_ExpenseFromAgencyArrangements" xlink:label="ExpenseFromAgencyArrangements"/>
    <presentationArc xlink:type="arc" xlink:arcrole="http://www.xbrl.org/2003/arcrole/parent-child" xlink:from="RelatedPartyTransactionsAbstract" xlink:to="ExpenseFromAgencyArrangements" priority="0" order="20.0"/>
    <loc xlink:type="locator" xlink:href="../in-gaap-2012-03-31.xsd#in-gaap_RevenueFormAgencyArrangements" xlink:label="RevenueFormAgencyArrangements"/>
    <presentationArc xlink:type="arc" xlink:arcrole="http://www.xbrl.org/2003/arcrole/parent-child" xlink:from="RelatedPartyTransactionsAbstract" xlink:to="RevenueFormAgencyArrangements" priority="0" order="21.0"/>
    <loc xlink:type="locator" xlink:href="../in-gaap-2012-03-31.xsd#in-gaap_OtherRelatedPartyTransactionsExpense" xlink:label="OtherRelatedPartyTransactionsExpense"/>
    <presentationArc xlink:type="arc" xlink:arcrole="http://www.xbrl.org/2003/arcrole/parent-child" xlink:from="RelatedPartyTransactionsAbstract" xlink:to="OtherRelatedPartyTransactionsExpense" priority="0" order="22.0"/>
    <loc xlink:type="locator" xlink:href="../in-gaap-2012-03-31.xsd#in-gaap_OtherRelatedPartyTransactionsIncome" xlink:label="OtherRelatedPartyTransactionsIncome"/>
    <presentationArc xlink:type="arc" xlink:arcrole="http://www.xbrl.org/2003/arcrole/parent-child" xlink:from="RelatedPartyTransactionsAbstract" xlink:to="OtherRelatedPartyTransactionsIncome" priority="0" order="23.0"/>
    <loc xlink:type="locator" xlink:href="../in-gaap-2012-03-31.xsd#in-gaap_TransactionRelatingToKeyManagementPersonnelAbstract" xlink:label="TransactionRelatingToKeyManagementPersonnelAbstract"/>
    <presentationArc xlink:type="arc" xlink:arcrole="http://www.xbrl.org/2003/arcrole/parent-child" xlink:from="DisclosureOfTransactionsBetweenRelatedPartiesLineItems" xlink:to="TransactionRelatingToKeyManagementPersonnelAbstract" priority="0" order="15.0"/>
    <loc xlink:type="locator" xlink:href="../in-gaap-2012-03-31.xsd#in-gaap_DescriptionOfInformationAboutTerminationBenefitsForKeyManagementPersonnel" xlink:label="DescriptionOfInformationAboutTerminationBenefitsForKeyManagementPersonnel"/>
    <presentationArc xlink:type="arc" xlink:arcrole="http://www.xbrl.org/2003/arcrole/parent-child" xlink:from="TransactionRelatingToKeyManagementPersonnelAbstract" xlink:to="DescriptionOfInformationAboutTerminationBenefitsForKeyManagementPersonnel" priority="0" order="1.0"/>
    <loc xlink:type="locator" xlink:href="../in-gaap-2012-03-31.xsd#in-gaap_DescriptionOfInformationShortTermEmployeeBenefitsForKeyManagementPersonnel" xlink:label="DescriptionOfInformationShortTermEmployeeBenefitsForKeyManagementPersonnel"/>
    <presentationArc xlink:type="arc" xlink:arcrole="http://www.xbrl.org/2003/arcrole/parent-child" xlink:from="TransactionRelatingToKeyManagementPersonnelAbstract" xlink:to="DescriptionOfInformationShortTermEmployeeBenefitsForKeyManagementPersonnel" priority="0" order="2.0"/>
    <loc xlink:type="locator" xlink:href="../in-gaap-2012-03-31.xsd#in-gaap_DescriptionOfInformationOnDefinedContributionPlansForKeyManagementPersonnel" xlink:label="DescriptionOfInformationOnDefinedContributionPlansForKeyManagementPersonnel"/>
    <presentationArc xlink:type="arc" xlink:arcrole="http://www.xbrl.org/2003/arcrole/parent-child" xlink:from="TransactionRelatingToKeyManagementPersonnelAbstract" xlink:to="DescriptionOfInformationOnDefinedContributionPlansForKeyManagementPersonnel" priority="0" order="3.0"/>
    <loc xlink:type="locator" xlink:href="../in-gaap-2012-03-31.xsd#in-gaap_InformationAboutPostemploymentBenefitsForKeyManagementPersonnel" xlink:label="InformationAboutPostemploymentBenefitsForKeyManagementPersonnel"/>
    <presentationArc xlink:type="arc" xlink:arcrole="http://www.xbrl.org/2003/arcrole/parent-child" xlink:from="TransactionRelatingToKeyManagementPersonnelAbstract" xlink:to="InformationAboutPostemploymentBenefitsForKeyManagementPersonnel" priority="0" order="4.0"/>
    <loc xlink:type="locator" xlink:href="../in-gaap-2012-03-31.xsd#in-gaap_RemunerationForKeyManagerialPersonnel" xlink:label="RemunerationForKeyManagerialPersonnel"/>
    <presentationArc xlink:type="arc" xlink:arcrole="http://www.xbrl.org/2003/arcrole/parent-child" xlink:from="TransactionRelatingToKeyManagementPersonnelAbstract" xlink:to="RemunerationForKeyManagerialPersonnel" priority="0" order="5.0"/>
    <loc xlink:type="locator" xlink:href="../in-gaap-2012-03-31.xsd#in-gaap_OutstandingBalancesForRelatedPartyTransactionsAbstract" xlink:label="OutstandingBalancesForRelatedPartyTransactionsAbstract"/>
    <presentationArc xlink:type="arc" xlink:arcrole="http://www.xbrl.org/2003/arcrole/parent-child" xlink:from="DisclosureOfTransactionsBetweenRelatedPartiesLineItems" xlink:to="OutstandingBalancesForRelatedPartyTransactionsAbstract" priority="0" order="16.0"/>
    <loc xlink:type="locator" xlink:href="../in-gaap-2012-03-31.xsd#in-gaap_AmountsPayableRelatedPartyTransactions" xlink:label="AmountsPayableRelatedPartyTransactions"/>
    <presentationArc xlink:type="arc" xlink:arcrole="http://www.xbrl.org/2003/arcrole/parent-child" xlink:from="OutstandingBalancesForRelatedPartyTransactionsAbstract" xlink:to="AmountsPayableRelatedPartyTransactions" priority="0" order="1.0"/>
    <loc xlink:type="locator" xlink:href="../in-gaap-2012-03-31.xsd#in-gaap_AmountsReceivableRelatedPartyTransactions" xlink:label="AmountsReceivableRelatedPartyTransactions"/>
    <presentationArc xlink:type="arc" xlink:arcrole="http://www.xbrl.org/2003/arcrole/parent-child" xlink:from="OutstandingBalancesForRelatedPartyTransactionsAbstract" xlink:to="AmountsReceivableRelatedPartyTransactions" priority="0" order="2.0"/>
    <loc xlink:type="locator" xlink:href="../in-gaap-2012-03-31.xsd#in-gaap_ProvisionsForDoubtfulDebtsRelatedToOutstandingBalancesOfRelatedPartyTransaction" xlink:label="ProvisionsForDoubtfulDebtsRelatedToOutstandingBalancesOfRelatedPartyTransaction"/>
    <presentationArc xlink:type="arc" xlink:arcrole="http://www.xbrl.org/2003/arcrole/parent-child" xlink:from="OutstandingBalancesForRelatedPartyTransactionsAbstract" xlink:to="ProvisionsForDoubtfulDebtsRelatedToOutstandingBalancesOfRelatedPartyTransaction" priority="0" order="3.0"/>
    <loc xlink:type="locator" xlink:href="../../IN-CA/in-ca-2012-03-31.xsd#in-ca_ShareApplicationMoneyReceivedFromRelatedParty" xlink:label="ShareApplicationMoneyReceivedFromRelatedParty"/>
    <presentationArc xlink:type="arc" xlink:arcrole="http://www.xbrl.org/2003/arcrole/parent-child" xlink:from="OutstandingBalancesForRelatedPartyTransactionsAbstract" xlink:to="ShareApplicationMoneyReceivedFromRelatedParty" priority="0" order="4.0"/>
    <loc xlink:type="locator" xlink:href="../../IN-CA/in-ca-2012-03-31.xsd#in-ca_ShareApplicationMoneyGivenToRelatedParty" xlink:label="ShareApplicationMoneyGivenToRelatedParty"/>
    <presentationArc xlink:type="arc" xlink:arcrole="http://www.xbrl.org/2003/arcrole/parent-child" xlink:from="OutstandingBalancesForRelatedPartyTransactionsAbstract" xlink:to="ShareApplicationMoneyGivenToRelatedParty" priority="0" order="5.0"/>
    <loc xlink:type="locator" xlink:href="../../IN-CA/in-ca-2012-03-31.xsd#in-ca_MaximumAmountPayableToRelatedPartyDuringPeriod" xlink:label="MaximumAmountPayableToRelatedPartyDuringPeriod"/>
    <presentationArc xlink:type="arc" xlink:arcrole="http://www.xbrl.org/2003/arcrole/parent-child" xlink:from="OutstandingBalancesForRelatedPartyTransactionsAbstract" xlink:to="MaximumAmountPayableToRelatedPartyDuringPeriod" priority="0" order="6.0"/>
    <loc xlink:type="locator" xlink:href="../../IN-CA/in-ca-2012-03-31.xsd#in-ca_MaximumAmountReceivableFromRelatedPartyDuringPeriod" xlink:label="MaximumAmountReceivableFromRelatedPartyDuringPeriod"/>
    <presentationArc xlink:type="arc" xlink:arcrole="http://www.xbrl.org/2003/arcrole/parent-child" xlink:from="OutstandingBalancesForRelatedPartyTransactionsAbstract" xlink:to="MaximumAmountReceivableFromRelatedPartyDuringPeriod" priority="0" order="7.0"/>
    <loc xlink:type="locator" xlink:href="../in-gaap-2012-03-31.xsd#in-gaap_AmountWrittenOffDuringPeriodInRespectOfDebtsDueFromRelatedParties" xlink:label="AmountWrittenOffDuringPeriodInRespectOfDebtsDueFromRelatedParties"/>
    <presentationArc xlink:type="arc" xlink:arcrole="http://www.xbrl.org/2003/arcrole/parent-child" xlink:from="DisclosureOfTransactionsBetweenRelatedPartiesLineItems" xlink:to="AmountWrittenOffDuringPeriodInRespectOfDebtsDueFromRelatedParties" priority="0" order="17.0"/>
    <loc xlink:type="locator" xlink:href="../in-gaap-2012-03-31.xsd#in-gaap_AmountWrittenBackDuringPeriodInRespectOfDebtsDueToRelatedParties" xlink:label="AmountWrittenBackDuringPeriodInRespectOfDebtsDueToRelatedParties"/>
    <presentationArc xlink:type="arc" xlink:arcrole="http://www.xbrl.org/2003/arcrole/parent-child" xlink:from="DisclosureOfTransactionsBetweenRelatedPartiesLineItems" xlink:to="AmountWrittenBackDuringPeriodInRespectOfDebtsDueToRelatedParties" priority="0" order="18.0"/>
    <loc xlink:type="locator" xlink:href="../in-gaap-2012-03-31.xsd#in-gaap_DescriptionOfOtherRelatedPartyTransactionsWhichAreNecessaryForUnderstandingOfFinancialStatements" xlink:label="DescriptionOfOtherRelatedPartyTransactionsWhichAreNecessaryForUnderstandingOfFinancialStatements"/>
    <presentationArc xlink:type="arc" xlink:arcrole="http://www.xbrl.org/2003/arcrole/parent-child" xlink:from="DisclosureOfTransactionsBetweenRelatedPartiesLineItems" xlink:to="DescriptionOfOtherRelatedPartyTransactionsWhichAreNecessaryForUnderstandingOfFinancialStatements" priority="0" order="19.0"/>
  </presentationLink>
</linkbase>
