<?xml version="1.0" encoding="US-ASCII"?>
<!-- Generated by Fujitsu Interstage XWand B0166 -->
<linkbase xmlns="http://www.xbrl.org/2003/linkbase" xmlns:xsi="http://www.w3.org/2001/XMLSchema-instance" xmlns:xlink="http://www.w3.org/1999/xlink" xmlns:xbrli="http://www.xbrl.org/2003/instance">
  <roleRef roleURI="http://www.icai.org/xbrl/taxonomy/role/in-gaap/NotesShareCapital" xlink:type="simple" xlink:href="../in-gaap-roles-2012-03-31.xsd#in-gaap-rol-200100"/>
  <roleRef roleURI="http://www.xbrl.org/2009/role/netLabel" xlink:type="simple" xlink:href="http://www.xbrl.org/lrr/role/net-2009-12-16.xsd#netLabel"/>
  <presentationLink xlink:type="extended" xlink:role="http://www.icai.org/xbrl/taxonomy/role/in-gaap/NotesShareCapital">
    <loc xlink:type="locator" xlink:href="../in-gaap-2012-03-31.xsd#in-gaap_DisclosureOfNotesOnShareCapitalExplanatoryTextBlock" xlink:label="DisclosureOfNotesOnShareCapitalExplanatoryTextBlock"/>
    <loc xlink:type="locator" xlink:href="../in-gaap-2012-03-31.xsd#in-gaap_DisclosureOfClassesOfShareCapitalAbstract" xlink:label="DisclosureOfClassesOfShareCapitalAbstract"/>
    <presentationArc xlink:type="arc" xlink:arcrole="http://www.xbrl.org/2003/arcrole/parent-child" xlink:from="DisclosureOfNotesOnShareCapitalExplanatoryTextBlock" xlink:to="DisclosureOfClassesOfShareCapitalAbstract" priority="0" order="1.0"/>
    <loc xlink:type="locator" xlink:href="../in-gaap-2012-03-31.xsd#in-gaap_DisclosureOfClassesOfShareCapitalTable" xlink:label="DisclosureOfClassesOfShareCapitalTable"/>
    <presentationArc xlink:type="arc" xlink:arcrole="http://www.xbrl.org/2003/arcrole/parent-child" xlink:from="DisclosureOfClassesOfShareCapitalAbstract" xlink:to="DisclosureOfClassesOfShareCapitalTable" priority="0" order="1.0"/>
    <loc xlink:type="locator" xlink:href="../in-gaap-2012-03-31.xsd#in-gaap_ClassesOfShareCapitalAxis" xlink:label="ClassesOfShareCapitalAxis"/>
    <presentationArc xlink:type="arc" xlink:arcrole="http://www.xbrl.org/2003/arcrole/parent-child" xlink:from="DisclosureOfClassesOfShareCapitalTable" xlink:to="ClassesOfShareCapitalAxis" priority="0" order="1.0"/>
    <loc xlink:type="locator" xlink:href="../in-gaap-2012-03-31.xsd#in-gaap_ClassesOfShareCapitalMember" xlink:label="ClassesOfShareCapitalMember"/>
    <presentationArc xlink:type="arc" xlink:arcrole="http://www.xbrl.org/2003/arcrole/parent-child" xlink:from="ClassesOfShareCapitalAxis" xlink:to="ClassesOfShareCapitalMember" priority="0" order="1.0"/>
    <loc xlink:type="locator" xlink:href="../in-gaap-2012-03-31.xsd#in-gaap_EquitySharesMember" xlink:label="EquitySharesMember"/>
    <presentationArc xlink:type="arc" xlink:arcrole="http://www.xbrl.org/2003/arcrole/parent-child" xlink:from="ClassesOfShareCapitalMember" xlink:to="EquitySharesMember" priority="0" order="1.0"/>
    <loc xlink:type="locator" xlink:href="../in-gaap-2012-03-31.xsd#in-gaap_PreferenceSharesMember" xlink:label="PreferenceSharesMember"/>
    <presentationArc xlink:type="arc" xlink:arcrole="http://www.xbrl.org/2003/arcrole/parent-child" xlink:from="ClassesOfShareCapitalMember" xlink:to="PreferenceSharesMember" priority="0" order="2.0"/>
    <loc xlink:type="locator" xlink:href="../in-gaap-2012-03-31.xsd#in-gaap_GlobalDepositaryReceiptMember" xlink:label="GlobalDepositaryReceiptMember"/>
    <presentationArc xlink:type="arc" xlink:arcrole="http://www.xbrl.org/2003/arcrole/parent-child" xlink:from="ClassesOfShareCapitalMember" xlink:to="GlobalDepositaryReceiptMember" priority="0" order="3.0"/>
    <loc xlink:type="locator" xlink:href="../in-gaap-2012-03-31.xsd#in-gaap_AmericanDepositaryReceiptMember" xlink:label="AmericanDepositaryReceiptMember"/>
    <presentationArc xlink:type="arc" xlink:arcrole="http://www.xbrl.org/2003/arcrole/parent-child" xlink:from="ClassesOfShareCapitalMember" xlink:to="AmericanDepositaryReceiptMember" priority="0" order="4.0"/>
    <loc xlink:type="locator" xlink:href="../in-gaap-2012-03-31.xsd#in-gaap_DisclosureOfClassesOfShareCapitalLineItems" xlink:label="DisclosureOfClassesOfShareCapitalLineItems"/>
    <presentationArc xlink:type="arc" xlink:arcrole="http://www.xbrl.org/2003/arcrole/parent-child" xlink:from="DisclosureOfClassesOfShareCapitalAbstract" xlink:to="DisclosureOfClassesOfShareCapitalLineItems" priority="0" order="2.0"/>
    <loc xlink:type="locator" xlink:href="../in-gaap-2012-03-31.xsd#in-gaap_NumberOfSharesAuthorised" xlink:label="NumberOfSharesAuthorised"/>
    <presentationArc xlink:type="arc" xlink:arcrole="http://www.xbrl.org/2003/arcrole/parent-child" xlink:from="DisclosureOfClassesOfShareCapitalLineItems" xlink:to="NumberOfSharesAuthorised" priority="0" order="1.0"/>
    <loc xlink:type="locator" xlink:href="../in-gaap-2012-03-31.xsd#in-gaap_ValueOfSharesAuthorised" xlink:label="ValueOfSharesAuthorised"/>
    <presentationArc xlink:type="arc" xlink:arcrole="http://www.xbrl.org/2003/arcrole/parent-child" xlink:from="DisclosureOfClassesOfShareCapitalLineItems" xlink:to="ValueOfSharesAuthorised" priority="0" order="2.0"/>
    <loc xlink:type="locator" xlink:href="../in-gaap-2012-03-31.xsd#in-gaap_NumberOfSharesIssued" xlink:label="NumberOfSharesIssued"/>
    <presentationArc xlink:type="arc" xlink:arcrole="http://www.xbrl.org/2003/arcrole/parent-child" xlink:from="DisclosureOfClassesOfShareCapitalLineItems" xlink:to="NumberOfSharesIssued" priority="0" order="3.0"/>
    <loc xlink:type="locator" xlink:href="../in-gaap-2012-03-31.xsd#in-gaap_ValueOfSharesIssued" xlink:label="ValueOfSharesIssued"/>
    <presentationArc xlink:type="arc" xlink:arcrole="http://www.xbrl.org/2003/arcrole/parent-child" xlink:from="DisclosureOfClassesOfShareCapitalLineItems" xlink:to="ValueOfSharesIssued" priority="0" order="4.0"/>
    <loc xlink:type="locator" xlink:href="../in-gaap-2012-03-31.xsd#in-gaap_NumberOfSharesSubscribedAndFullyPaid" xlink:label="NumberOfSharesSubscribedAndFullyPaid"/>
    <presentationArc xlink:type="arc" xlink:arcrole="http://www.xbrl.org/2003/arcrole/parent-child" xlink:from="DisclosureOfClassesOfShareCapitalLineItems" xlink:to="NumberOfSharesSubscribedAndFullyPaid" priority="0" order="5.0"/>
    <loc xlink:type="locator" xlink:href="../in-gaap-2012-03-31.xsd#in-gaap_ValueOfSharesSubscribedAndFullyPaid" xlink:label="ValueOfSharesSubscribedAndFullyPaid"/>
    <presentationArc xlink:type="arc" xlink:arcrole="http://www.xbrl.org/2003/arcrole/parent-child" xlink:from="DisclosureOfClassesOfShareCapitalLineItems" xlink:to="ValueOfSharesSubscribedAndFullyPaid" priority="0" order="6.0"/>
    <loc xlink:type="locator" xlink:href="../in-gaap-2012-03-31.xsd#in-gaap_NumberOfSharesSubscribedButNotFullyPaid" xlink:label="NumberOfSharesSubscribedButNotFullyPaid"/>
    <presentationArc xlink:type="arc" xlink:arcrole="http://www.xbrl.org/2003/arcrole/parent-child" xlink:from="DisclosureOfClassesOfShareCapitalLineItems" xlink:to="NumberOfSharesSubscribedButNotFullyPaid" priority="0" order="7.0"/>
    <loc xlink:type="locator" xlink:href="../in-gaap-2012-03-31.xsd#in-gaap_ValueOfSharesSubscribedButNotFullyPaid" xlink:label="ValueOfSharesSubscribedButNotFullyPaid"/>
    <presentationArc xlink:type="arc" xlink:arcrole="http://www.xbrl.org/2003/arcrole/parent-child" xlink:from="DisclosureOfClassesOfShareCapitalLineItems" xlink:to="ValueOfSharesSubscribedButNotFullyPaid" priority="0" order="8.0"/>
    <loc xlink:type="locator" xlink:href="../in-gaap-2012-03-31.xsd#in-gaap_NumberOfSharesSubscribed" xlink:label="NumberOfSharesSubscribed"/>
    <presentationArc xlink:type="arc" xlink:arcrole="http://www.xbrl.org/2003/arcrole/parent-child" xlink:from="DisclosureOfClassesOfShareCapitalLineItems" xlink:to="NumberOfSharesSubscribed" priority="0" order="9.0" preferredLabel="http://www.xbrl.org/2003/role/totalLabel"/>
    <loc xlink:type="locator" xlink:href="../in-gaap-2012-03-31.xsd#in-gaap_ValueOfSharesSubscribed" xlink:label="ValueOfSharesSubscribed"/>
    <presentationArc xlink:type="arc" xlink:arcrole="http://www.xbrl.org/2003/arcrole/parent-child" xlink:from="DisclosureOfClassesOfShareCapitalLineItems" xlink:to="ValueOfSharesSubscribed" priority="0" order="10.0" preferredLabel="http://www.xbrl.org/2003/role/totalLabel"/>
    <loc xlink:type="locator" xlink:href="../in-gaap-2012-03-31.xsd#in-gaap_ValueOfSharesPaidUpAbstract" xlink:label="ValueOfSharesPaidUpAbstract"/>
    <presentationArc xlink:type="arc" xlink:arcrole="http://www.xbrl.org/2003/arcrole/parent-child" xlink:from="DisclosureOfClassesOfShareCapitalLineItems" xlink:to="ValueOfSharesPaidUpAbstract" priority="0" order="11.0"/>
    <loc xlink:type="locator" xlink:href="../in-gaap-2012-03-31.xsd#in-gaap_NumberOfSharesPaidUp" xlink:label="NumberOfSharesPaidUp"/>
    <presentationArc xlink:type="arc" xlink:arcrole="http://www.xbrl.org/2003/arcrole/parent-child" xlink:from="ValueOfSharesPaidUpAbstract" xlink:to="NumberOfSharesPaidUp" priority="0" order="1.0"/>
    <loc xlink:type="locator" xlink:href="../in-gaap-2012-03-31.xsd#in-gaap_ValueOfSharesCalled" xlink:label="ValueOfSharesCalled"/>
    <presentationArc xlink:type="arc" xlink:arcrole="http://www.xbrl.org/2003/arcrole/parent-child" xlink:from="ValueOfSharesPaidUpAbstract" xlink:to="ValueOfSharesCalled" priority="0" order="2.0"/>
    <loc xlink:type="locator" xlink:href="../in-gaap-2012-03-31.xsd#in-gaap_CallsUnpaidAbstract" xlink:label="CallsUnpaidAbstract"/>
    <presentationArc xlink:type="arc" xlink:arcrole="http://www.xbrl.org/2003/arcrole/parent-child" xlink:from="ValueOfSharesPaidUpAbstract" xlink:to="CallsUnpaidAbstract" priority="0" order="3.0"/>
    <loc xlink:type="locator" xlink:href="../in-gaap-2012-03-31.xsd#in-gaap_CallsUnpaidByDirectors" xlink:label="CallsUnpaidByDirectors"/>
    <presentationArc xlink:type="arc" xlink:arcrole="http://www.xbrl.org/2003/arcrole/parent-child" xlink:from="CallsUnpaidAbstract" xlink:to="CallsUnpaidByDirectors" priority="0" order="1.0"/>
    <loc xlink:type="locator" xlink:href="../in-gaap-2012-03-31.xsd#in-gaap_CallsUnpaidByOthers" xlink:label="CallsUnpaidByOthers"/>
    <presentationArc xlink:type="arc" xlink:arcrole="http://www.xbrl.org/2003/arcrole/parent-child" xlink:from="CallsUnpaidAbstract" xlink:to="CallsUnpaidByOthers" priority="0" order="2.0"/>
    <loc xlink:type="locator" xlink:href="../in-gaap-2012-03-31.xsd#in-gaap_CallsUnpaid" xlink:label="CallsUnpaid"/>
    <presentationArc xlink:type="arc" xlink:arcrole="http://www.xbrl.org/2003/arcrole/parent-child" xlink:from="CallsUnpaidAbstract" xlink:to="CallsUnpaid" priority="0" order="3.0" preferredLabel="http://www.xbrl.org/2003/role/totalLabel"/>
    <loc xlink:type="locator" xlink:href="../in-gaap-2012-03-31.xsd#in-gaap_ForfeitedShares" xlink:label="ForfeitedShares"/>
    <presentationArc xlink:type="arc" xlink:arcrole="http://www.xbrl.org/2003/arcrole/parent-child" xlink:from="ValueOfSharesPaidUpAbstract" xlink:to="ForfeitedShares" priority="0" order="4.0"/>
    <loc xlink:type="locator" xlink:href="../in-gaap-2012-03-31.xsd#in-gaap_ForfeitedSharesReissued" xlink:label="ForfeitedSharesReissued"/>
    <presentationArc xlink:type="arc" xlink:arcrole="http://www.xbrl.org/2003/arcrole/parent-child" xlink:from="ValueOfSharesPaidUpAbstract" xlink:to="ForfeitedSharesReissued" priority="0" order="5.0"/>
    <loc xlink:type="locator" xlink:href="../in-gaap-2012-03-31.xsd#in-gaap_ValueOfSharesPaidUp" xlink:label="ValueOfSharesPaidUp"/>
    <presentationArc xlink:type="arc" xlink:arcrole="http://www.xbrl.org/2003/arcrole/parent-child" xlink:from="ValueOfSharesPaidUpAbstract" xlink:to="ValueOfSharesPaidUp" priority="0" order="6.0" preferredLabel="http://www.xbrl.org/2009/role/netLabel"/>
    <loc xlink:type="locator" xlink:href="../in-gaap-2012-03-31.xsd#in-gaap_ParValuePerShare" xlink:label="ParValuePerShare"/>
    <presentationArc xlink:type="arc" xlink:arcrole="http://www.xbrl.org/2003/arcrole/parent-child" xlink:from="DisclosureOfClassesOfShareCapitalLineItems" xlink:to="ParValuePerShare" priority="0" order="12.0"/>
    <loc xlink:type="locator" xlink:href="../in-gaap-2012-03-31.xsd#in-gaap_DetailsOfSharesNotFullyCalledAbstract" xlink:label="DetailsOfSharesNotFullyCalledAbstract"/>
    <presentationArc xlink:type="arc" xlink:arcrole="http://www.xbrl.org/2003/arcrole/parent-child" xlink:from="DisclosureOfClassesOfShareCapitalLineItems" xlink:to="DetailsOfSharesNotFullyCalledAbstract" priority="0" order="13.0"/>
    <loc xlink:type="locator" xlink:href="../in-gaap-2012-03-31.xsd#in-gaap_AmountPerShareCalled" xlink:label="AmountPerShareCalled"/>
    <presentationArc xlink:type="arc" xlink:arcrole="http://www.xbrl.org/2003/arcrole/parent-child" xlink:from="DetailsOfSharesNotFullyCalledAbstract" xlink:to="AmountPerShareCalled" priority="0" order="1.0"/>
    <loc xlink:type="locator" xlink:href="../in-gaap-2012-03-31.xsd#in-gaap_ReconciliationOfNumberOfSharesOutstandingAbstract" xlink:label="ReconciliationOfNumberOfSharesOutstandingAbstract"/>
    <presentationArc xlink:type="arc" xlink:arcrole="http://www.xbrl.org/2003/arcrole/parent-child" xlink:from="DisclosureOfClassesOfShareCapitalLineItems" xlink:to="ReconciliationOfNumberOfSharesOutstandingAbstract" priority="0" order="14.0"/>
    <loc xlink:type="locator" xlink:href="../in-gaap-2012-03-31.xsd#in-gaap_ChangesInNumberOfSharesOutstandingAbstract" xlink:label="ChangesInNumberOfSharesOutstandingAbstract"/>
    <presentationArc xlink:type="arc" xlink:arcrole="http://www.xbrl.org/2003/arcrole/parent-child" xlink:from="ReconciliationOfNumberOfSharesOutstandingAbstract" xlink:to="ChangesInNumberOfSharesOutstandingAbstract" priority="0" order="2.0"/>
    <loc xlink:type="locator" xlink:href="../in-gaap-2012-03-31.xsd#in-gaap_IncreaseInNumberOfSharesOutstandingAbstract" xlink:label="IncreaseInNumberOfSharesOutstandingAbstract"/>
    <presentationArc xlink:type="arc" xlink:arcrole="http://www.xbrl.org/2003/arcrole/parent-child" xlink:from="ChangesInNumberOfSharesOutstandingAbstract" xlink:to="IncreaseInNumberOfSharesOutstandingAbstract" priority="0" order="1.0"/>
    <loc xlink:type="locator" xlink:href="../../IN-CA/in-ca-2012-03-31.xsd#in-ca_NumberOfSharesIssuedInPublicOffering" xlink:label="NumberOfSharesIssuedInPublicOffering"/>
    <presentationArc xlink:type="arc" xlink:arcrole="http://www.xbrl.org/2003/arcrole/parent-child" xlink:from="IncreaseInNumberOfSharesOutstandingAbstract" xlink:to="NumberOfSharesIssuedInPublicOffering" priority="0" order="1.0"/>
    <loc xlink:type="locator" xlink:href="../../IN-CA/in-ca-2012-03-31.xsd#in-ca_NumberOfSharesIssuedAsBonusShares" xlink:label="NumberOfSharesIssuedAsBonusShares"/>
    <presentationArc xlink:type="arc" xlink:arcrole="http://www.xbrl.org/2003/arcrole/parent-child" xlink:from="IncreaseInNumberOfSharesOutstandingAbstract" xlink:to="NumberOfSharesIssuedAsBonusShares" priority="0" order="2.0"/>
    <loc xlink:type="locator" xlink:href="../../IN-CA/in-ca-2012-03-31.xsd#in-ca_NumberOfSharesIssuedAsRights" xlink:label="NumberOfSharesIssuedAsRights"/>
    <presentationArc xlink:type="arc" xlink:arcrole="http://www.xbrl.org/2003/arcrole/parent-child" xlink:from="IncreaseInNumberOfSharesOutstandingAbstract" xlink:to="NumberOfSharesIssuedAsRights" priority="0" order="3.0"/>
    <loc xlink:type="locator" xlink:href="../../IN-CA/in-ca-2012-03-31.xsd#in-ca_NumberOfSharesIssuedInPrivatePlacement" xlink:label="NumberOfSharesIssuedInPrivatePlacement"/>
    <presentationArc xlink:type="arc" xlink:arcrole="http://www.xbrl.org/2003/arcrole/parent-child" xlink:from="IncreaseInNumberOfSharesOutstandingAbstract" xlink:to="NumberOfSharesIssuedInPrivatePlacement" priority="0" order="4.0"/>
    <loc xlink:type="locator" xlink:href="../../IN-CA/in-ca-2012-03-31.xsd#in-ca_NumberOfSharesIssuedAsPreferentialAllotment" xlink:label="NumberOfSharesIssuedAsPreferentialAllotment"/>
    <presentationArc xlink:type="arc" xlink:arcrole="http://www.xbrl.org/2003/arcrole/parent-child" xlink:from="IncreaseInNumberOfSharesOutstandingAbstract" xlink:to="NumberOfSharesIssuedAsPreferentialAllotment" priority="0" order="5.0"/>
    <loc xlink:type="locator" xlink:href="../../IN-CA/in-ca-2012-03-31.xsd#in-ca_NumberOfSharesAllottedForContractsWithoutPaymentReceivedInCash" xlink:label="NumberOfSharesAllottedForContractsWithoutPaymentReceivedInCash"/>
    <presentationArc xlink:type="arc" xlink:arcrole="http://www.xbrl.org/2003/arcrole/parent-child" xlink:from="IncreaseInNumberOfSharesOutstandingAbstract" xlink:to="NumberOfSharesAllottedForContractsWithoutPaymentReceivedInCash" priority="0" order="6.0"/>
    <loc xlink:type="locator" xlink:href="../../IN-CA/in-ca-2012-03-31.xsd#in-ca_NumberOfSharesIssuedUnderSchemeOfAmalgamation" xlink:label="NumberOfSharesIssuedUnderSchemeOfAmalgamation"/>
    <presentationArc xlink:type="arc" xlink:arcrole="http://www.xbrl.org/2003/arcrole/parent-child" xlink:from="IncreaseInNumberOfSharesOutstandingAbstract" xlink:to="NumberOfSharesIssuedUnderSchemeOfAmalgamation" priority="0" order="7.0"/>
    <loc xlink:type="locator" xlink:href="../../IN-CA/in-ca-2012-03-31.xsd#in-ca_NumberOfGlobalDepositorySharesIssuedDuringPeriod" xlink:label="NumberOfGlobalDepositorySharesIssuedDuringPeriod"/>
    <presentationArc xlink:type="arc" xlink:arcrole="http://www.xbrl.org/2003/arcrole/parent-child" xlink:from="IncreaseInNumberOfSharesOutstandingAbstract" xlink:to="NumberOfGlobalDepositorySharesIssuedDuringPeriod" priority="0" order="8.0"/>
    <loc xlink:type="locator" xlink:href="../../IN-CA/in-ca-2012-03-31.xsd#in-ca_NumberOfAmericanDepositorySharesIssuedDuringPeriod" xlink:label="NumberOfAmericanDepositorySharesIssuedDuringPeriod"/>
    <presentationArc xlink:type="arc" xlink:arcrole="http://www.xbrl.org/2003/arcrole/parent-child" xlink:from="IncreaseInNumberOfSharesOutstandingAbstract" xlink:to="NumberOfAmericanDepositorySharesIssuedDuringPeriod" priority="0" order="9.0"/>
    <loc xlink:type="locator" xlink:href="../../IN-CA/in-ca-2012-03-31.xsd#in-ca_NumberOfOtherIssuesOfShares" xlink:label="NumberOfOtherIssuesOfShares"/>
    <presentationArc xlink:type="arc" xlink:arcrole="http://www.xbrl.org/2003/arcrole/parent-child" xlink:from="IncreaseInNumberOfSharesOutstandingAbstract" xlink:to="NumberOfOtherIssuesOfShares" priority="0" order="10.0"/>
    <loc xlink:type="locator" xlink:href="../../IN-CA/in-ca-2012-03-31.xsd#in-ca_NumberOfSharesArisingOutOfConversionOfSecurities" xlink:label="NumberOfSharesArisingOutOfConversionOfSecurities"/>
    <presentationArc xlink:type="arc" xlink:arcrole="http://www.xbrl.org/2003/arcrole/parent-child" xlink:from="IncreaseInNumberOfSharesOutstandingAbstract" xlink:to="NumberOfSharesArisingOutOfConversionOfSecurities" priority="0" order="11.0"/>
    <loc xlink:type="locator" xlink:href="../in-gaap-2012-03-31.xsd#in-gaap_AggregateNumberOfSharesIssuedDuringPeriod" xlink:label="AggregateNumberOfSharesIssuedDuringPeriod"/>
    <presentationArc xlink:type="arc" xlink:arcrole="http://www.xbrl.org/2003/arcrole/parent-child" xlink:from="IncreaseInNumberOfSharesOutstandingAbstract" xlink:to="AggregateNumberOfSharesIssuedDuringPeriod" priority="0" order="12.0" preferredLabel="http://www.xbrl.org/2003/role/totalLabel"/>
    <loc xlink:type="locator" xlink:href="../in-gaap-2012-03-31.xsd#in-gaap_DecreaseInNumberOfSharesDuringPeriodAbstract" xlink:label="DecreaseInNumberOfSharesDuringPeriodAbstract"/>
    <presentationArc xlink:type="arc" xlink:arcrole="http://www.xbrl.org/2003/arcrole/parent-child" xlink:from="ChangesInNumberOfSharesOutstandingAbstract" xlink:to="DecreaseInNumberOfSharesDuringPeriodAbstract" priority="0" order="2.0"/>
    <loc xlink:type="locator" xlink:href="../../IN-CA/in-ca-2012-03-31.xsd#in-ca_NumberOfSharesRedeemed" xlink:label="NumberOfSharesRedeemed"/>
    <presentationArc xlink:type="arc" xlink:arcrole="http://www.xbrl.org/2003/arcrole/parent-child" xlink:from="DecreaseInNumberOfSharesDuringPeriodAbstract" xlink:to="NumberOfSharesRedeemed" priority="0" order="1.0"/>
    <loc xlink:type="locator" xlink:href="../../IN-CA/in-ca-2012-03-31.xsd#in-ca_NumberOfSharesBoughtBack" xlink:label="NumberOfSharesBoughtBack"/>
    <presentationArc xlink:type="arc" xlink:arcrole="http://www.xbrl.org/2003/arcrole/parent-child" xlink:from="DecreaseInNumberOfSharesDuringPeriodAbstract" xlink:to="NumberOfSharesBoughtBack" priority="0" order="2.0"/>
    <loc xlink:type="locator" xlink:href="../../IN-CA/in-ca-2012-03-31.xsd#in-ca_OtherDecreaseInNumberOfShares" xlink:label="OtherDecreaseInNumberOfShares"/>
    <presentationArc xlink:type="arc" xlink:arcrole="http://www.xbrl.org/2003/arcrole/parent-child" xlink:from="DecreaseInNumberOfSharesDuringPeriodAbstract" xlink:to="OtherDecreaseInNumberOfShares" priority="0" order="3.0"/>
    <loc xlink:type="locator" xlink:href="../in-gaap-2012-03-31.xsd#in-gaap_DecreaseInNumberOfSharesDuringPeriod" xlink:label="DecreaseInNumberOfSharesDuringPeriod"/>
    <presentationArc xlink:type="arc" xlink:arcrole="http://www.xbrl.org/2003/arcrole/parent-child" xlink:from="DecreaseInNumberOfSharesDuringPeriodAbstract" xlink:to="DecreaseInNumberOfSharesDuringPeriod" priority="0" order="4.0" preferredLabel="http://www.xbrl.org/2003/role/totalLabel"/>
    <loc xlink:type="locator" xlink:href="../in-gaap-2012-03-31.xsd#in-gaap_IncreaseDecreaseInNumberOfSharesOutstanding" xlink:label="IncreaseDecreaseInNumberOfSharesOutstanding"/>
    <presentationArc xlink:type="arc" xlink:arcrole="http://www.xbrl.org/2003/arcrole/parent-child" xlink:from="ChangesInNumberOfSharesOutstandingAbstract" xlink:to="IncreaseDecreaseInNumberOfSharesOutstanding" priority="0" order="3.0" preferredLabel="http://www.xbrl.org/2003/role/totalLabel"/>
    <loc xlink:type="locator" xlink:href="../in-gaap-2012-03-31.xsd#in-gaap_NumberOfSharesOutstanding" xlink:label="NumberOfSharesOutstanding"/>
    <presentationArc xlink:type="arc" xlink:arcrole="http://www.xbrl.org/2003/arcrole/parent-child" xlink:from="ReconciliationOfNumberOfSharesOutstandingAbstract" xlink:to="NumberOfSharesOutstanding" priority="0" order="1.0" preferredLabel="http://www.xbrl.org/2003/role/periodStartLabel"/>
    <loc xlink:type="locator" xlink:href="../in-gaap-2012-03-31.xsd#in-gaap_NumberOfSharesOutstanding" xlink:label="NumberOfSharesOutstanding_2"/>
    <presentationArc xlink:type="arc" xlink:arcrole="http://www.xbrl.org/2003/arcrole/parent-child" xlink:from="ReconciliationOfNumberOfSharesOutstandingAbstract" xlink:to="NumberOfSharesOutstanding_2" priority="0" order="3.0" preferredLabel="http://www.xbrl.org/2003/role/periodEndLabel"/>
    <loc xlink:type="locator" xlink:href="../in-gaap-2012-03-31.xsd#in-gaap_ReconciliationOfValueOfSharesOutstandingAbstract" xlink:label="ReconciliationOfValueOfSharesOutstandingAbstract"/>
    <presentationArc xlink:type="arc" xlink:arcrole="http://www.xbrl.org/2003/arcrole/parent-child" xlink:from="DisclosureOfClassesOfShareCapitalLineItems" xlink:to="ReconciliationOfValueOfSharesOutstandingAbstract" priority="0" order="15.0"/>
    <loc xlink:type="locator" xlink:href="../in-gaap-2012-03-31.xsd#in-gaap_ChangesInShareCapitalAbstract" xlink:label="ChangesInShareCapitalAbstract"/>
    <presentationArc xlink:type="arc" xlink:arcrole="http://www.xbrl.org/2003/arcrole/parent-child" xlink:from="ReconciliationOfValueOfSharesOutstandingAbstract" xlink:to="ChangesInShareCapitalAbstract" priority="0" order="2.0"/>
    <loc xlink:type="locator" xlink:href="../in-gaap-2012-03-31.xsd#in-gaap_IncreaseInShareCapitalDuringPeriodAbstract" xlink:label="IncreaseInShareCapitalDuringPeriodAbstract"/>
    <presentationArc xlink:type="arc" xlink:arcrole="http://www.xbrl.org/2003/arcrole/parent-child" xlink:from="ChangesInShareCapitalAbstract" xlink:to="IncreaseInShareCapitalDuringPeriodAbstract" priority="0" order="1.0"/>
    <loc xlink:type="locator" xlink:href="../in-gaap-2012-03-31.xsd#in-gaap_AmountOfPublicIssueDuringPeriod" xlink:label="AmountOfPublicIssueDuringPeriod"/>
    <presentationArc xlink:type="arc" xlink:arcrole="http://www.xbrl.org/2003/arcrole/parent-child" xlink:from="IncreaseInShareCapitalDuringPeriodAbstract" xlink:to="AmountOfPublicIssueDuringPeriod" priority="0" order="1.0"/>
    <loc xlink:type="locator" xlink:href="../in-gaap-2012-03-31.xsd#in-gaap_AmountOfBonusIssueDuringPeriod" xlink:label="AmountOfBonusIssueDuringPeriod"/>
    <presentationArc xlink:type="arc" xlink:arcrole="http://www.xbrl.org/2003/arcrole/parent-child" xlink:from="IncreaseInShareCapitalDuringPeriodAbstract" xlink:to="AmountOfBonusIssueDuringPeriod" priority="0" order="2.0"/>
    <loc xlink:type="locator" xlink:href="../in-gaap-2012-03-31.xsd#in-gaap_AmountOfRightsIssueDuringPeriod" xlink:label="AmountOfRightsIssueDuringPeriod"/>
    <presentationArc xlink:type="arc" xlink:arcrole="http://www.xbrl.org/2003/arcrole/parent-child" xlink:from="IncreaseInShareCapitalDuringPeriodAbstract" xlink:to="AmountOfRightsIssueDuringPeriod" priority="0" order="3.0"/>
    <loc xlink:type="locator" xlink:href="../in-gaap-2012-03-31.xsd#in-gaap_AmountOfPrivatePlacementIssueDuringPeriod" xlink:label="AmountOfPrivatePlacementIssueDuringPeriod"/>
    <presentationArc xlink:type="arc" xlink:arcrole="http://www.xbrl.org/2003/arcrole/parent-child" xlink:from="IncreaseInShareCapitalDuringPeriodAbstract" xlink:to="AmountOfPrivatePlacementIssueDuringPeriod" priority="0" order="4.0"/>
    <loc xlink:type="locator" xlink:href="../in-gaap-2012-03-31.xsd#in-gaap_AmountOfPreferentialAllotmentIssueDuringPeriod" xlink:label="AmountOfPreferentialAllotmentIssueDuringPeriod"/>
    <presentationArc xlink:type="arc" xlink:arcrole="http://www.xbrl.org/2003/arcrole/parent-child" xlink:from="IncreaseInShareCapitalDuringPeriodAbstract" xlink:to="AmountOfPreferentialAllotmentIssueDuringPeriod" priority="0" order="5.0"/>
    <loc xlink:type="locator" xlink:href="../in-gaap-2012-03-31.xsd#in-gaap_AmountOfIssueAllottedForContractsWithoutPaymentReceivedInCashDuringPeriod" xlink:label="AmountOfIssueAllottedForContractsWithoutPaymentReceivedInCashDuringPeriod"/>
    <presentationArc xlink:type="arc" xlink:arcrole="http://www.xbrl.org/2003/arcrole/parent-child" xlink:from="IncreaseInShareCapitalDuringPeriodAbstract" xlink:to="AmountOfIssueAllottedForContractsWithoutPaymentReceivedInCashDuringPeriod" priority="0" order="6.0"/>
    <loc xlink:type="locator" xlink:href="../in-gaap-2012-03-31.xsd#in-gaap_AmountOfIssueUnderSchemeOfAmalgamationDuringPeriod" xlink:label="AmountOfIssueUnderSchemeOfAmalgamationDuringPeriod"/>
    <presentationArc xlink:type="arc" xlink:arcrole="http://www.xbrl.org/2003/arcrole/parent-child" xlink:from="IncreaseInShareCapitalDuringPeriodAbstract" xlink:to="AmountOfIssueUnderSchemeOfAmalgamationDuringPeriod" priority="0" order="7.0"/>
    <loc xlink:type="locator" xlink:href="../in-gaap-2012-03-31.xsd#in-gaap_AmountOfGlobalDepositoryIssueDuringPeriod" xlink:label="AmountOfGlobalDepositoryIssueDuringPeriod"/>
    <presentationArc xlink:type="arc" xlink:arcrole="http://www.xbrl.org/2003/arcrole/parent-child" xlink:from="IncreaseInShareCapitalDuringPeriodAbstract" xlink:to="AmountOfGlobalDepositoryIssueDuringPeriod" priority="0" order="8.0"/>
    <loc xlink:type="locator" xlink:href="../in-gaap-2012-03-31.xsd#in-gaap_AmountOfAmericanDepositoryIssueDuringPeriod" xlink:label="AmountOfAmericanDepositoryIssueDuringPeriod"/>
    <presentationArc xlink:type="arc" xlink:arcrole="http://www.xbrl.org/2003/arcrole/parent-child" xlink:from="IncreaseInShareCapitalDuringPeriodAbstract" xlink:to="AmountOfAmericanDepositoryIssueDuringPeriod" priority="0" order="9.0"/>
    <loc xlink:type="locator" xlink:href="../in-gaap-2012-03-31.xsd#in-gaap_AmountOfOtherIssuesDuringPeriod" xlink:label="AmountOfOtherIssuesDuringPeriod"/>
    <presentationArc xlink:type="arc" xlink:arcrole="http://www.xbrl.org/2003/arcrole/parent-child" xlink:from="IncreaseInShareCapitalDuringPeriodAbstract" xlink:to="AmountOfOtherIssuesDuringPeriod" priority="0" order="10.0"/>
    <loc xlink:type="locator" xlink:href="../in-gaap-2012-03-31.xsd#in-gaap_AmountOfIssueArisingOutOfConversionOfSecuritiesDuringPeriod" xlink:label="AmountOfIssueArisingOutOfConversionOfSecuritiesDuringPeriod"/>
    <presentationArc xlink:type="arc" xlink:arcrole="http://www.xbrl.org/2003/arcrole/parent-child" xlink:from="IncreaseInShareCapitalDuringPeriodAbstract" xlink:to="AmountOfIssueArisingOutOfConversionOfSecuritiesDuringPeriod" priority="0" order="11.0"/>
    <loc xlink:type="locator" xlink:href="../in-gaap-2012-03-31.xsd#in-gaap_AggregateAmountOfIncreaseInShareCapitalDuringPeriod" xlink:label="AggregateAmountOfIncreaseInShareCapitalDuringPeriod"/>
    <presentationArc xlink:type="arc" xlink:arcrole="http://www.xbrl.org/2003/arcrole/parent-child" xlink:from="IncreaseInShareCapitalDuringPeriodAbstract" xlink:to="AggregateAmountOfIncreaseInShareCapitalDuringPeriod" priority="0" order="12.0" preferredLabel="http://www.xbrl.org/2003/role/totalLabel"/>
    <loc xlink:type="locator" xlink:href="../in-gaap-2012-03-31.xsd#in-gaap_DecreaseInShareCapitalDuringPeriodAbstract" xlink:label="DecreaseInShareCapitalDuringPeriodAbstract"/>
    <presentationArc xlink:type="arc" xlink:arcrole="http://www.xbrl.org/2003/arcrole/parent-child" xlink:from="ChangesInShareCapitalAbstract" xlink:to="DecreaseInShareCapitalDuringPeriodAbstract" priority="0" order="2.0"/>
    <loc xlink:type="locator" xlink:href="../in-gaap-2012-03-31.xsd#in-gaap_DecreaseInAmountOfSharesRedeemed" xlink:label="DecreaseInAmountOfSharesRedeemed"/>
    <presentationArc xlink:type="arc" xlink:arcrole="http://www.xbrl.org/2003/arcrole/parent-child" xlink:from="DecreaseInShareCapitalDuringPeriodAbstract" xlink:to="DecreaseInAmountOfSharesRedeemed" priority="0" order="1.0"/>
    <loc xlink:type="locator" xlink:href="../in-gaap-2012-03-31.xsd#in-gaap_DecreaseInAmountOfSharesBoughtBack" xlink:label="DecreaseInAmountOfSharesBoughtBack"/>
    <presentationArc xlink:type="arc" xlink:arcrole="http://www.xbrl.org/2003/arcrole/parent-child" xlink:from="DecreaseInShareCapitalDuringPeriodAbstract" xlink:to="DecreaseInAmountOfSharesBoughtBack" priority="0" order="2.0"/>
    <loc xlink:type="locator" xlink:href="../in-gaap-2012-03-31.xsd#in-gaap_OtherDecreaseInAmountOfShares" xlink:label="OtherDecreaseInAmountOfShares"/>
    <presentationArc xlink:type="arc" xlink:arcrole="http://www.xbrl.org/2003/arcrole/parent-child" xlink:from="DecreaseInShareCapitalDuringPeriodAbstract" xlink:to="OtherDecreaseInAmountOfShares" priority="0" order="3.0"/>
    <loc xlink:type="locator" xlink:href="../in-gaap-2012-03-31.xsd#in-gaap_DecreaseInShareCapitalDuringPeriod" xlink:label="DecreaseInShareCapitalDuringPeriod"/>
    <presentationArc xlink:type="arc" xlink:arcrole="http://www.xbrl.org/2003/arcrole/parent-child" xlink:from="DecreaseInShareCapitalDuringPeriodAbstract" xlink:to="DecreaseInShareCapitalDuringPeriod" priority="0" order="4.0" preferredLabel="http://www.xbrl.org/2003/role/totalLabel"/>
    <loc xlink:type="locator" xlink:href="../in-gaap-2012-03-31.xsd#in-gaap_IncreaseDecreaseInShareCapital" xlink:label="IncreaseDecreaseInShareCapital"/>
    <presentationArc xlink:type="arc" xlink:arcrole="http://www.xbrl.org/2003/arcrole/parent-child" xlink:from="ChangesInShareCapitalAbstract" xlink:to="IncreaseDecreaseInShareCapital" priority="0" order="3.0" preferredLabel="http://www.xbrl.org/2003/role/totalLabel"/>
    <loc xlink:type="locator" xlink:href="../in-gaap-2012-03-31.xsd#in-gaap_ShareCapital" xlink:label="ShareCapital"/>
    <presentationArc xlink:type="arc" xlink:arcrole="http://www.xbrl.org/2003/arcrole/parent-child" xlink:from="ReconciliationOfValueOfSharesOutstandingAbstract" xlink:to="ShareCapital" priority="0" order="1.0" preferredLabel="http://www.xbrl.org/2003/role/periodStartLabel"/>
    <loc xlink:type="locator" xlink:href="../in-gaap-2012-03-31.xsd#in-gaap_ShareCapital" xlink:label="ShareCapital_2"/>
    <presentationArc xlink:type="arc" xlink:arcrole="http://www.xbrl.org/2003/arcrole/parent-child" xlink:from="ReconciliationOfValueOfSharesOutstandingAbstract" xlink:to="ShareCapital_2" priority="0" order="3.0" preferredLabel="http://www.xbrl.org/2003/role/periodEndLabel"/>
    <loc xlink:type="locator" xlink:href="../in-gaap-2012-03-31.xsd#in-gaap_RightsPreferencesAndRestrictionsAttachingToClassOfShareCapital" xlink:label="RightsPreferencesAndRestrictionsAttachingToClassOfShareCapital"/>
    <presentationArc xlink:type="arc" xlink:arcrole="http://www.xbrl.org/2003/arcrole/parent-child" xlink:from="DisclosureOfClassesOfShareCapitalLineItems" xlink:to="RightsPreferencesAndRestrictionsAttachingToClassOfShareCapital" priority="0" order="16.0"/>
    <loc xlink:type="locator" xlink:href="../in-gaap-2012-03-31.xsd#in-gaap_SharesInCompanyHeldByHoldingCompanyOrUltimateHoldingCompanyOrByItsSubsidiariesOrAssociatesAbstract" xlink:label="SharesInCompanyHeldByHoldingCompanyOrUltimateHoldingCompanyOrByItsSubsidiariesOrAssociatesAbstract"/>
    <presentationArc xlink:type="arc" xlink:arcrole="http://www.xbrl.org/2003/arcrole/parent-child" xlink:from="DisclosureOfClassesOfShareCapitalLineItems" xlink:to="SharesInCompanyHeldByHoldingCompanyOrUltimateHoldingCompanyOrByItsSubsidiariesOrAssociatesAbstract" priority="0" order="17.0"/>
    <loc xlink:type="locator" xlink:href="../in-gaap-2012-03-31.xsd#in-gaap_SharesInCompanyHeldByHoldingCompany" xlink:label="SharesInCompanyHeldByHoldingCompany"/>
    <presentationArc xlink:type="arc" xlink:arcrole="http://www.xbrl.org/2003/arcrole/parent-child" xlink:from="SharesInCompanyHeldByHoldingCompanyOrUltimateHoldingCompanyOrByItsSubsidiariesOrAssociatesAbstract" xlink:to="SharesInCompanyHeldByHoldingCompany" priority="0" order="1.0"/>
    <loc xlink:type="locator" xlink:href="../in-gaap-2012-03-31.xsd#in-gaap_SharesInCompanyHeldByUltimateHoldingCompany" xlink:label="SharesInCompanyHeldByUltimateHoldingCompany"/>
    <presentationArc xlink:type="arc" xlink:arcrole="http://www.xbrl.org/2003/arcrole/parent-child" xlink:from="SharesInCompanyHeldByHoldingCompanyOrUltimateHoldingCompanyOrByItsSubsidiariesOrAssociatesAbstract" xlink:to="SharesInCompanyHeldByUltimateHoldingCompany" priority="0" order="2.0"/>
    <loc xlink:type="locator" xlink:href="../in-gaap-2012-03-31.xsd#in-gaap_SharesInCompanyHeldBySubsidiariesOfItsHoldingCompany" xlink:label="SharesInCompanyHeldBySubsidiariesOfItsHoldingCompany"/>
    <presentationArc xlink:type="arc" xlink:arcrole="http://www.xbrl.org/2003/arcrole/parent-child" xlink:from="SharesInCompanyHeldByHoldingCompanyOrUltimateHoldingCompanyOrByItsSubsidiariesOrAssociatesAbstract" xlink:to="SharesInCompanyHeldBySubsidiariesOfItsHoldingCompany" priority="0" order="3.0"/>
    <loc xlink:type="locator" xlink:href="../in-gaap-2012-03-31.xsd#in-gaap_SharesInCompanyHeldBySubsidiariesOfItsUltimateHoldingCompany" xlink:label="SharesInCompanyHeldBySubsidiariesOfItsUltimateHoldingCompany"/>
    <presentationArc xlink:type="arc" xlink:arcrole="http://www.xbrl.org/2003/arcrole/parent-child" xlink:from="SharesInCompanyHeldByHoldingCompanyOrUltimateHoldingCompanyOrByItsSubsidiariesOrAssociatesAbstract" xlink:to="SharesInCompanyHeldBySubsidiariesOfItsUltimateHoldingCompany" priority="0" order="4.0"/>
    <loc xlink:type="locator" xlink:href="../in-gaap-2012-03-31.xsd#in-gaap_SharesInCompanyHeldByAssociatesOfItsHoldingCompany" xlink:label="SharesInCompanyHeldByAssociatesOfItsHoldingCompany"/>
    <presentationArc xlink:type="arc" xlink:arcrole="http://www.xbrl.org/2003/arcrole/parent-child" xlink:from="SharesInCompanyHeldByHoldingCompanyOrUltimateHoldingCompanyOrByItsSubsidiariesOrAssociatesAbstract" xlink:to="SharesInCompanyHeldByAssociatesOfItsHoldingCompany" priority="0" order="5.0"/>
    <loc xlink:type="locator" xlink:href="../in-gaap-2012-03-31.xsd#in-gaap_SharesInCompanyHeldByAssociatesOfItsUltimateHoldingCompany" xlink:label="SharesInCompanyHeldByAssociatesOfItsUltimateHoldingCompany"/>
    <presentationArc xlink:type="arc" xlink:arcrole="http://www.xbrl.org/2003/arcrole/parent-child" xlink:from="SharesInCompanyHeldByHoldingCompanyOrUltimateHoldingCompanyOrByItsSubsidiariesOrAssociatesAbstract" xlink:to="SharesInCompanyHeldByAssociatesOfItsUltimateHoldingCompany" priority="0" order="6.0"/>
    <loc xlink:type="locator" xlink:href="../in-gaap-2012-03-31.xsd#in-gaap_SharesInCompanyHeldByHoldingCompanyOrUltimateHoldingCompanyOrByItsSubsidiariesOrAssociates" xlink:label="SharesInCompanyHeldByHoldingCompanyOrUltimateHoldingCompanyOrByItsSubsidiariesOrAssociates"/>
    <presentationArc xlink:type="arc" xlink:arcrole="http://www.xbrl.org/2003/arcrole/parent-child" xlink:from="SharesInCompanyHeldByHoldingCompanyOrUltimateHoldingCompanyOrByItsSubsidiariesOrAssociatesAbstract" xlink:to="SharesInCompanyHeldByHoldingCompanyOrUltimateHoldingCompanyOrByItsSubsidiariesOrAssociates" priority="0" order="7.0" preferredLabel="http://www.xbrl.org/2003/role/totalLabel"/>
    <loc xlink:type="locator" xlink:href="../in-gaap-2012-03-31.xsd#in-gaap_SharesReservedForIssueUnderOptionsAndContractsOrCommitmentsForSaleOfSharesOrDisinvestment" xlink:label="SharesReservedForIssueUnderOptionsAndContractsOrCommitmentsForSaleOfSharesOrDisinvestment"/>
    <presentationArc xlink:type="arc" xlink:arcrole="http://www.xbrl.org/2003/arcrole/parent-child" xlink:from="DisclosureOfClassesOfShareCapitalLineItems" xlink:to="SharesReservedForIssueUnderOptionsAndContractsOrCommitmentsForSaleOfSharesOrDisinvestment" priority="0" order="18.0"/>
    <loc xlink:type="locator" xlink:href="../in-gaap-2012-03-31.xsd#in-gaap_AmountOfSharesReservedForIssueUnderOptionsAndContractsOrCommitmentsForSaleOfSharesOrDisinvestment" xlink:label="AmountOfSharesReservedForIssueUnderOptionsAndContractsOrCommitmentsForSaleOfSharesOrDisinvestment"/>
    <presentationArc xlink:type="arc" xlink:arcrole="http://www.xbrl.org/2003/arcrole/parent-child" xlink:from="DisclosureOfClassesOfShareCapitalLineItems" xlink:to="AmountOfSharesReservedForIssueUnderOptionsAndContractsOrCommitmentsForSaleOfSharesOrDisinvestment" priority="0" order="19.0"/>
    <loc xlink:type="locator" xlink:href="../in-gaap-2012-03-31.xsd#in-gaap_DescriptionOfTermsOfSharesReservedForIssueUnderOptionsAndContractsOrCommitmentsForSaleOfSharesOrDisinvestment" xlink:label="DescriptionOfTermsOfSharesReservedForIssueUnderOptionsAndContractsOrCommitmentsForSaleOfSharesOrDisinvestment"/>
    <presentationArc xlink:type="arc" xlink:arcrole="http://www.xbrl.org/2003/arcrole/parent-child" xlink:from="DisclosureOfClassesOfShareCapitalLineItems" xlink:to="DescriptionOfTermsOfSharesReservedForIssueUnderOptionsAndContractsOrCommitmentsForSaleOfSharesOrDisinvestment" priority="0" order="20.0"/>
    <loc xlink:type="locator" xlink:href="../in-gaap-2012-03-31.xsd#in-gaap_AggregateNumberOfFullyPaidUpSharesIssuedPursuantToContractsWithoutPaymentBeingReceivedInCash" xlink:label="AggregateNumberOfFullyPaidUpSharesIssuedPursuantToContractsWithoutPaymentBeingReceivedInCash"/>
    <presentationArc xlink:type="arc" xlink:arcrole="http://www.xbrl.org/2003/arcrole/parent-child" xlink:from="DisclosureOfClassesOfShareCapitalLineItems" xlink:to="AggregateNumberOfFullyPaidUpSharesIssuedPursuantToContractsWithoutPaymentBeingReceivedInCash" priority="0" order="21.0"/>
    <loc xlink:type="locator" xlink:href="../in-gaap-2012-03-31.xsd#in-gaap_AggregateNumberOfFullyPaidUpSharesIssuedByWayOfBonusShares" xlink:label="AggregateNumberOfFullyPaidUpSharesIssuedByWayOfBonusShares"/>
    <presentationArc xlink:type="arc" xlink:arcrole="http://www.xbrl.org/2003/arcrole/parent-child" xlink:from="DisclosureOfClassesOfShareCapitalLineItems" xlink:to="AggregateNumberOfFullyPaidUpSharesIssuedByWayOfBonusShares" priority="0" order="22.0"/>
    <loc xlink:type="locator" xlink:href="../in-gaap-2012-03-31.xsd#in-gaap_AggregateNumberOfSharesBoughtBack" xlink:label="AggregateNumberOfSharesBoughtBack"/>
    <presentationArc xlink:type="arc" xlink:arcrole="http://www.xbrl.org/2003/arcrole/parent-child" xlink:from="DisclosureOfClassesOfShareCapitalLineItems" xlink:to="AggregateNumberOfSharesBoughtBack" priority="0" order="23.0"/>
    <loc xlink:type="locator" xlink:href="../in-gaap-2012-03-31.xsd#in-gaap_ValueOfCallsUnpaidAbstract" xlink:label="ValueOfCallsUnpaidAbstract"/>
    <presentationArc xlink:type="arc" xlink:arcrole="http://www.xbrl.org/2003/arcrole/parent-child" xlink:from="DisclosureOfClassesOfShareCapitalLineItems" xlink:to="ValueOfCallsUnpaidAbstract" priority="0" order="24.0"/>
    <loc xlink:type="locator" xlink:href="../in-gaap-2012-03-31.xsd#in-gaap_ValueOfCallsUnpaidOthers" xlink:label="ValueOfCallsUnpaidOthers"/>
    <presentationArc xlink:type="arc" xlink:arcrole="http://www.xbrl.org/2003/arcrole/parent-child" xlink:from="ValueOfCallsUnpaidAbstract" xlink:to="ValueOfCallsUnpaidOthers" priority="0" order="1.0"/>
    <loc xlink:type="locator" xlink:href="../in-gaap-2012-03-31.xsd#in-gaap_ValueOfCallsUnpaidByDirectorsAndOfficersAbstract" xlink:label="ValueOfCallsUnpaidByDirectorsAndOfficersAbstract"/>
    <presentationArc xlink:type="arc" xlink:arcrole="http://www.xbrl.org/2003/arcrole/parent-child" xlink:from="ValueOfCallsUnpaidAbstract" xlink:to="ValueOfCallsUnpaidByDirectorsAndOfficersAbstract" priority="0" order="2.0"/>
    <loc xlink:type="locator" xlink:href="../in-gaap-2012-03-31.xsd#in-gaap_ValueOfCallsUnpaidByDirectors" xlink:label="ValueOfCallsUnpaidByDirectors"/>
    <presentationArc xlink:type="arc" xlink:arcrole="http://www.xbrl.org/2003/arcrole/parent-child" xlink:from="ValueOfCallsUnpaidByDirectorsAndOfficersAbstract" xlink:to="ValueOfCallsUnpaidByDirectors" priority="0" order="1.0"/>
    <loc xlink:type="locator" xlink:href="../in-gaap-2012-03-31.xsd#in-gaap_ValueOfCallsUnpaidByOfficers" xlink:label="ValueOfCallsUnpaidByOfficers"/>
    <presentationArc xlink:type="arc" xlink:arcrole="http://www.xbrl.org/2003/arcrole/parent-child" xlink:from="ValueOfCallsUnpaidByDirectorsAndOfficersAbstract" xlink:to="ValueOfCallsUnpaidByOfficers" priority="0" order="2.0"/>
    <loc xlink:type="locator" xlink:href="../in-gaap-2012-03-31.xsd#in-gaap_ValueOfCallsUnpaidByDirectorsAndOfficers" xlink:label="ValueOfCallsUnpaidByDirectorsAndOfficers"/>
    <presentationArc xlink:type="arc" xlink:arcrole="http://www.xbrl.org/2003/arcrole/parent-child" xlink:from="ValueOfCallsUnpaidByDirectorsAndOfficersAbstract" xlink:to="ValueOfCallsUnpaidByDirectorsAndOfficers" priority="0" order="3.0" preferredLabel="http://www.xbrl.org/2003/role/totalLabel"/>
    <loc xlink:type="locator" xlink:href="../in-gaap-2012-03-31.xsd#in-gaap_ValueOfCallsUnpaid" xlink:label="ValueOfCallsUnpaid"/>
    <presentationArc xlink:type="arc" xlink:arcrole="http://www.xbrl.org/2003/arcrole/parent-child" xlink:from="ValueOfCallsUnpaidAbstract" xlink:to="ValueOfCallsUnpaid" priority="0" order="3.0" preferredLabel="http://www.xbrl.org/2003/role/totalLabel"/>
    <loc xlink:type="locator" xlink:href="../in-gaap-2012-03-31.xsd#in-gaap_OriginalPaidUpValueOfForfeitedShares" xlink:label="OriginalPaidUpValueOfForfeitedShares"/>
    <presentationArc xlink:type="arc" xlink:arcrole="http://www.xbrl.org/2003/arcrole/parent-child" xlink:from="DisclosureOfClassesOfShareCapitalLineItems" xlink:to="OriginalPaidUpValueOfForfeitedShares" priority="0" order="25.0"/>
    <loc xlink:type="locator" xlink:href="../in-gaap-2012-03-31.xsd#in-gaap_TermsOfSecuritiesConvertibleIntoEquityPreferenceSharesIssuedAlongWithEarliestDateOfConversionInDescendingOrderStartingFromFarthestSuchDateTextBlock" xlink:label="TermsOfSecuritiesConvertibleIntoEquityPreferenceSharesIssuedAlongWithEarliestDateOfConversionInDescendingOrderStartingFromFarthestSuchDateTextBlock"/>
    <presentationArc xlink:type="arc" xlink:arcrole="http://www.xbrl.org/2003/arcrole/parent-child" xlink:from="DisclosureOfClassesOfShareCapitalLineItems" xlink:to="TermsOfSecuritiesConvertibleIntoEquityPreferenceSharesIssuedAlongWithEarliestDateOfConversionInDescendingOrderStartingFromFarthestSuchDateTextBlock" priority="0" order="26.0"/>
    <loc xlink:type="locator" xlink:href="../in-gaap-2012-03-31.xsd#in-gaap_DetailsOfApplicationMoneyReceivedForAllotmentOfSecuritiesAndDueForRefundAndInterestAccruedThereonAbstract" xlink:label="DetailsOfApplicationMoneyReceivedForAllotmentOfSecuritiesAndDueForRefundAndInterestAccruedThereonAbstract"/>
    <presentationArc xlink:type="arc" xlink:arcrole="http://www.xbrl.org/2003/arcrole/parent-child" xlink:from="DisclosureOfClassesOfShareCapitalLineItems" xlink:to="DetailsOfApplicationMoneyReceivedForAllotmentOfSecuritiesAndDueForRefundAndInterestAccruedThereonAbstract" priority="0" order="27.0"/>
    <loc xlink:type="locator" xlink:href="../in-gaap-2012-03-31.xsd#in-gaap_ApplicationMoneyReceivedForAllotmentOfSecuritiesAndDueForRefundAndInterestAccruedThereonAbstract" xlink:label="ApplicationMoneyReceivedForAllotmentOfSecuritiesAndDueForRefundAndInterestAccruedThereonAbstract"/>
    <presentationArc xlink:type="arc" xlink:arcrole="http://www.xbrl.org/2003/arcrole/parent-child" xlink:from="DetailsOfApplicationMoneyReceivedForAllotmentOfSecuritiesAndDueForRefundAndInterestAccruedThereonAbstract" xlink:to="ApplicationMoneyReceivedForAllotmentOfSecuritiesAndDueForRefundAndInterestAccruedThereonAbstract" priority="0" order="1.0"/>
    <loc xlink:type="locator" xlink:href="../in-gaap-2012-03-31.xsd#in-gaap_ApplicationMoneyReceivedForAllotmentOfSecuritiesAndDueForRefundPrincipal" xlink:label="ApplicationMoneyReceivedForAllotmentOfSecuritiesAndDueForRefundPrincipal"/>
    <presentationArc xlink:type="arc" xlink:arcrole="http://www.xbrl.org/2003/arcrole/parent-child" xlink:from="ApplicationMoneyReceivedForAllotmentOfSecuritiesAndDueForRefundAndInterestAccruedThereonAbstract" xlink:to="ApplicationMoneyReceivedForAllotmentOfSecuritiesAndDueForRefundPrincipal" priority="0" order="1.0"/>
    <loc xlink:type="locator" xlink:href="../in-gaap-2012-03-31.xsd#in-gaap_ApplicationMoneyReceivedForAllotmentOfSecuritiesAndDueForRefundInterestAccrued" xlink:label="ApplicationMoneyReceivedForAllotmentOfSecuritiesAndDueForRefundInterestAccrued"/>
    <presentationArc xlink:type="arc" xlink:arcrole="http://www.xbrl.org/2003/arcrole/parent-child" xlink:from="ApplicationMoneyReceivedForAllotmentOfSecuritiesAndDueForRefundAndInterestAccruedThereonAbstract" xlink:to="ApplicationMoneyReceivedForAllotmentOfSecuritiesAndDueForRefundInterestAccrued" priority="0" order="2.0"/>
    <loc xlink:type="locator" xlink:href="../in-gaap-2012-03-31.xsd#in-gaap_ApplicationMoneyReceivedForAllotmentOfSecuritiesAndDueForRefundAndInterestAccruedThereon" xlink:label="ApplicationMoneyReceivedForAllotmentOfSecuritiesAndDueForRefundAndInterestAccruedThereon"/>
    <presentationArc xlink:type="arc" xlink:arcrole="http://www.xbrl.org/2003/arcrole/parent-child" xlink:from="ApplicationMoneyReceivedForAllotmentOfSecuritiesAndDueForRefundAndInterestAccruedThereonAbstract" xlink:to="ApplicationMoneyReceivedForAllotmentOfSecuritiesAndDueForRefundAndInterestAccruedThereon" priority="0" order="3.0" preferredLabel="http://www.xbrl.org/2003/role/totalLabel"/>
    <loc xlink:type="locator" xlink:href="../in-gaap-2012-03-31.xsd#in-gaap_TermsAndConditionsOfSharesPendingAllotment" xlink:label="TermsAndConditionsOfSharesPendingAllotment"/>
    <presentationArc xlink:type="arc" xlink:arcrole="http://www.xbrl.org/2003/arcrole/parent-child" xlink:from="DetailsOfApplicationMoneyReceivedForAllotmentOfSecuritiesAndDueForRefundAndInterestAccruedThereonAbstract" xlink:to="TermsAndConditionsOfSharesPendingAllotment" priority="0" order="2.0"/>
    <loc xlink:type="locator" xlink:href="../in-gaap-2012-03-31.xsd#in-gaap_NumberOfSharesProposedToBeIssued" xlink:label="NumberOfSharesProposedToBeIssued"/>
    <presentationArc xlink:type="arc" xlink:arcrole="http://www.xbrl.org/2003/arcrole/parent-child" xlink:from="DetailsOfApplicationMoneyReceivedForAllotmentOfSecuritiesAndDueForRefundAndInterestAccruedThereonAbstract" xlink:to="NumberOfSharesProposedToBeIssued" priority="0" order="3.0"/>
    <loc xlink:type="locator" xlink:href="../in-gaap-2012-03-31.xsd#in-gaap_PeriodBeforeWhichSharesAreToBeAllotted" xlink:label="PeriodBeforeWhichSharesAreToBeAllotted"/>
    <presentationArc xlink:type="arc" xlink:arcrole="http://www.xbrl.org/2003/arcrole/parent-child" xlink:from="DetailsOfApplicationMoneyReceivedForAllotmentOfSecuritiesAndDueForRefundAndInterestAccruedThereonAbstract" xlink:to="PeriodBeforeWhichSharesAreToBeAllotted" priority="0" order="4.0"/>
    <loc xlink:type="locator" xlink:href="../in-gaap-2012-03-31.xsd#in-gaap_SharePremiumForSharesToBeAllotted" xlink:label="SharePremiumForSharesToBeAllotted"/>
    <presentationArc xlink:type="arc" xlink:arcrole="http://www.xbrl.org/2003/arcrole/parent-child" xlink:from="DetailsOfApplicationMoneyReceivedForAllotmentOfSecuritiesAndDueForRefundAndInterestAccruedThereonAbstract" xlink:to="SharePremiumForSharesToBeAllotted" priority="0" order="5.0"/>
    <loc xlink:type="locator" xlink:href="../in-gaap-2012-03-31.xsd#in-gaap_DescriptionOfWhetherCompanyHaveSufficientAuthorisedCapitalToCoverProposedShareCapitalAmountResultingFromAllotment" xlink:label="DescriptionOfWhetherCompanyHaveSufficientAuthorisedCapitalToCoverProposedShareCapitalAmountResultingFromAllotment"/>
    <presentationArc xlink:type="arc" xlink:arcrole="http://www.xbrl.org/2003/arcrole/parent-child" xlink:from="DetailsOfApplicationMoneyReceivedForAllotmentOfSecuritiesAndDueForRefundAndInterestAccruedThereonAbstract" xlink:to="DescriptionOfWhetherCompanyHaveSufficientAuthorisedCapitalToCoverProposedShareCapitalAmountResultingFromAllotment" priority="0" order="6.0"/>
    <loc xlink:type="locator" xlink:href="../in-gaap-2012-03-31.xsd#in-gaap_OverDuePeriodForWhichApplicationMoneyIsPendingPriorToAllotmentOfShares" xlink:label="OverDuePeriodForWhichApplicationMoneyIsPendingPriorToAllotmentOfShares"/>
    <presentationArc xlink:type="arc" xlink:arcrole="http://www.xbrl.org/2003/arcrole/parent-child" xlink:from="DetailsOfApplicationMoneyReceivedForAllotmentOfSecuritiesAndDueForRefundAndInterestAccruedThereonAbstract" xlink:to="OverDuePeriodForWhichApplicationMoneyIsPendingPriorToAllotmentOfShares" priority="0" order="7.0"/>
    <loc xlink:type="locator" xlink:href="../in-gaap-2012-03-31.xsd#in-gaap_ReasonForOverDuePeriodForWhichApplicationMoneyIsPendingPriorToAllotmentOfShares" xlink:label="ReasonForOverDuePeriodForWhichApplicationMoneyIsPendingPriorToAllotmentOfShares"/>
    <presentationArc xlink:type="arc" xlink:arcrole="http://www.xbrl.org/2003/arcrole/parent-child" xlink:from="DetailsOfApplicationMoneyReceivedForAllotmentOfSecuritiesAndDueForRefundAndInterestAccruedThereonAbstract" xlink:to="ReasonForOverDuePeriodForWhichApplicationMoneyIsPendingPriorToAllotmentOfShares" priority="0" order="8.0"/>
    <loc xlink:type="locator" xlink:href="../in-gaap-2012-03-31.xsd#in-gaap_DetailsOfPreferenceShareCapitalDueForRedemptionUnderSection80AButNotYetRedeemed" xlink:label="DetailsOfPreferenceShareCapitalDueForRedemptionUnderSection80AButNotYetRedeemed"/>
    <presentationArc xlink:type="arc" xlink:arcrole="http://www.xbrl.org/2003/arcrole/parent-child" xlink:from="DisclosureOfClassesOfShareCapitalLineItems" xlink:to="DetailsOfPreferenceShareCapitalDueForRedemptionUnderSection80AButNotYetRedeemed" priority="0" order="28.0"/>
    <loc xlink:type="locator" xlink:href="../../IN-CA/in-ca-2012-03-31.xsd#in-ca_RedemptionOfPreferenceSharesExplanatoryTextBlock" xlink:label="RedemptionOfPreferenceSharesExplanatoryTextBlock"/>
    <presentationArc xlink:type="arc" xlink:arcrole="http://www.xbrl.org/2003/arcrole/parent-child" xlink:from="DisclosureOfClassesOfShareCapitalAbstract" xlink:to="RedemptionOfPreferenceSharesExplanatoryTextBlock" priority="0" order="3.0"/>
    <loc xlink:type="locator" xlink:href="../in-gaap-2012-03-31.xsd#in-gaap_DisclosureOfShareholdingMoreThanFivePerCentInCompanyAbstract" xlink:label="DisclosureOfShareholdingMoreThanFivePerCentInCompanyAbstract"/>
    <presentationArc xlink:type="arc" xlink:arcrole="http://www.xbrl.org/2003/arcrole/parent-child" xlink:from="DisclosureOfNotesOnShareCapitalExplanatoryTextBlock" xlink:to="DisclosureOfShareholdingMoreThanFivePerCentInCompanyAbstract" priority="0" order="2.0"/>
    <loc xlink:type="locator" xlink:href="../in-gaap-2012-03-31.xsd#in-gaap_DisclosureOfShareholdingMoreThanFivePerCentInCompanyTable" xlink:label="DisclosureOfShareholdingMoreThanFivePerCentInCompanyTable"/>
    <presentationArc xlink:type="arc" xlink:arcrole="http://www.xbrl.org/2003/arcrole/parent-child" xlink:from="DisclosureOfShareholdingMoreThanFivePerCentInCompanyAbstract" xlink:to="DisclosureOfShareholdingMoreThanFivePerCentInCompanyTable" priority="0" order="1.0"/>
    <loc xlink:type="locator" xlink:href="../in-gaap-2012-03-31.xsd#in-gaap_ClassesOfShareCapitalAxis" xlink:label="ClassesOfShareCapitalAxis_2"/>
    <presentationArc xlink:type="arc" xlink:arcrole="http://www.xbrl.org/2003/arcrole/parent-child" xlink:from="DisclosureOfShareholdingMoreThanFivePerCentInCompanyTable" xlink:to="ClassesOfShareCapitalAxis_2" priority="0" order="1.0"/>
    <loc xlink:type="locator" xlink:href="../in-gaap-2012-03-31.xsd#in-gaap_NameOfShareholderAxis" xlink:label="NameOfShareholderAxis"/>
    <presentationArc xlink:type="arc" xlink:arcrole="http://www.xbrl.org/2003/arcrole/parent-child" xlink:from="DisclosureOfShareholdingMoreThanFivePerCentInCompanyTable" xlink:to="NameOfShareholderAxis" priority="0" order="2.0"/>
    <loc xlink:type="locator" xlink:href="../in-gaap-2012-03-31.xsd#in-gaap_NameOfShareholderMember" xlink:label="NameOfShareholderMember"/>
    <presentationArc xlink:type="arc" xlink:arcrole="http://www.xbrl.org/2003/arcrole/parent-child" xlink:from="NameOfShareholderAxis" xlink:to="NameOfShareholderMember" priority="0" order="1.0"/>
    <loc xlink:type="locator" xlink:href="../in-gaap-2012-03-31.xsd#in-gaap_Shareholder1Member" xlink:label="Shareholder1Member"/>
    <presentationArc xlink:type="arc" xlink:arcrole="http://www.xbrl.org/2003/arcrole/parent-child" xlink:from="NameOfShareholderMember" xlink:to="Shareholder1Member" priority="0" order="1.0"/>
    <loc xlink:type="locator" xlink:href="../in-gaap-2012-03-31.xsd#in-gaap_Shareholder2Member" xlink:label="Shareholder2Member"/>
    <presentationArc xlink:type="arc" xlink:arcrole="http://www.xbrl.org/2003/arcrole/parent-child" xlink:from="NameOfShareholderMember" xlink:to="Shareholder2Member" priority="0" order="2.0"/>
    <loc xlink:type="locator" xlink:href="../in-gaap-2012-03-31.xsd#in-gaap_Shareholder3Member" xlink:label="Shareholder3Member"/>
    <presentationArc xlink:type="arc" xlink:arcrole="http://www.xbrl.org/2003/arcrole/parent-child" xlink:from="NameOfShareholderMember" xlink:to="Shareholder3Member" priority="0" order="3.0"/>
    <loc xlink:type="locator" xlink:href="../in-gaap-2012-03-31.xsd#in-gaap_Shareholder4Member" xlink:label="Shareholder4Member"/>
    <presentationArc xlink:type="arc" xlink:arcrole="http://www.xbrl.org/2003/arcrole/parent-child" xlink:from="NameOfShareholderMember" xlink:to="Shareholder4Member" priority="0" order="4.0"/>
    <loc xlink:type="locator" xlink:href="../in-gaap-2012-03-31.xsd#in-gaap_Shareholder5Member" xlink:label="Shareholder5Member"/>
    <presentationArc xlink:type="arc" xlink:arcrole="http://www.xbrl.org/2003/arcrole/parent-child" xlink:from="NameOfShareholderMember" xlink:to="Shareholder5Member" priority="0" order="5.0"/>
    <loc xlink:type="locator" xlink:href="../in-gaap-2012-03-31.xsd#in-gaap_Shareholder6Member" xlink:label="Shareholder6Member"/>
    <presentationArc xlink:type="arc" xlink:arcrole="http://www.xbrl.org/2003/arcrole/parent-child" xlink:from="NameOfShareholderMember" xlink:to="Shareholder6Member" priority="0" order="6.0"/>
    <loc xlink:type="locator" xlink:href="../in-gaap-2012-03-31.xsd#in-gaap_Shareholder7Member" xlink:label="Shareholder7Member"/>
    <presentationArc xlink:type="arc" xlink:arcrole="http://www.xbrl.org/2003/arcrole/parent-child" xlink:from="NameOfShareholderMember" xlink:to="Shareholder7Member" priority="0" order="7.0"/>
    <loc xlink:type="locator" xlink:href="../in-gaap-2012-03-31.xsd#in-gaap_Shareholder8Member" xlink:label="Shareholder8Member"/>
    <presentationArc xlink:type="arc" xlink:arcrole="http://www.xbrl.org/2003/arcrole/parent-child" xlink:from="NameOfShareholderMember" xlink:to="Shareholder8Member" priority="0" order="8.0"/>
    <loc xlink:type="locator" xlink:href="../in-gaap-2012-03-31.xsd#in-gaap_Shareholder9Member" xlink:label="Shareholder9Member"/>
    <presentationArc xlink:type="arc" xlink:arcrole="http://www.xbrl.org/2003/arcrole/parent-child" xlink:from="NameOfShareholderMember" xlink:to="Shareholder9Member" priority="0" order="9.0"/>
    <loc xlink:type="locator" xlink:href="../in-gaap-2012-03-31.xsd#in-gaap_Shareholder10Member" xlink:label="Shareholder10Member"/>
    <presentationArc xlink:type="arc" xlink:arcrole="http://www.xbrl.org/2003/arcrole/parent-child" xlink:from="NameOfShareholderMember" xlink:to="Shareholder10Member" priority="0" order="10.0"/>
    <loc xlink:type="locator" xlink:href="../in-gaap-2012-03-31.xsd#in-gaap_Shareholder11Member" xlink:label="Shareholder11Member"/>
    <presentationArc xlink:type="arc" xlink:arcrole="http://www.xbrl.org/2003/arcrole/parent-child" xlink:from="NameOfShareholderMember" xlink:to="Shareholder11Member" priority="0" order="11.0"/>
    <loc xlink:type="locator" xlink:href="../in-gaap-2012-03-31.xsd#in-gaap_Shareholder12Member" xlink:label="Shareholder12Member"/>
    <presentationArc xlink:type="arc" xlink:arcrole="http://www.xbrl.org/2003/arcrole/parent-child" xlink:from="NameOfShareholderMember" xlink:to="Shareholder12Member" priority="0" order="12.0"/>
    <loc xlink:type="locator" xlink:href="../in-gaap-2012-03-31.xsd#in-gaap_Shareholder13Member" xlink:label="Shareholder13Member"/>
    <presentationArc xlink:type="arc" xlink:arcrole="http://www.xbrl.org/2003/arcrole/parent-child" xlink:from="NameOfShareholderMember" xlink:to="Shareholder13Member" priority="0" order="13.0"/>
    <loc xlink:type="locator" xlink:href="../in-gaap-2012-03-31.xsd#in-gaap_Shareholder14Member" xlink:label="Shareholder14Member"/>
    <presentationArc xlink:type="arc" xlink:arcrole="http://www.xbrl.org/2003/arcrole/parent-child" xlink:from="NameOfShareholderMember" xlink:to="Shareholder14Member" priority="0" order="14.0"/>
    <loc xlink:type="locator" xlink:href="../in-gaap-2012-03-31.xsd#in-gaap_Shareholder15Member" xlink:label="Shareholder15Member"/>
    <presentationArc xlink:type="arc" xlink:arcrole="http://www.xbrl.org/2003/arcrole/parent-child" xlink:from="NameOfShareholderMember" xlink:to="Shareholder15Member" priority="0" order="15.0"/>
    <loc xlink:type="locator" xlink:href="../in-gaap-2012-03-31.xsd#in-gaap_Shareholder16Member" xlink:label="Shareholder16Member"/>
    <presentationArc xlink:type="arc" xlink:arcrole="http://www.xbrl.org/2003/arcrole/parent-child" xlink:from="NameOfShareholderMember" xlink:to="Shareholder16Member" priority="0" order="16.0"/>
    <loc xlink:type="locator" xlink:href="../in-gaap-2012-03-31.xsd#in-gaap_Shareholder17Member" xlink:label="Shareholder17Member"/>
    <presentationArc xlink:type="arc" xlink:arcrole="http://www.xbrl.org/2003/arcrole/parent-child" xlink:from="NameOfShareholderMember" xlink:to="Shareholder17Member" priority="0" order="17.0"/>
    <loc xlink:type="locator" xlink:href="../in-gaap-2012-03-31.xsd#in-gaap_Shareholder18Member" xlink:label="Shareholder18Member"/>
    <presentationArc xlink:type="arc" xlink:arcrole="http://www.xbrl.org/2003/arcrole/parent-child" xlink:from="NameOfShareholderMember" xlink:to="Shareholder18Member" priority="0" order="18.0"/>
    <loc xlink:type="locator" xlink:href="../in-gaap-2012-03-31.xsd#in-gaap_Shareholder19Member" xlink:label="Shareholder19Member"/>
    <presentationArc xlink:type="arc" xlink:arcrole="http://www.xbrl.org/2003/arcrole/parent-child" xlink:from="NameOfShareholderMember" xlink:to="Shareholder19Member" priority="0" order="19.0"/>
    <loc xlink:type="locator" xlink:href="../in-gaap-2012-03-31.xsd#in-gaap_Shareholder20Member" xlink:label="Shareholder20Member"/>
    <presentationArc xlink:type="arc" xlink:arcrole="http://www.xbrl.org/2003/arcrole/parent-child" xlink:from="NameOfShareholderMember" xlink:to="Shareholder20Member" priority="0" order="20.0"/>
    <loc xlink:type="locator" xlink:href="../in-gaap-2012-03-31.xsd#in-gaap_DisclosureOfShareholdingMoreThanFivePerCentInCompanyLineItems" xlink:label="DisclosureOfShareholdingMoreThanFivePerCentInCompanyLineItems"/>
    <presentationArc xlink:type="arc" xlink:arcrole="http://www.xbrl.org/2003/arcrole/parent-child" xlink:from="DisclosureOfShareholdingMoreThanFivePerCentInCompanyAbstract" xlink:to="DisclosureOfShareholdingMoreThanFivePerCentInCompanyLineItems" priority="0" order="2.0"/>
    <loc xlink:type="locator" xlink:href="../in-gaap-2012-03-31.xsd#in-gaap_NameOfShareholder" xlink:label="NameOfShareholder"/>
    <presentationArc xlink:type="arc" xlink:arcrole="http://www.xbrl.org/2003/arcrole/parent-child" xlink:from="DisclosureOfShareholdingMoreThanFivePerCentInCompanyLineItems" xlink:to="NameOfShareholder" priority="0" order="1.0"/>
    <loc xlink:type="locator" xlink:href="../../IN-CA/in-ca-2012-03-31.xsd#in-ca_CINOfShareholder" xlink:label="CINOfShareholder"/>
    <presentationArc xlink:type="arc" xlink:arcrole="http://www.xbrl.org/2003/arcrole/parent-child" xlink:from="DisclosureOfShareholdingMoreThanFivePerCentInCompanyLineItems" xlink:to="CINOfShareholder" priority="0" order="2.0"/>
    <loc xlink:type="locator" xlink:href="../../IN-CA/in-ca-2012-03-31.xsd#in-ca_PANOfShareholder" xlink:label="PANOfShareholder"/>
    <presentationArc xlink:type="arc" xlink:arcrole="http://www.xbrl.org/2003/arcrole/parent-child" xlink:from="DisclosureOfShareholdingMoreThanFivePerCentInCompanyLineItems" xlink:to="PANOfShareholder" priority="0" order="3.0"/>
    <loc xlink:type="locator" xlink:href="../../IN-CA/in-ca-2012-03-31.xsd#in-ca_CountryOfIncorporationOrResidenceOfShareholder" xlink:label="CountryOfIncorporationOrResidenceOfShareholder"/>
    <presentationArc xlink:type="arc" xlink:arcrole="http://www.xbrl.org/2003/arcrole/parent-child" xlink:from="DisclosureOfShareholdingMoreThanFivePerCentInCompanyLineItems" xlink:to="CountryOfIncorporationOrResidenceOfShareholder" priority="0" order="4.0"/>
    <loc xlink:type="locator" xlink:href="../in-gaap-2012-03-31.xsd#in-gaap_NumberOfSharesHeldInCompany" xlink:label="NumberOfSharesHeldInCompany"/>
    <presentationArc xlink:type="arc" xlink:arcrole="http://www.xbrl.org/2003/arcrole/parent-child" xlink:from="DisclosureOfShareholdingMoreThanFivePerCentInCompanyLineItems" xlink:to="NumberOfSharesHeldInCompany" priority="0" order="5.0"/>
    <loc xlink:type="locator" xlink:href="../in-gaap-2012-03-31.xsd#in-gaap_PercentageOfShareholdingInCompany" xlink:label="PercentageOfShareholdingInCompany"/>
    <presentationArc xlink:type="arc" xlink:arcrole="http://www.xbrl.org/2003/arcrole/parent-child" xlink:from="DisclosureOfShareholdingMoreThanFivePerCentInCompanyLineItems" xlink:to="PercentageOfShareholdingInCompany" priority="0" order="6.0"/>
    <loc xlink:type="locator" xlink:href="../../IN-CA/in-ca-2012-03-31.xsd#in-ca_DisclosureOfDetailsOnPrivatePlacementOfShareAbstract" xlink:label="DisclosureOfDetailsOnPrivatePlacementOfShareAbstract"/>
    <presentationArc xlink:type="arc" xlink:arcrole="http://www.xbrl.org/2003/arcrole/parent-child" xlink:from="DisclosureOfNotesOnShareCapitalExplanatoryTextBlock" xlink:to="DisclosureOfDetailsOnPrivatePlacementOfShareAbstract" priority="0" order="3.0"/>
    <loc xlink:type="locator" xlink:href="../../IN-CA/in-ca-2012-03-31.xsd#in-ca_DisclosureOfDetailsOnPrivatePlacementOfEquityShareAbstract" xlink:label="DisclosureOfDetailsOnPrivatePlacementOfEquityShareAbstract"/>
    <presentationArc xlink:type="arc" xlink:arcrole="http://www.xbrl.org/2003/arcrole/parent-child" xlink:from="DisclosureOfDetailsOnPrivatePlacementOfShareAbstract" xlink:to="DisclosureOfDetailsOnPrivatePlacementOfEquityShareAbstract" priority="0" order="1.0"/>
    <loc xlink:type="locator" xlink:href="../../IN-CA/in-ca-2012-03-31.xsd#in-ca_NumberOfPersonsOnPrivatePlacementOfEquityShare" xlink:label="NumberOfPersonsOnPrivatePlacementOfEquityShare"/>
    <presentationArc xlink:type="arc" xlink:arcrole="http://www.xbrl.org/2003/arcrole/parent-child" xlink:from="DisclosureOfDetailsOnPrivatePlacementOfEquityShareAbstract" xlink:to="NumberOfPersonsOnPrivatePlacementOfEquityShare" priority="0" order="1.0"/>
    <loc xlink:type="locator" xlink:href="../../IN-CA/in-ca-2012-03-31.xsd#in-ca_NatureOfSecurityOnPrivatePlacementOfEquityShare" xlink:label="NatureOfSecurityOnPrivatePlacementOfEquityShare"/>
    <presentationArc xlink:type="arc" xlink:arcrole="http://www.xbrl.org/2003/arcrole/parent-child" xlink:from="DisclosureOfDetailsOnPrivatePlacementOfEquityShareAbstract" xlink:to="NatureOfSecurityOnPrivatePlacementOfEquityShare" priority="0" order="2.0"/>
    <loc xlink:type="locator" xlink:href="../../IN-CA/in-ca-2012-03-31.xsd#in-ca_DateOfRedemptionOnPrivatePlacementOfEquityShare" xlink:label="DateOfRedemptionOnPrivatePlacementOfEquityShare"/>
    <presentationArc xlink:type="arc" xlink:arcrole="http://www.xbrl.org/2003/arcrole/parent-child" xlink:from="DisclosureOfDetailsOnPrivatePlacementOfEquityShareAbstract" xlink:to="DateOfRedemptionOnPrivatePlacementOfEquityShare" priority="0" order="3.0"/>
    <loc xlink:type="locator" xlink:href="../../IN-CA/in-ca-2012-03-31.xsd#in-ca_DisclosureOfDetailsOnPrivatePlacementOfPreferenceShareAbstract" xlink:label="DisclosureOfDetailsOnPrivatePlacementOfPreferenceShareAbstract"/>
    <presentationArc xlink:type="arc" xlink:arcrole="http://www.xbrl.org/2003/arcrole/parent-child" xlink:from="DisclosureOfDetailsOnPrivatePlacementOfShareAbstract" xlink:to="DisclosureOfDetailsOnPrivatePlacementOfPreferenceShareAbstract" priority="0" order="2.0"/>
    <loc xlink:type="locator" xlink:href="../../IN-CA/in-ca-2012-03-31.xsd#in-ca_NumberOfPersonsOnPrivatePlacementOfPreferenceShare" xlink:label="NumberOfPersonsOnPrivatePlacementOfPreferenceShare"/>
    <presentationArc xlink:type="arc" xlink:arcrole="http://www.xbrl.org/2003/arcrole/parent-child" xlink:from="DisclosureOfDetailsOnPrivatePlacementOfPreferenceShareAbstract" xlink:to="NumberOfPersonsOnPrivatePlacementOfPreferenceShare" priority="0" order="1.0"/>
    <loc xlink:type="locator" xlink:href="../../IN-CA/in-ca-2012-03-31.xsd#in-ca_NatureOfSecurityOnPrivatePlacementOfPreferenceShare" xlink:label="NatureOfSecurityOnPrivatePlacementOfPreferenceShare"/>
    <presentationArc xlink:type="arc" xlink:arcrole="http://www.xbrl.org/2003/arcrole/parent-child" xlink:from="DisclosureOfDetailsOnPrivatePlacementOfPreferenceShareAbstract" xlink:to="NatureOfSecurityOnPrivatePlacementOfPreferenceShare" priority="0" order="2.0"/>
    <loc xlink:type="locator" xlink:href="../../IN-CA/in-ca-2012-03-31.xsd#in-ca_DateOfRedemptionOnPrivatePlacementOfPreferenceShare" xlink:label="DateOfRedemptionOnPrivatePlacementOfPreferenceShare"/>
    <presentationArc xlink:type="arc" xlink:arcrole="http://www.xbrl.org/2003/arcrole/parent-child" xlink:from="DisclosureOfDetailsOnPrivatePlacementOfPreferenceShareAbstract" xlink:to="DateOfRedemptionOnPrivatePlacementOfPreferenceShare" priority="0" order="3.0"/>
    <loc xlink:type="locator" xlink:href="../../IN-CA/in-ca-2012-03-31.xsd#in-ca_DisclosureOfNumberOfShareholdersAllotteesAbstract" xlink:label="DisclosureOfNumberOfShareholdersAllotteesAbstract"/>
    <presentationArc xlink:type="arc" xlink:arcrole="http://www.xbrl.org/2003/arcrole/parent-child" xlink:from="DisclosureOfNotesOnShareCapitalExplanatoryTextBlock" xlink:to="DisclosureOfNumberOfShareholdersAllotteesAbstract" priority="0" order="4.0"/>
    <loc xlink:type="locator" xlink:href="../../IN-CA/in-ca-2012-03-31.xsd#in-ca_NumberOfShareholdersOfCompany" xlink:label="NumberOfShareholdersOfCompany"/>
    <presentationArc xlink:type="arc" xlink:arcrole="http://www.xbrl.org/2003/arcrole/parent-child" xlink:from="DisclosureOfNumberOfShareholdersAllotteesAbstract" xlink:to="NumberOfShareholdersOfCompany" priority="0" order="1.0"/>
    <loc xlink:type="locator" xlink:href="../../IN-CA/in-ca-2012-03-31.xsd#in-ca_NumberOfAllotteesInCaseOfPreferentialAllotment" xlink:label="NumberOfAllotteesInCaseOfPreferentialAllotment"/>
    <presentationArc xlink:type="arc" xlink:arcrole="http://www.xbrl.org/2003/arcrole/parent-child" xlink:from="DisclosureOfNumberOfShareholdersAllotteesAbstract" xlink:to="NumberOfAllotteesInCaseOfPreferentialAllotment" priority="0" order="2.0"/>
    <loc xlink:type="locator" xlink:href="../../IN-CA/in-ca-2012-03-31.xsd#in-ca_DisclosureOfReductionInCapitalAbstract" xlink:label="DisclosureOfReductionInCapitalAbstract"/>
    <presentationArc xlink:type="arc" xlink:arcrole="http://www.xbrl.org/2003/arcrole/parent-child" xlink:from="DisclosureOfNotesOnShareCapitalExplanatoryTextBlock" xlink:to="DisclosureOfReductionInCapitalAbstract" priority="0" order="5.0"/>
    <loc xlink:type="locator" xlink:href="../../IN-CA/in-ca-2012-03-31.xsd#in-ca_WhetherReductionInCapitalDoneDuringYear" xlink:label="WhetherReductionInCapitalDoneDuringYear"/>
    <presentationArc xlink:type="arc" xlink:arcrole="http://www.xbrl.org/2003/arcrole/parent-child" xlink:from="DisclosureOfReductionInCapitalAbstract" xlink:to="WhetherReductionInCapitalDoneDuringYear" priority="0" order="1.0"/>
    <loc xlink:type="locator" xlink:href="../../IN-CA/in-ca-2012-03-31.xsd#in-ca_AmountOfReductionInCapitalDuringYear" xlink:label="AmountOfReductionInCapitalDuringYear"/>
    <presentationArc xlink:type="arc" xlink:arcrole="http://www.xbrl.org/2003/arcrole/parent-child" xlink:from="DisclosureOfReductionInCapitalAbstract" xlink:to="AmountOfReductionInCapitalDuringYear" priority="0" order="2.0"/>
    <loc xlink:type="locator" xlink:href="../../IN-CA/in-ca-2012-03-31.xsd#in-ca_PercentageOfCapitalReductionToCapitalPriorToReduction" xlink:label="PercentageOfCapitalReductionToCapitalPriorToReduction"/>
    <presentationArc xlink:type="arc" xlink:arcrole="http://www.xbrl.org/2003/arcrole/parent-child" xlink:from="DisclosureOfReductionInCapitalAbstract" xlink:to="PercentageOfCapitalReductionToCapitalPriorToReduction" priority="0" order="3.0"/>
    <loc xlink:type="locator" xlink:href="../../IN-CA/in-ca-2012-03-31.xsd#in-ca_DisclosureOfInitialPublicOfferingAbstract" xlink:label="DisclosureOfInitialPublicOfferingAbstract"/>
    <presentationArc xlink:type="arc" xlink:arcrole="http://www.xbrl.org/2003/arcrole/parent-child" xlink:from="DisclosureOfNotesOnShareCapitalExplanatoryTextBlock" xlink:to="DisclosureOfInitialPublicOfferingAbstract" priority="0" order="6.0"/>
    <loc xlink:type="locator" xlink:href="../../IN-CA/in-ca-2012-03-31.xsd#in-ca_WhetherMoneyRaisedFromInitialPublicOfferingDuringYear" xlink:label="WhetherMoneyRaisedFromInitialPublicOfferingDuringYear"/>
    <presentationArc xlink:type="arc" xlink:arcrole="http://www.xbrl.org/2003/arcrole/parent-child" xlink:from="DisclosureOfInitialPublicOfferingAbstract" xlink:to="WhetherMoneyRaisedFromInitialPublicOfferingDuringYear" priority="0" order="1.0"/>
    <loc xlink:type="locator" xlink:href="../../IN-CA/in-ca-2012-03-31.xsd#in-ca_AmountRaisedFromInitialPublicOfferingDuringYear" xlink:label="AmountRaisedFromInitialPublicOfferingDuringYear"/>
    <presentationArc xlink:type="arc" xlink:arcrole="http://www.xbrl.org/2003/arcrole/parent-child" xlink:from="DisclosureOfInitialPublicOfferingAbstract" xlink:to="AmountRaisedFromInitialPublicOfferingDuringYear" priority="0" order="2.0"/>
    <loc xlink:type="locator" xlink:href="../../IN-CA/in-ca-2012-03-31.xsd#in-ca_AmountUtilisedTowardsSpecifiedPurposesForInitialPublicOffering" xlink:label="AmountUtilisedTowardsSpecifiedPurposesForInitialPublicOffering"/>
    <presentationArc xlink:type="arc" xlink:arcrole="http://www.xbrl.org/2003/arcrole/parent-child" xlink:from="DisclosureOfInitialPublicOfferingAbstract" xlink:to="AmountUtilisedTowardsSpecifiedPurposesForInitialPublicOffering" priority="0" order="3.0"/>
    <loc xlink:type="locator" xlink:href="../../IN-CA/in-ca-2012-03-31.xsd#in-ca_AmountRemainingUnutilisedReceivedInRespectOfInitialPublicOffering" xlink:label="AmountRemainingUnutilisedReceivedInRespectOfInitialPublicOffering"/>
    <presentationArc xlink:type="arc" xlink:arcrole="http://www.xbrl.org/2003/arcrole/parent-child" xlink:from="DisclosureOfInitialPublicOfferingAbstract" xlink:to="AmountRemainingUnutilisedReceivedInRespectOfInitialPublicOffering" priority="0" order="4.0"/>
    <loc xlink:type="locator" xlink:href="../../IN-CA/in-ca-2012-03-31.xsd#in-ca_DetailsOfOutstandingUnutilisedAmountsReceivedInRespectOfInitialPublicOffering" xlink:label="DetailsOfOutstandingUnutilisedAmountsReceivedInRespectOfInitialPublicOffering"/>
    <presentationArc xlink:type="arc" xlink:arcrole="http://www.xbrl.org/2003/arcrole/parent-child" xlink:from="DisclosureOfInitialPublicOfferingAbstract" xlink:to="DetailsOfOutstandingUnutilisedAmountsReceivedInRespectOfInitialPublicOffering" priority="0" order="5.0"/>
  </presentationLink>
</linkbase>
