<?xml version="1.0" encoding="US-ASCII"?>
<!-- Generated by Fujitsu Interstage XWand B0166 -->
<linkbase xmlns="http://www.xbrl.org/2003/linkbase" xmlns:xsi="http://www.w3.org/2001/XMLSchema-instance" xmlns:xlink="http://www.w3.org/1999/xlink" xmlns:xbrli="http://www.xbrl.org/2003/instance">
  <roleRef roleURI="http://www.icai.org/xbrl/taxonomy/role/in-gaap/NotesCurrentInvestments" xlink:type="simple" xlink:href="../in-gaap-roles-2012-03-31.xsd#in-gaap-rol-200500"/>
  <presentationLink xlink:type="extended" xlink:role="http://www.icai.org/xbrl/taxonomy/role/in-gaap/NotesCurrentInvestments">
    <loc xlink:type="locator" xlink:href="../in-gaap-2012-03-31.xsd#in-gaap_InvestmentsInEquityInstrumentsMember" xlink:label="InvestmentsInEquityInstrumentsMember"/>
    <loc xlink:type="locator" xlink:href="../../IN-CA/in-ca-2012-03-31.xsd#in-ca_InvestmentInPublicSectorEquityInstrumentsMember" xlink:label="InvestmentInPublicSectorEquityInstrumentsMember"/>
    <presentationArc xlink:type="arc" xlink:arcrole="http://www.xbrl.org/2003/arcrole/parent-child" xlink:from="InvestmentsInEquityInstrumentsMember" xlink:to="InvestmentInPublicSectorEquityInstrumentsMember" priority="0" order="1.0"/>
    <loc xlink:type="locator" xlink:href="../../IN-CA/in-ca-2012-03-31.xsd#in-ca_InvestmentInSubsidiariesEquityInstrumentsMember" xlink:label="InvestmentInSubsidiariesEquityInstrumentsMember"/>
    <presentationArc xlink:type="arc" xlink:arcrole="http://www.xbrl.org/2003/arcrole/parent-child" xlink:from="InvestmentsInEquityInstrumentsMember" xlink:to="InvestmentInSubsidiariesEquityInstrumentsMember" priority="0" order="2.0"/>
    <loc xlink:type="locator" xlink:href="../../IN-CA/in-ca-2012-03-31.xsd#in-ca_InvestmentInOtherIndianCompaniesEquityInstrumentsMember" xlink:label="InvestmentInOtherIndianCompaniesEquityInstrumentsMember"/>
    <presentationArc xlink:type="arc" xlink:arcrole="http://www.xbrl.org/2003/arcrole/parent-child" xlink:from="InvestmentsInEquityInstrumentsMember" xlink:to="InvestmentInOtherIndianCompaniesEquityInstrumentsMember" priority="0" order="3.0"/>
    <loc xlink:type="locator" xlink:href="../../IN-CA/in-ca-2012-03-31.xsd#in-ca_InvestmentInEquityInstrumentsOthersMember" xlink:label="InvestmentInEquityInstrumentsOthersMember"/>
    <presentationArc xlink:type="arc" xlink:arcrole="http://www.xbrl.org/2003/arcrole/parent-child" xlink:from="InvestmentsInEquityInstrumentsMember" xlink:to="InvestmentInEquityInstrumentsOthersMember" priority="0" order="4.0"/>
    <loc xlink:type="locator" xlink:href="../in-gaap-2012-03-31.xsd#in-gaap_InvestmentsInPreferenceSharesMember" xlink:label="InvestmentsInPreferenceSharesMember"/>
    <loc xlink:type="locator" xlink:href="../../IN-CA/in-ca-2012-03-31.xsd#in-ca_InvestmentInPublicSectorPreferenceSharesMember" xlink:label="InvestmentInPublicSectorPreferenceSharesMember"/>
    <presentationArc xlink:type="arc" xlink:arcrole="http://www.xbrl.org/2003/arcrole/parent-child" xlink:from="InvestmentsInPreferenceSharesMember" xlink:to="InvestmentInPublicSectorPreferenceSharesMember" priority="0" order="1.0"/>
    <loc xlink:type="locator" xlink:href="../../IN-CA/in-ca-2012-03-31.xsd#in-ca_InvestmentInSubsidiariesPreferenceSharesMember" xlink:label="InvestmentInSubsidiariesPreferenceSharesMember"/>
    <presentationArc xlink:type="arc" xlink:arcrole="http://www.xbrl.org/2003/arcrole/parent-child" xlink:from="InvestmentsInPreferenceSharesMember" xlink:to="InvestmentInSubsidiariesPreferenceSharesMember" priority="0" order="2.0"/>
    <loc xlink:type="locator" xlink:href="../../IN-CA/in-ca-2012-03-31.xsd#in-ca_InvestmentInOtherIndianCompaniesPreferenceSharesMember" xlink:label="InvestmentInOtherIndianCompaniesPreferenceSharesMember"/>
    <presentationArc xlink:type="arc" xlink:arcrole="http://www.xbrl.org/2003/arcrole/parent-child" xlink:from="InvestmentsInPreferenceSharesMember" xlink:to="InvestmentInOtherIndianCompaniesPreferenceSharesMember" priority="0" order="3.0"/>
    <loc xlink:type="locator" xlink:href="../../IN-CA/in-ca-2012-03-31.xsd#in-ca_InvestmentInPreferenceSharesOthersMember" xlink:label="InvestmentInPreferenceSharesOthersMember"/>
    <presentationArc xlink:type="arc" xlink:arcrole="http://www.xbrl.org/2003/arcrole/parent-child" xlink:from="InvestmentsInPreferenceSharesMember" xlink:to="InvestmentInPreferenceSharesOthersMember" priority="0" order="4.0"/>
    <loc xlink:type="locator" xlink:href="../in-gaap-2012-03-31.xsd#in-gaap_DetailsOfCapitalOfPartnershipFirmAbstract" xlink:label="DetailsOfCapitalOfPartnershipFirmAbstract"/>
    <loc xlink:type="locator" xlink:href="../in-gaap-2012-03-31.xsd#in-gaap_TotalCapitalOfPartnershipFirm" xlink:label="TotalCapitalOfPartnershipFirm"/>
    <presentationArc xlink:type="arc" xlink:arcrole="http://www.xbrl.org/2003/arcrole/parent-child" xlink:from="DetailsOfCapitalOfPartnershipFirmAbstract" xlink:to="TotalCapitalOfPartnershipFirm" priority="0" order="1.0"/>
    <loc xlink:type="locator" xlink:href="../in-gaap-2012-03-31.xsd#in-gaap_DateToWhichCapitalOfPartnershipFirmRelates" xlink:label="DateToWhichCapitalOfPartnershipFirmRelates"/>
    <presentationArc xlink:type="arc" xlink:arcrole="http://www.xbrl.org/2003/arcrole/parent-child" xlink:from="DetailsOfCapitalOfPartnershipFirmAbstract" xlink:to="DateToWhichCapitalOfPartnershipFirmRelates" priority="0" order="2.0"/>
    <loc xlink:type="locator" xlink:href="../in-gaap-2012-03-31.xsd#in-gaap_DetailsOfAcquisitionAndDisposalOfInvestmentsAbstract" xlink:label="DetailsOfAcquisitionAndDisposalOfInvestmentsAbstract"/>
    <loc xlink:type="locator" xlink:href="../in-gaap-2012-03-31.xsd#in-gaap_NatureOfInvestmentPurchasedOrSoldDuringPeriod" xlink:label="NatureOfInvestmentPurchasedOrSoldDuringPeriod"/>
    <presentationArc xlink:type="arc" xlink:arcrole="http://www.xbrl.org/2003/arcrole/parent-child" xlink:from="DetailsOfAcquisitionAndDisposalOfInvestmentsAbstract" xlink:to="NatureOfInvestmentPurchasedOrSoldDuringPeriod" priority="0" order="1.0"/>
    <loc xlink:type="locator" xlink:href="../in-gaap-2012-03-31.xsd#in-gaap_TypeOfInvestment" xlink:label="TypeOfInvestment"/>
    <presentationArc xlink:type="arc" xlink:arcrole="http://www.xbrl.org/2003/arcrole/parent-child" xlink:from="DetailsOfAcquisitionAndDisposalOfInvestmentsAbstract" xlink:to="TypeOfInvestment" priority="0" order="2.0"/>
    <loc xlink:type="locator" xlink:href="../in-gaap-2012-03-31.xsd#in-gaap_NumberOfUnitsPurchased" xlink:label="NumberOfUnitsPurchased"/>
    <presentationArc xlink:type="arc" xlink:arcrole="http://www.xbrl.org/2003/arcrole/parent-child" xlink:from="DetailsOfAcquisitionAndDisposalOfInvestmentsAbstract" xlink:to="NumberOfUnitsPurchased" priority="0" order="3.0"/>
    <loc xlink:type="locator" xlink:href="../in-gaap-2012-03-31.xsd#in-gaap_FaceValueOfUnitsPurchased" xlink:label="FaceValueOfUnitsPurchased"/>
    <presentationArc xlink:type="arc" xlink:arcrole="http://www.xbrl.org/2003/arcrole/parent-child" xlink:from="DetailsOfAcquisitionAndDisposalOfInvestmentsAbstract" xlink:to="FaceValueOfUnitsPurchased" priority="0" order="4.0"/>
    <loc xlink:type="locator" xlink:href="../in-gaap-2012-03-31.xsd#in-gaap_PurchasePricePerUnit" xlink:label="PurchasePricePerUnit"/>
    <presentationArc xlink:type="arc" xlink:arcrole="http://www.xbrl.org/2003/arcrole/parent-child" xlink:from="DetailsOfAcquisitionAndDisposalOfInvestmentsAbstract" xlink:to="PurchasePricePerUnit" priority="0" order="5.0"/>
    <loc xlink:type="locator" xlink:href="../in-gaap-2012-03-31.xsd#in-gaap_NumberOfUnitsSold" xlink:label="NumberOfUnitsSold"/>
    <presentationArc xlink:type="arc" xlink:arcrole="http://www.xbrl.org/2003/arcrole/parent-child" xlink:from="DetailsOfAcquisitionAndDisposalOfInvestmentsAbstract" xlink:to="NumberOfUnitsSold" priority="0" order="6.0"/>
    <loc xlink:type="locator" xlink:href="../in-gaap-2012-03-31.xsd#in-gaap_SellingPricePerUnit" xlink:label="SellingPricePerUnit"/>
    <presentationArc xlink:type="arc" xlink:arcrole="http://www.xbrl.org/2003/arcrole/parent-child" xlink:from="DetailsOfAcquisitionAndDisposalOfInvestmentsAbstract" xlink:to="SellingPricePerUnit" priority="0" order="7.0"/>
    <loc xlink:type="locator" xlink:href="../in-gaap-2012-03-31.xsd#in-gaap_DisclosureOfNotesOnCurrentInvestmentsExplanatoryTextBlock" xlink:label="DisclosureOfNotesOnCurrentInvestmentsExplanatoryTextBlock"/>
    <loc xlink:type="locator" xlink:href="../in-gaap-2012-03-31.xsd#in-gaap_CurrentInvestmentsAbstract" xlink:label="CurrentInvestmentsAbstract"/>
    <presentationArc xlink:type="arc" xlink:arcrole="http://www.xbrl.org/2003/arcrole/parent-child" xlink:from="DisclosureOfNotesOnCurrentInvestmentsExplanatoryTextBlock" xlink:to="CurrentInvestmentsAbstract" priority="0" order="1.0"/>
    <loc xlink:type="locator" xlink:href="../in-gaap-2012-03-31.xsd#in-gaap_AccountingPolicyForDeterminationOfCarryingAmountOfInvestmentsTextBlock" xlink:label="AccountingPolicyForDeterminationOfCarryingAmountOfInvestmentsTextBlock"/>
    <presentationArc xlink:type="arc" xlink:arcrole="http://www.xbrl.org/2003/arcrole/parent-child" xlink:from="CurrentInvestmentsAbstract" xlink:to="AccountingPolicyForDeterminationOfCarryingAmountOfInvestmentsTextBlock" priority="0" order="1.0"/>
    <loc xlink:type="locator" xlink:href="../in-gaap-2012-03-31.xsd#in-gaap_DisclosureOfDetailsOfCurrentInvestmentsAbstract" xlink:label="DisclosureOfDetailsOfCurrentInvestmentsAbstract"/>
    <presentationArc xlink:type="arc" xlink:arcrole="http://www.xbrl.org/2003/arcrole/parent-child" xlink:from="CurrentInvestmentsAbstract" xlink:to="DisclosureOfDetailsOfCurrentInvestmentsAbstract" priority="0" order="2.0"/>
    <loc xlink:type="locator" xlink:href="../in-gaap-2012-03-31.xsd#in-gaap_DetailsOfCurrentInvestmentsTable" xlink:label="DetailsOfCurrentInvestmentsTable"/>
    <presentationArc xlink:type="arc" xlink:arcrole="http://www.xbrl.org/2003/arcrole/parent-child" xlink:from="DisclosureOfDetailsOfCurrentInvestmentsAbstract" xlink:to="DetailsOfCurrentInvestmentsTable" priority="0" order="1.0"/>
    <loc xlink:type="locator" xlink:href="../in-gaap-2012-03-31.xsd#in-gaap_ClassificationOfCurrentInvestmentsAxis" xlink:label="ClassificationOfCurrentInvestmentsAxis"/>
    <presentationArc xlink:type="arc" xlink:arcrole="http://www.xbrl.org/2003/arcrole/parent-child" xlink:from="DetailsOfCurrentInvestmentsTable" xlink:to="ClassificationOfCurrentInvestmentsAxis" priority="0" order="1.0"/>
    <loc xlink:type="locator" xlink:href="../in-gaap-2012-03-31.xsd#in-gaap_CompanyTotalCurrentInvestmentsMember" xlink:label="CompanyTotalCurrentInvestmentsMember"/>
    <presentationArc xlink:type="arc" xlink:arcrole="http://www.xbrl.org/2003/arcrole/parent-child" xlink:from="ClassificationOfCurrentInvestmentsAxis" xlink:to="CompanyTotalCurrentInvestmentsMember" priority="0" order="1.0"/>
    <presentationArc xlink:type="arc" xlink:arcrole="http://www.xbrl.org/2003/arcrole/parent-child" xlink:from="CompanyTotalCurrentInvestmentsMember" xlink:to="InvestmentsInEquityInstrumentsMember" priority="0" order="1.0"/>
    <presentationArc xlink:type="arc" xlink:arcrole="http://www.xbrl.org/2003/arcrole/parent-child" xlink:from="CompanyTotalCurrentInvestmentsMember" xlink:to="InvestmentsInPreferenceSharesMember" priority="0" order="2.0"/>
    <loc xlink:type="locator" xlink:href="../in-gaap-2012-03-31.xsd#in-gaap_InvestmentsInGovernmentOrTrustSecuritiesMember" xlink:label="InvestmentsInGovernmentOrTrustSecuritiesMember"/>
    <presentationArc xlink:type="arc" xlink:arcrole="http://www.xbrl.org/2003/arcrole/parent-child" xlink:from="CompanyTotalCurrentInvestmentsMember" xlink:to="InvestmentsInGovernmentOrTrustSecuritiesMember" priority="0" order="3.0"/>
    <loc xlink:type="locator" xlink:href="../in-gaap-2012-03-31.xsd#in-gaap_InvestmentsInDebenturesOrBondsMember" xlink:label="InvestmentsInDebenturesOrBondsMember"/>
    <presentationArc xlink:type="arc" xlink:arcrole="http://www.xbrl.org/2003/arcrole/parent-child" xlink:from="CompanyTotalCurrentInvestmentsMember" xlink:to="InvestmentsInDebenturesOrBondsMember" priority="0" order="4.0"/>
    <loc xlink:type="locator" xlink:href="../in-gaap-2012-03-31.xsd#in-gaap_InvestmentsInMutualFundsMember" xlink:label="InvestmentsInMutualFundsMember"/>
    <presentationArc xlink:type="arc" xlink:arcrole="http://www.xbrl.org/2003/arcrole/parent-child" xlink:from="CompanyTotalCurrentInvestmentsMember" xlink:to="InvestmentsInMutualFundsMember" priority="0" order="5.0"/>
    <loc xlink:type="locator" xlink:href="../in-gaap-2012-03-31.xsd#in-gaap_InvestmentsInPartnershipFirmsMember" xlink:label="InvestmentsInPartnershipFirmsMember"/>
    <presentationArc xlink:type="arc" xlink:arcrole="http://www.xbrl.org/2003/arcrole/parent-child" xlink:from="CompanyTotalCurrentInvestmentsMember" xlink:to="InvestmentsInPartnershipFirmsMember" priority="0" order="6.0"/>
    <loc xlink:type="locator" xlink:href="../in-gaap-2012-03-31.xsd#in-gaap_InvestmentPropertyMember" xlink:label="InvestmentPropertyMember"/>
    <presentationArc xlink:type="arc" xlink:arcrole="http://www.xbrl.org/2003/arcrole/parent-child" xlink:from="CompanyTotalCurrentInvestmentsMember" xlink:to="InvestmentPropertyMember" priority="0" order="7.0"/>
    <loc xlink:type="locator" xlink:href="../../IN-CA/in-ca-2012-03-31.xsd#in-ca_InvestmentInForeignSourcesMember" xlink:label="InvestmentInForeignSourcesMember"/>
    <presentationArc xlink:type="arc" xlink:arcrole="http://www.xbrl.org/2003/arcrole/parent-child" xlink:from="CompanyTotalCurrentInvestmentsMember" xlink:to="InvestmentInForeignSourcesMember" priority="0" order="8.0"/>
    <loc xlink:type="locator" xlink:href="../in-gaap-2012-03-31.xsd#in-gaap_OtherCurrentInvestmentsMember" xlink:label="OtherCurrentInvestmentsMember"/>
    <presentationArc xlink:type="arc" xlink:arcrole="http://www.xbrl.org/2003/arcrole/parent-child" xlink:from="CompanyTotalCurrentInvestmentsMember" xlink:to="OtherCurrentInvestmentsMember" priority="0" order="9.0"/>
    <loc xlink:type="locator" xlink:href="../in-gaap-2012-03-31.xsd#in-gaap_SubclassificationOfCurrentInvestmentsAxis" xlink:label="SubclassificationOfCurrentInvestmentsAxis"/>
    <presentationArc xlink:type="arc" xlink:arcrole="http://www.xbrl.org/2003/arcrole/parent-child" xlink:from="DetailsOfCurrentInvestmentsTable" xlink:to="SubclassificationOfCurrentInvestmentsAxis" priority="0" order="2.0"/>
    <loc xlink:type="locator" xlink:href="../in-gaap-2012-03-31.xsd#in-gaap_CurrentInvestmentsAndCurrentPortionOfLongTermInvestmentsMember" xlink:label="CurrentInvestmentsAndCurrentPortionOfLongTermInvestmentsMember"/>
    <presentationArc xlink:type="arc" xlink:arcrole="http://www.xbrl.org/2003/arcrole/parent-child" xlink:from="SubclassificationOfCurrentInvestmentsAxis" xlink:to="CurrentInvestmentsAndCurrentPortionOfLongTermInvestmentsMember" priority="0" order="1.0"/>
    <loc xlink:type="locator" xlink:href="../in-gaap-2012-03-31.xsd#in-gaap_CurrentInvestmentsMember" xlink:label="CurrentInvestmentsMember"/>
    <presentationArc xlink:type="arc" xlink:arcrole="http://www.xbrl.org/2003/arcrole/parent-child" xlink:from="CurrentInvestmentsAndCurrentPortionOfLongTermInvestmentsMember" xlink:to="CurrentInvestmentsMember" priority="0" order="1.0"/>
    <loc xlink:type="locator" xlink:href="../in-gaap-2012-03-31.xsd#in-gaap_CurrentPortionOfLongTermInvestmentsMember" xlink:label="CurrentPortionOfLongTermInvestmentsMember"/>
    <presentationArc xlink:type="arc" xlink:arcrole="http://www.xbrl.org/2003/arcrole/parent-child" xlink:from="CurrentInvestmentsAndCurrentPortionOfLongTermInvestmentsMember" xlink:to="CurrentPortionOfLongTermInvestmentsMember" priority="0" order="2.0"/>
    <loc xlink:type="locator" xlink:href="../in-gaap-2012-03-31.xsd#in-gaap_DetailsOfCurrentInvestmentsLineItems" xlink:label="DetailsOfCurrentInvestmentsLineItems"/>
    <presentationArc xlink:type="arc" xlink:arcrole="http://www.xbrl.org/2003/arcrole/parent-child" xlink:from="DisclosureOfDetailsOfCurrentInvestmentsAbstract" xlink:to="DetailsOfCurrentInvestmentsLineItems" priority="0" order="2.0"/>
    <loc xlink:type="locator" xlink:href="../in-gaap-2012-03-31.xsd#in-gaap_NatureOfOtherCurrentInvestments" xlink:label="NatureOfOtherCurrentInvestments"/>
    <presentationArc xlink:type="arc" xlink:arcrole="http://www.xbrl.org/2003/arcrole/parent-child" xlink:from="DetailsOfCurrentInvestmentsLineItems" xlink:to="NatureOfOtherCurrentInvestments" priority="0" order="1.0"/>
    <loc xlink:type="locator" xlink:href="../in-gaap-2012-03-31.xsd#in-gaap_CurrentInvestments" xlink:label="CurrentInvestments"/>
    <presentationArc xlink:type="arc" xlink:arcrole="http://www.xbrl.org/2003/arcrole/parent-child" xlink:from="DetailsOfCurrentInvestmentsLineItems" xlink:to="CurrentInvestments" priority="0" order="2.0"/>
    <loc xlink:type="locator" xlink:href="../in-gaap-2012-03-31.xsd#in-gaap_BasisOfValuationOfCurrentInvestments" xlink:label="BasisOfValuationOfCurrentInvestments"/>
    <presentationArc xlink:type="arc" xlink:arcrole="http://www.xbrl.org/2003/arcrole/parent-child" xlink:from="DetailsOfCurrentInvestmentsLineItems" xlink:to="BasisOfValuationOfCurrentInvestments" priority="0" order="3.0"/>
    <loc xlink:type="locator" xlink:href="../in-gaap-2012-03-31.xsd#in-gaap_NameOfBodyCorporateInWhomInvestmentHasBeenMade" xlink:label="NameOfBodyCorporateInWhomInvestmentHasBeenMade"/>
    <presentationArc xlink:type="arc" xlink:arcrole="http://www.xbrl.org/2003/arcrole/parent-child" xlink:from="DetailsOfCurrentInvestmentsLineItems" xlink:to="NameOfBodyCorporateInWhomInvestmentHasBeenMade" priority="0" order="4.0"/>
    <loc xlink:type="locator" xlink:href="../in-gaap-2012-03-31.xsd#in-gaap_DetailsOfWhetherSuchBodyCorporateIsSubsidiaryAssociateJointVentureOrControlledSpecialPurposeEntity" xlink:label="DetailsOfWhetherSuchBodyCorporateIsSubsidiaryAssociateJointVentureOrControlledSpecialPurposeEntity"/>
    <presentationArc xlink:type="arc" xlink:arcrole="http://www.xbrl.org/2003/arcrole/parent-child" xlink:from="DetailsOfCurrentInvestmentsLineItems" xlink:to="DetailsOfWhetherSuchBodyCorporateIsSubsidiaryAssociateJointVentureOrControlledSpecialPurposeEntity" priority="0" order="5.0"/>
    <loc xlink:type="locator" xlink:href="../in-gaap-2012-03-31.xsd#in-gaap_NatureOfCurrentInvestmentMadeInBodyCorporate" xlink:label="NatureOfCurrentInvestmentMadeInBodyCorporate"/>
    <presentationArc xlink:type="arc" xlink:arcrole="http://www.xbrl.org/2003/arcrole/parent-child" xlink:from="DetailsOfCurrentInvestmentsLineItems" xlink:to="NatureOfCurrentInvestmentMadeInBodyCorporate" priority="0" order="6.0"/>
    <loc xlink:type="locator" xlink:href="../in-gaap-2012-03-31.xsd#in-gaap_ExtentOfCurrentInvestmentMadeInBodyCorporate" xlink:label="ExtentOfCurrentInvestmentMadeInBodyCorporate"/>
    <presentationArc xlink:type="arc" xlink:arcrole="http://www.xbrl.org/2003/arcrole/parent-child" xlink:from="DetailsOfCurrentInvestmentsLineItems" xlink:to="ExtentOfCurrentInvestmentMadeInBodyCorporate" priority="0" order="7.0"/>
    <loc xlink:type="locator" xlink:href="../in-gaap-2012-03-31.xsd#in-gaap_DetailsOfCurrentInvestmentsMadeInBodyCorporateWhichArePartlyPaid" xlink:label="DetailsOfCurrentInvestmentsMadeInBodyCorporateWhichArePartlyPaid"/>
    <presentationArc xlink:type="arc" xlink:arcrole="http://www.xbrl.org/2003/arcrole/parent-child" xlink:from="DetailsOfCurrentInvestmentsLineItems" xlink:to="DetailsOfCurrentInvestmentsMadeInBodyCorporateWhichArePartlyPaid" priority="0" order="8.0"/>
    <loc xlink:type="locator" xlink:href="../in-gaap-2012-03-31.xsd#in-gaap_DetailsOfCurrentInvestmentMadeInPartnershipFirmsAbstract" xlink:label="DetailsOfCurrentInvestmentMadeInPartnershipFirmsAbstract"/>
    <presentationArc xlink:type="arc" xlink:arcrole="http://www.xbrl.org/2003/arcrole/parent-child" xlink:from="DetailsOfCurrentInvestmentsLineItems" xlink:to="DetailsOfCurrentInvestmentMadeInPartnershipFirmsAbstract" priority="0" order="9.0"/>
    <loc xlink:type="locator" xlink:href="../in-gaap-2012-03-31.xsd#in-gaap_DetailsOfCurrentInvestmentMadeInPartnershipFirmsExplanatoryTextBlock" xlink:label="DetailsOfCurrentInvestmentMadeInPartnershipFirmsExplanatoryTextBlock"/>
    <presentationArc xlink:type="arc" xlink:arcrole="http://www.xbrl.org/2003/arcrole/parent-child" xlink:from="DetailsOfCurrentInvestmentMadeInPartnershipFirmsAbstract" xlink:to="DetailsOfCurrentInvestmentMadeInPartnershipFirmsExplanatoryTextBlock" priority="0" order="1.0"/>
    <loc xlink:type="locator" xlink:href="../in-gaap-2012-03-31.xsd#in-gaap_NameOfPartnershipFirmWhereCurrentInvestmentIsMade" xlink:label="NameOfPartnershipFirmWhereCurrentInvestmentIsMade"/>
    <presentationArc xlink:type="arc" xlink:arcrole="http://www.xbrl.org/2003/arcrole/parent-child" xlink:from="DetailsOfCurrentInvestmentMadeInPartnershipFirmsAbstract" xlink:to="NameOfPartnershipFirmWhereCurrentInvestmentIsMade" priority="0" order="2.0"/>
    <loc xlink:type="locator" xlink:href="../in-gaap-2012-03-31.xsd#in-gaap_NamesOfAllPartnersInPartnershipFirm" xlink:label="NamesOfAllPartnersInPartnershipFirm"/>
    <presentationArc xlink:type="arc" xlink:arcrole="http://www.xbrl.org/2003/arcrole/parent-child" xlink:from="DetailsOfCurrentInvestmentMadeInPartnershipFirmsAbstract" xlink:to="NamesOfAllPartnersInPartnershipFirm" priority="0" order="3.0"/>
    <presentationArc xlink:type="arc" xlink:arcrole="http://www.xbrl.org/2003/arcrole/parent-child" xlink:from="DetailsOfCurrentInvestmentMadeInPartnershipFirmsAbstract" xlink:to="DetailsOfCapitalOfPartnershipFirmAbstract" priority="0" order="4.0"/>
    <loc xlink:type="locator" xlink:href="../in-gaap-2012-03-31.xsd#in-gaap_DetailsOfShareOfEachPartnerInCapitalOfPartnershipFirm" xlink:label="DetailsOfShareOfEachPartnerInCapitalOfPartnershipFirm"/>
    <presentationArc xlink:type="arc" xlink:arcrole="http://www.xbrl.org/2003/arcrole/parent-child" xlink:from="DetailsOfCurrentInvestmentMadeInPartnershipFirmsAbstract" xlink:to="DetailsOfShareOfEachPartnerInCapitalOfPartnershipFirm" priority="0" order="5.0"/>
    <loc xlink:type="locator" xlink:href="../in-gaap-2012-03-31.xsd#in-gaap_DetailsOfShareOfEachPartnerInProfitsOfPartnershipFirm" xlink:label="DetailsOfShareOfEachPartnerInProfitsOfPartnershipFirm"/>
    <presentationArc xlink:type="arc" xlink:arcrole="http://www.xbrl.org/2003/arcrole/parent-child" xlink:from="DetailsOfCurrentInvestmentMadeInPartnershipFirmsAbstract" xlink:to="DetailsOfShareOfEachPartnerInProfitsOfPartnershipFirm" priority="0" order="6.0"/>
    <presentationArc xlink:type="arc" xlink:arcrole="http://www.xbrl.org/2003/arcrole/parent-child" xlink:from="DetailsOfCurrentInvestmentsLineItems" xlink:to="DetailsOfAcquisitionAndDisposalOfInvestmentsAbstract" priority="0" order="10.0"/>
    <loc xlink:type="locator" xlink:href="../in-gaap-2012-03-31.xsd#in-gaap_AggregateAmountOfQuotedCurrentInvestments" xlink:label="AggregateAmountOfQuotedCurrentInvestments"/>
    <presentationArc xlink:type="arc" xlink:arcrole="http://www.xbrl.org/2003/arcrole/parent-child" xlink:from="CurrentInvestmentsAbstract" xlink:to="AggregateAmountOfQuotedCurrentInvestments" priority="0" order="3.0"/>
    <loc xlink:type="locator" xlink:href="../in-gaap-2012-03-31.xsd#in-gaap_MarketValueOfQuotedCurrentInvestments" xlink:label="MarketValueOfQuotedCurrentInvestments"/>
    <presentationArc xlink:type="arc" xlink:arcrole="http://www.xbrl.org/2003/arcrole/parent-child" xlink:from="CurrentInvestmentsAbstract" xlink:to="MarketValueOfQuotedCurrentInvestments" priority="0" order="4.0"/>
    <loc xlink:type="locator" xlink:href="../in-gaap-2012-03-31.xsd#in-gaap_AggregateAmountOfUnquotedCurrentInvestments" xlink:label="AggregateAmountOfUnquotedCurrentInvestments"/>
    <presentationArc xlink:type="arc" xlink:arcrole="http://www.xbrl.org/2003/arcrole/parent-child" xlink:from="CurrentInvestmentsAbstract" xlink:to="AggregateAmountOfUnquotedCurrentInvestments" priority="0" order="5.0"/>
    <loc xlink:type="locator" xlink:href="../in-gaap-2012-03-31.xsd#in-gaap_AggregateProvisionForDiminutionInValueOfCurrentInvestments" xlink:label="AggregateProvisionForDiminutionInValueOfCurrentInvestments"/>
    <presentationArc xlink:type="arc" xlink:arcrole="http://www.xbrl.org/2003/arcrole/parent-child" xlink:from="CurrentInvestmentsAbstract" xlink:to="AggregateProvisionForDiminutionInValueOfCurrentInvestments" priority="0" order="6.0"/>
    <loc xlink:type="locator" xlink:href="../in-gaap-2012-03-31.xsd#in-gaap_ExplanationOfSignificantRestrictionsOnRightOfOwnershipRealizabilityOfInvestmentsOrRemittanceOfIncomeOrProceedsOfDisposal" xlink:label="ExplanationOfSignificantRestrictionsOnRightOfOwnershipRealizabilityOfInvestmentsOrRemittanceOfIncomeOrProceedsOfDisposal"/>
    <presentationArc xlink:type="arc" xlink:arcrole="http://www.xbrl.org/2003/arcrole/parent-child" xlink:from="CurrentInvestmentsAbstract" xlink:to="ExplanationOfSignificantRestrictionsOnRightOfOwnershipRealizabilityOfInvestmentsOrRemittanceOfIncomeOrProceedsOfDisposal" priority="0" order="7.0"/>
    <loc xlink:type="locator" xlink:href="../in-gaap-2012-03-31.xsd#in-gaap_ShareCurrentInvestmentsJointVentures" xlink:label="ShareCurrentInvestmentsJointVentures"/>
    <presentationArc xlink:type="arc" xlink:arcrole="http://www.xbrl.org/2003/arcrole/parent-child" xlink:from="CurrentInvestmentsAbstract" xlink:to="ShareCurrentInvestmentsJointVentures" priority="0" order="8.0"/>
  </presentationLink>
</linkbase>
