<?xml version="1.0" encoding="US-ASCII"?>
<!-- Generated by Fujitsu Interstage XWand B0166 -->
<linkbase xmlns="http://www.xbrl.org/2003/linkbase" xmlns:xsi="http://www.w3.org/2001/XMLSchema-instance" xmlns:xlink="http://www.w3.org/1999/xlink" xmlns:xbrli="http://www.xbrl.org/2003/instance">
  <roleRef roleURI="http://www.icai.org/xbrl/taxonomy/role/in-gaap/NotesLeases" xlink:type="simple" xlink:href="../in-gaap-roles-2012-03-31.xsd#in-gaap-rol-201400"/>
  <roleRef roleURI="http://www.xbrl.org/2009/role/negatedLabel" xlink:type="simple" xlink:href="http://www.xbrl.org/lrr/role/negated-2009-12-16.xsd#negatedLabel"/>
  <presentationLink xlink:type="extended" xlink:role="http://www.icai.org/xbrl/taxonomy/role/in-gaap/NotesLeases">
    <loc xlink:type="locator" xlink:href="../in-gaap-2012-03-31.xsd#in-gaap_DisclosureOfLeasesExplanatoryTextBlock" xlink:label="DisclosureOfLeasesExplanatoryTextBlock"/>
    <loc xlink:type="locator" xlink:href="../in-gaap-2012-03-31.xsd#in-gaap_DisclosureOfFinanceLeaseAndOperatingLeaseByLesseeAbstract" xlink:label="DisclosureOfFinanceLeaseAndOperatingLeaseByLesseeAbstract"/>
    <presentationArc xlink:type="arc" xlink:arcrole="http://www.xbrl.org/2003/arcrole/parent-child" xlink:from="DisclosureOfLeasesExplanatoryTextBlock" xlink:to="DisclosureOfFinanceLeaseAndOperatingLeaseByLesseeAbstract" priority="0" order="1.0"/>
    <loc xlink:type="locator" xlink:href="../in-gaap-2012-03-31.xsd#in-gaap_DisclosureOfFinanceLeaseByLesseeAbstract" xlink:label="DisclosureOfFinanceLeaseByLesseeAbstract"/>
    <presentationArc xlink:type="arc" xlink:arcrole="http://www.xbrl.org/2003/arcrole/parent-child" xlink:from="DisclosureOfFinanceLeaseAndOperatingLeaseByLesseeAbstract" xlink:to="DisclosureOfFinanceLeaseByLesseeAbstract" priority="0" order="1.0"/>
    <loc xlink:type="locator" xlink:href="../in-gaap-2012-03-31.xsd#in-gaap_DisclosureOfMinimumFinanceLeasePaymentsAndPresentValueByLesseeAbstract" xlink:label="DisclosureOfMinimumFinanceLeasePaymentsAndPresentValueByLesseeAbstract"/>
    <presentationArc xlink:type="arc" xlink:arcrole="http://www.xbrl.org/2003/arcrole/parent-child" xlink:from="DisclosureOfFinanceLeaseByLesseeAbstract" xlink:to="DisclosureOfMinimumFinanceLeasePaymentsAndPresentValueByLesseeAbstract" priority="0" order="1.0"/>
    <loc xlink:type="locator" xlink:href="../in-gaap-2012-03-31.xsd#in-gaap_DisclosureOfMinimumFinanceLeasePaymentsAndPresentValueByLesseeTable" xlink:label="DisclosureOfMinimumFinanceLeasePaymentsAndPresentValueByLesseeTable"/>
    <presentationArc xlink:type="arc" xlink:arcrole="http://www.xbrl.org/2003/arcrole/parent-child" xlink:from="DisclosureOfMinimumFinanceLeasePaymentsAndPresentValueByLesseeAbstract" xlink:to="DisclosureOfMinimumFinanceLeasePaymentsAndPresentValueByLesseeTable" priority="0" order="1.0"/>
    <loc xlink:type="locator" xlink:href="../in-gaap-2012-03-31.xsd#in-gaap_MaturityAxis" xlink:label="MaturityAxis"/>
    <presentationArc xlink:type="arc" xlink:arcrole="http://www.xbrl.org/2003/arcrole/parent-child" xlink:from="DisclosureOfMinimumFinanceLeasePaymentsAndPresentValueByLesseeTable" xlink:to="MaturityAxis" priority="0" order="1.0"/>
    <loc xlink:type="locator" xlink:href="../in-gaap-2012-03-31.xsd#in-gaap_AggregatedTimeBandsMember" xlink:label="AggregatedTimeBandsMember"/>
    <presentationArc xlink:type="arc" xlink:arcrole="http://www.xbrl.org/2003/arcrole/parent-child" xlink:from="MaturityAxis" xlink:to="AggregatedTimeBandsMember" priority="0" order="1.0"/>
    <loc xlink:type="locator" xlink:href="../in-gaap-2012-03-31.xsd#in-gaap_NotLaterThanOneYearMember" xlink:label="NotLaterThanOneYearMember"/>
    <presentationArc xlink:type="arc" xlink:arcrole="http://www.xbrl.org/2003/arcrole/parent-child" xlink:from="AggregatedTimeBandsMember" xlink:to="NotLaterThanOneYearMember" priority="0" order="1.0"/>
    <loc xlink:type="locator" xlink:href="../in-gaap-2012-03-31.xsd#in-gaap_LaterThanOneYearAndNotLaterThanFiveYearsMember" xlink:label="LaterThanOneYearAndNotLaterThanFiveYearsMember"/>
    <presentationArc xlink:type="arc" xlink:arcrole="http://www.xbrl.org/2003/arcrole/parent-child" xlink:from="AggregatedTimeBandsMember" xlink:to="LaterThanOneYearAndNotLaterThanFiveYearsMember" priority="0" order="2.0"/>
    <loc xlink:type="locator" xlink:href="../in-gaap-2012-03-31.xsd#in-gaap_LaterThanFiveYearsMember" xlink:label="LaterThanFiveYearsMember"/>
    <presentationArc xlink:type="arc" xlink:arcrole="http://www.xbrl.org/2003/arcrole/parent-child" xlink:from="AggregatedTimeBandsMember" xlink:to="LaterThanFiveYearsMember" priority="0" order="3.0"/>
    <loc xlink:type="locator" xlink:href="../in-gaap-2012-03-31.xsd#in-gaap_DisclosureOfFinanceLeaseByLesseeLineItems" xlink:label="DisclosureOfFinanceLeaseByLesseeLineItems"/>
    <presentationArc xlink:type="arc" xlink:arcrole="http://www.xbrl.org/2003/arcrole/parent-child" xlink:from="DisclosureOfMinimumFinanceLeasePaymentsAndPresentValueByLesseeAbstract" xlink:to="DisclosureOfFinanceLeaseByLesseeLineItems" priority="0" order="2.0"/>
    <loc xlink:type="locator" xlink:href="../in-gaap-2012-03-31.xsd#in-gaap_MinimumFinanceLeasePaymentsPayable" xlink:label="MinimumFinanceLeasePaymentsPayable"/>
    <presentationArc xlink:type="arc" xlink:arcrole="http://www.xbrl.org/2003/arcrole/parent-child" xlink:from="DisclosureOfFinanceLeaseByLesseeLineItems" xlink:to="MinimumFinanceLeasePaymentsPayable" priority="0" order="1.0"/>
    <loc xlink:type="locator" xlink:href="../in-gaap-2012-03-31.xsd#in-gaap_MinimumFinanceLeasePaymentsPayableAtPresentValue" xlink:label="MinimumFinanceLeasePaymentsPayableAtPresentValue"/>
    <presentationArc xlink:type="arc" xlink:arcrole="http://www.xbrl.org/2003/arcrole/parent-child" xlink:from="DisclosureOfFinanceLeaseByLesseeLineItems" xlink:to="MinimumFinanceLeasePaymentsPayableAtPresentValue" priority="0" order="2.0"/>
    <loc xlink:type="locator" xlink:href="../in-gaap-2012-03-31.xsd#in-gaap_FutureFinanceChargeOnFinanceLease" xlink:label="FutureFinanceChargeOnFinanceLease"/>
    <presentationArc xlink:type="arc" xlink:arcrole="http://www.xbrl.org/2003/arcrole/parent-child" xlink:from="DisclosureOfFinanceLeaseByLesseeLineItems" xlink:to="FutureFinanceChargeOnFinanceLease" priority="0" order="3.0"/>
    <loc xlink:type="locator" xlink:href="../in-gaap-2012-03-31.xsd#in-gaap_ContingentRentsRecognisedAsExpenseClassifiedAsFinanceLease" xlink:label="ContingentRentsRecognisedAsExpenseClassifiedAsFinanceLease"/>
    <presentationArc xlink:type="arc" xlink:arcrole="http://www.xbrl.org/2003/arcrole/parent-child" xlink:from="DisclosureOfFinanceLeaseByLesseeAbstract" xlink:to="ContingentRentsRecognisedAsExpenseClassifiedAsFinanceLease" priority="0" order="2.0"/>
    <loc xlink:type="locator" xlink:href="../in-gaap-2012-03-31.xsd#in-gaap_ExpectedFutureMinimumSubleasePaymentsReceivableUnderNonCancellableSubleasesClassifiedAsFinanceLease" xlink:label="ExpectedFutureMinimumSubleasePaymentsReceivableUnderNonCancellableSubleasesClassifiedAsFinanceLease"/>
    <presentationArc xlink:type="arc" xlink:arcrole="http://www.xbrl.org/2003/arcrole/parent-child" xlink:from="DisclosureOfFinanceLeaseByLesseeAbstract" xlink:to="ExpectedFutureMinimumSubleasePaymentsReceivableUnderNonCancellableSubleasesClassifiedAsFinanceLease" priority="0" order="3.0"/>
    <loc xlink:type="locator" xlink:href="../in-gaap-2012-03-31.xsd#in-gaap_DescriptionOfSignificantLeasingArrangementsByLesseeClassifiedAsFinanceLeaseAbstract" xlink:label="DescriptionOfSignificantLeasingArrangementsByLesseeClassifiedAsFinanceLeaseAbstract"/>
    <presentationArc xlink:type="arc" xlink:arcrole="http://www.xbrl.org/2003/arcrole/parent-child" xlink:from="DisclosureOfFinanceLeaseByLesseeAbstract" xlink:to="DescriptionOfSignificantLeasingArrangementsByLesseeClassifiedAsFinanceLeaseAbstract" priority="0" order="4.0"/>
    <loc xlink:type="locator" xlink:href="../in-gaap-2012-03-31.xsd#in-gaap_DescriptionOfBasisOnWhichContingentRentPaymentsAreDeterminedForFinanceLease" xlink:label="DescriptionOfBasisOnWhichContingentRentPaymentsAreDeterminedForFinanceLease"/>
    <presentationArc xlink:type="arc" xlink:arcrole="http://www.xbrl.org/2003/arcrole/parent-child" xlink:from="DescriptionOfSignificantLeasingArrangementsByLesseeClassifiedAsFinanceLeaseAbstract" xlink:to="DescriptionOfBasisOnWhichContingentRentPaymentsAreDeterminedForFinanceLease" priority="0" order="1.0"/>
    <loc xlink:type="locator" xlink:href="../in-gaap-2012-03-31.xsd#in-gaap_DescriptionOfExistenceAndTermsOfRenewalOrPurchaseOptionsAndEscalationClausesForFinanceLease" xlink:label="DescriptionOfExistenceAndTermsOfRenewalOrPurchaseOptionsAndEscalationClausesForFinanceLease"/>
    <presentationArc xlink:type="arc" xlink:arcrole="http://www.xbrl.org/2003/arcrole/parent-child" xlink:from="DescriptionOfSignificantLeasingArrangementsByLesseeClassifiedAsFinanceLeaseAbstract" xlink:to="DescriptionOfExistenceAndTermsOfRenewalOrPurchaseOptionsAndEscalationClausesForFinanceLease" priority="0" order="2.0"/>
    <loc xlink:type="locator" xlink:href="../in-gaap-2012-03-31.xsd#in-gaap_DescriptionOfRestrictionsImposedByLeaseArrangementsForFinanceLease" xlink:label="DescriptionOfRestrictionsImposedByLeaseArrangementsForFinanceLease"/>
    <presentationArc xlink:type="arc" xlink:arcrole="http://www.xbrl.org/2003/arcrole/parent-child" xlink:from="DescriptionOfSignificantLeasingArrangementsByLesseeClassifiedAsFinanceLeaseAbstract" xlink:to="DescriptionOfRestrictionsImposedByLeaseArrangementsForFinanceLease" priority="0" order="3.0"/>
    <loc xlink:type="locator" xlink:href="../in-gaap-2012-03-31.xsd#in-gaap_DisclosureOfOperatingLeaseByLesseeAbstract" xlink:label="DisclosureOfOperatingLeaseByLesseeAbstract"/>
    <presentationArc xlink:type="arc" xlink:arcrole="http://www.xbrl.org/2003/arcrole/parent-child" xlink:from="DisclosureOfFinanceLeaseAndOperatingLeaseByLesseeAbstract" xlink:to="DisclosureOfOperatingLeaseByLesseeAbstract" priority="0" order="2.0"/>
    <loc xlink:type="locator" xlink:href="../in-gaap-2012-03-31.xsd#in-gaap_DisclosureOfMinimumOperatingLeasePaymentsByLesseeAbstract" xlink:label="DisclosureOfMinimumOperatingLeasePaymentsByLesseeAbstract"/>
    <presentationArc xlink:type="arc" xlink:arcrole="http://www.xbrl.org/2003/arcrole/parent-child" xlink:from="DisclosureOfOperatingLeaseByLesseeAbstract" xlink:to="DisclosureOfMinimumOperatingLeasePaymentsByLesseeAbstract" priority="0" order="1.0"/>
    <loc xlink:type="locator" xlink:href="../in-gaap-2012-03-31.xsd#in-gaap_DisclosureOfMinimumOperatingLeasePaymentsByLesseeTable" xlink:label="DisclosureOfMinimumOperatingLeasePaymentsByLesseeTable"/>
    <presentationArc xlink:type="arc" xlink:arcrole="http://www.xbrl.org/2003/arcrole/parent-child" xlink:from="DisclosureOfMinimumOperatingLeasePaymentsByLesseeAbstract" xlink:to="DisclosureOfMinimumOperatingLeasePaymentsByLesseeTable" priority="0" order="1.0"/>
    <loc xlink:type="locator" xlink:href="../in-gaap-2012-03-31.xsd#in-gaap_MaturityAxis" xlink:label="MaturityAxis_2"/>
    <presentationArc xlink:type="arc" xlink:arcrole="http://www.xbrl.org/2003/arcrole/parent-child" xlink:from="DisclosureOfMinimumOperatingLeasePaymentsByLesseeTable" xlink:to="MaturityAxis_2" priority="0" order="1.0"/>
    <loc xlink:type="locator" xlink:href="../in-gaap-2012-03-31.xsd#in-gaap_DisclosureOfOperatingLeaseByLesseeLineItems" xlink:label="DisclosureOfOperatingLeaseByLesseeLineItems"/>
    <presentationArc xlink:type="arc" xlink:arcrole="http://www.xbrl.org/2003/arcrole/parent-child" xlink:from="DisclosureOfMinimumOperatingLeasePaymentsByLesseeAbstract" xlink:to="DisclosureOfOperatingLeaseByLesseeLineItems" priority="0" order="2.0"/>
    <loc xlink:type="locator" xlink:href="../in-gaap-2012-03-31.xsd#in-gaap_MinimumOperatingLeasePaymentsPayable" xlink:label="MinimumOperatingLeasePaymentsPayable"/>
    <presentationArc xlink:type="arc" xlink:arcrole="http://www.xbrl.org/2003/arcrole/parent-child" xlink:from="DisclosureOfOperatingLeaseByLesseeLineItems" xlink:to="MinimumOperatingLeasePaymentsPayable" priority="0" order="1.0"/>
    <loc xlink:type="locator" xlink:href="../in-gaap-2012-03-31.xsd#in-gaap_ExpectedFutureMinimumSubleasePaymentsReceivableUnderNonCancellableSubleasesClassifiedAsOperatingLease" xlink:label="ExpectedFutureMinimumSubleasePaymentsReceivableUnderNonCancellableSubleasesClassifiedAsOperatingLease"/>
    <presentationArc xlink:type="arc" xlink:arcrole="http://www.xbrl.org/2003/arcrole/parent-child" xlink:from="DisclosureOfOperatingLeaseByLesseeAbstract" xlink:to="ExpectedFutureMinimumSubleasePaymentsReceivableUnderNonCancellableSubleasesClassifiedAsOperatingLease" priority="0" order="2.0"/>
    <loc xlink:type="locator" xlink:href="../in-gaap-2012-03-31.xsd#in-gaap_LeasePaymentsRecognisedAsExpenseAbstract" xlink:label="LeasePaymentsRecognisedAsExpenseAbstract"/>
    <presentationArc xlink:type="arc" xlink:arcrole="http://www.xbrl.org/2003/arcrole/parent-child" xlink:from="DisclosureOfOperatingLeaseByLesseeAbstract" xlink:to="LeasePaymentsRecognisedAsExpenseAbstract" priority="0" order="3.0"/>
    <loc xlink:type="locator" xlink:href="../in-gaap-2012-03-31.xsd#in-gaap_MinimumLeasePaymentsRecognisedAsExpenseClassifiedAsOperatingLease" xlink:label="MinimumLeasePaymentsRecognisedAsExpenseClassifiedAsOperatingLease"/>
    <presentationArc xlink:type="arc" xlink:arcrole="http://www.xbrl.org/2003/arcrole/parent-child" xlink:from="LeasePaymentsRecognisedAsExpenseAbstract" xlink:to="MinimumLeasePaymentsRecognisedAsExpenseClassifiedAsOperatingLease" priority="0" order="1.0"/>
    <loc xlink:type="locator" xlink:href="../in-gaap-2012-03-31.xsd#in-gaap_ContingentRentsRecognisedAsExpenseClassifiedAsOperatingLease" xlink:label="ContingentRentsRecognisedAsExpenseClassifiedAsOperatingLease"/>
    <presentationArc xlink:type="arc" xlink:arcrole="http://www.xbrl.org/2003/arcrole/parent-child" xlink:from="LeasePaymentsRecognisedAsExpenseAbstract" xlink:to="ContingentRentsRecognisedAsExpenseClassifiedAsOperatingLease" priority="0" order="2.0"/>
    <loc xlink:type="locator" xlink:href="../in-gaap-2012-03-31.xsd#in-gaap_LeasePaymentsRecognisedAsExpense" xlink:label="LeasePaymentsRecognisedAsExpense"/>
    <presentationArc xlink:type="arc" xlink:arcrole="http://www.xbrl.org/2003/arcrole/parent-child" xlink:from="LeasePaymentsRecognisedAsExpenseAbstract" xlink:to="LeasePaymentsRecognisedAsExpense" priority="0" order="3.0" preferredLabel="http://www.xbrl.org/2003/role/totalLabel"/>
    <loc xlink:type="locator" xlink:href="../in-gaap-2012-03-31.xsd#in-gaap_SubleasePaymentsReceivedOrReceivableRecognisedInStatementOfProfitOrLossClassifiedAsOperatingLease" xlink:label="SubleasePaymentsReceivedOrReceivableRecognisedInStatementOfProfitOrLossClassifiedAsOperatingLease"/>
    <presentationArc xlink:type="arc" xlink:arcrole="http://www.xbrl.org/2003/arcrole/parent-child" xlink:from="DisclosureOfOperatingLeaseByLesseeAbstract" xlink:to="SubleasePaymentsReceivedOrReceivableRecognisedInStatementOfProfitOrLossClassifiedAsOperatingLease" priority="0" order="4.0"/>
    <loc xlink:type="locator" xlink:href="../in-gaap-2012-03-31.xsd#in-gaap_DescriptionOfSignificantLeasingArrangementsByLesseeClassifiedAsOperatingLeaseAbstract" xlink:label="DescriptionOfSignificantLeasingArrangementsByLesseeClassifiedAsOperatingLeaseAbstract"/>
    <presentationArc xlink:type="arc" xlink:arcrole="http://www.xbrl.org/2003/arcrole/parent-child" xlink:from="DisclosureOfOperatingLeaseByLesseeAbstract" xlink:to="DescriptionOfSignificantLeasingArrangementsByLesseeClassifiedAsOperatingLeaseAbstract" priority="0" order="5.0"/>
    <loc xlink:type="locator" xlink:href="../in-gaap-2012-03-31.xsd#in-gaap_DescriptionOfBasisOnWhichContingentRentPaymentsAreDeterminedForOperatingLease" xlink:label="DescriptionOfBasisOnWhichContingentRentPaymentsAreDeterminedForOperatingLease"/>
    <presentationArc xlink:type="arc" xlink:arcrole="http://www.xbrl.org/2003/arcrole/parent-child" xlink:from="DescriptionOfSignificantLeasingArrangementsByLesseeClassifiedAsOperatingLeaseAbstract" xlink:to="DescriptionOfBasisOnWhichContingentRentPaymentsAreDeterminedForOperatingLease" priority="0" order="1.0"/>
    <loc xlink:type="locator" xlink:href="../in-gaap-2012-03-31.xsd#in-gaap_DescriptionOfExistenceAndTermsOfRenewalOrPurchaseOptionsAndEscalationClausesForOperatingLease" xlink:label="DescriptionOfExistenceAndTermsOfRenewalOrPurchaseOptionsAndEscalationClausesForOperatingLease"/>
    <presentationArc xlink:type="arc" xlink:arcrole="http://www.xbrl.org/2003/arcrole/parent-child" xlink:from="DescriptionOfSignificantLeasingArrangementsByLesseeClassifiedAsOperatingLeaseAbstract" xlink:to="DescriptionOfExistenceAndTermsOfRenewalOrPurchaseOptionsAndEscalationClausesForOperatingLease" priority="0" order="2.0"/>
    <loc xlink:type="locator" xlink:href="../in-gaap-2012-03-31.xsd#in-gaap_DescriptionOfRestrictionsImposedByLeaseArrangementsForOperatingLease" xlink:label="DescriptionOfRestrictionsImposedByLeaseArrangementsForOperatingLease"/>
    <presentationArc xlink:type="arc" xlink:arcrole="http://www.xbrl.org/2003/arcrole/parent-child" xlink:from="DescriptionOfSignificantLeasingArrangementsByLesseeClassifiedAsOperatingLeaseAbstract" xlink:to="DescriptionOfRestrictionsImposedByLeaseArrangementsForOperatingLease" priority="0" order="3.0"/>
    <loc xlink:type="locator" xlink:href="../in-gaap-2012-03-31.xsd#in-gaap_DisclosureOfFinanceLeaseAndOperatingLeaseByLessorAbstract" xlink:label="DisclosureOfFinanceLeaseAndOperatingLeaseByLessorAbstract"/>
    <presentationArc xlink:type="arc" xlink:arcrole="http://www.xbrl.org/2003/arcrole/parent-child" xlink:from="DisclosureOfLeasesExplanatoryTextBlock" xlink:to="DisclosureOfFinanceLeaseAndOperatingLeaseByLessorAbstract" priority="0" order="2.0"/>
    <loc xlink:type="locator" xlink:href="../in-gaap-2012-03-31.xsd#in-gaap_DisclosureOfFinanceLeaseByLessorAbstract" xlink:label="DisclosureOfFinanceLeaseByLessorAbstract"/>
    <presentationArc xlink:type="arc" xlink:arcrole="http://www.xbrl.org/2003/arcrole/parent-child" xlink:from="DisclosureOfFinanceLeaseAndOperatingLeaseByLessorAbstract" xlink:to="DisclosureOfFinanceLeaseByLessorAbstract" priority="0" order="1.0"/>
    <loc xlink:type="locator" xlink:href="../in-gaap-2012-03-31.xsd#in-gaap_DisclosureOfGrossInvestmentInLeaseAndPresentValueOfMinimumLeasePaymentsReceivableInFinanceLeaseByLessorAbstract" xlink:label="DisclosureOfGrossInvestmentInLeaseAndPresentValueOfMinimumLeasePaymentsReceivableInFinanceLeaseByLessorAbstract"/>
    <presentationArc xlink:type="arc" xlink:arcrole="http://www.xbrl.org/2003/arcrole/parent-child" xlink:from="DisclosureOfFinanceLeaseByLessorAbstract" xlink:to="DisclosureOfGrossInvestmentInLeaseAndPresentValueOfMinimumLeasePaymentsReceivableInFinanceLeaseByLessorAbstract" priority="0" order="1.0"/>
    <loc xlink:type="locator" xlink:href="../in-gaap-2012-03-31.xsd#in-gaap_DisclosureOfGrossInvestmentInLeaseAndPresentValueOfMinimumLeasePaymentsReceivableInFinanceLeaseByLessorTable" xlink:label="DisclosureOfGrossInvestmentInLeaseAndPresentValueOfMinimumLeasePaymentsReceivableInFinanceLeaseByLessorTable"/>
    <presentationArc xlink:type="arc" xlink:arcrole="http://www.xbrl.org/2003/arcrole/parent-child" xlink:from="DisclosureOfGrossInvestmentInLeaseAndPresentValueOfMinimumLeasePaymentsReceivableInFinanceLeaseByLessorAbstract" xlink:to="DisclosureOfGrossInvestmentInLeaseAndPresentValueOfMinimumLeasePaymentsReceivableInFinanceLeaseByLessorTable" priority="0" order="1.0"/>
    <loc xlink:type="locator" xlink:href="../in-gaap-2012-03-31.xsd#in-gaap_MaturityAxis" xlink:label="MaturityAxis_3"/>
    <presentationArc xlink:type="arc" xlink:arcrole="http://www.xbrl.org/2003/arcrole/parent-child" xlink:from="DisclosureOfGrossInvestmentInLeaseAndPresentValueOfMinimumLeasePaymentsReceivableInFinanceLeaseByLessorTable" xlink:to="MaturityAxis_3" priority="0" order="1.0"/>
    <loc xlink:type="locator" xlink:href="../in-gaap-2012-03-31.xsd#in-gaap_DisclosureOfFinanceLeaseByLessorTableLineItems" xlink:label="DisclosureOfFinanceLeaseByLessorTableLineItems"/>
    <presentationArc xlink:type="arc" xlink:arcrole="http://www.xbrl.org/2003/arcrole/parent-child" xlink:from="DisclosureOfGrossInvestmentInLeaseAndPresentValueOfMinimumLeasePaymentsReceivableInFinanceLeaseByLessorAbstract" xlink:to="DisclosureOfFinanceLeaseByLessorTableLineItems" priority="0" order="2.0"/>
    <loc xlink:type="locator" xlink:href="../in-gaap-2012-03-31.xsd#in-gaap_GrossInvestmentInFinanceLease" xlink:label="GrossInvestmentInFinanceLease"/>
    <presentationArc xlink:type="arc" xlink:arcrole="http://www.xbrl.org/2003/arcrole/parent-child" xlink:from="DisclosureOfFinanceLeaseByLessorTableLineItems" xlink:to="GrossInvestmentInFinanceLease" priority="0" order="1.0"/>
    <loc xlink:type="locator" xlink:href="../in-gaap-2012-03-31.xsd#in-gaap_UnearnedFinanceIncomeOnFinanceLease" xlink:label="UnearnedFinanceIncomeOnFinanceLease"/>
    <presentationArc xlink:type="arc" xlink:arcrole="http://www.xbrl.org/2003/arcrole/parent-child" xlink:from="DisclosureOfFinanceLeaseByLessorTableLineItems" xlink:to="UnearnedFinanceIncomeOnFinanceLease" priority="0" order="2.0" preferredLabel="http://www.xbrl.org/2009/role/negatedLabel"/>
    <loc xlink:type="locator" xlink:href="../in-gaap-2012-03-31.xsd#in-gaap_MinimumFinanceLeasePaymentsReceivableAtPresentValue" xlink:label="MinimumFinanceLeasePaymentsReceivableAtPresentValue"/>
    <presentationArc xlink:type="arc" xlink:arcrole="http://www.xbrl.org/2003/arcrole/parent-child" xlink:from="DisclosureOfFinanceLeaseByLessorTableLineItems" xlink:to="MinimumFinanceLeasePaymentsReceivableAtPresentValue" priority="0" order="3.0"/>
    <loc xlink:type="locator" xlink:href="../in-gaap-2012-03-31.xsd#in-gaap_UnguaranteedResidualValuesAccruingToBenefitOfLessor" xlink:label="UnguaranteedResidualValuesAccruingToBenefitOfLessor"/>
    <presentationArc xlink:type="arc" xlink:arcrole="http://www.xbrl.org/2003/arcrole/parent-child" xlink:from="DisclosureOfFinanceLeaseByLessorAbstract" xlink:to="UnguaranteedResidualValuesAccruingToBenefitOfLessor" priority="0" order="2.0"/>
    <loc xlink:type="locator" xlink:href="../in-gaap-2012-03-31.xsd#in-gaap_AccumulatedProvisionForUncollectibleMinimumLeasePaymentsReceivable" xlink:label="AccumulatedProvisionForUncollectibleMinimumLeasePaymentsReceivable"/>
    <presentationArc xlink:type="arc" xlink:arcrole="http://www.xbrl.org/2003/arcrole/parent-child" xlink:from="DisclosureOfFinanceLeaseByLessorAbstract" xlink:to="AccumulatedProvisionForUncollectibleMinimumLeasePaymentsReceivable" priority="0" order="3.0"/>
    <loc xlink:type="locator" xlink:href="../in-gaap-2012-03-31.xsd#in-gaap_ContingentRentsRecognisedAsIncomeClassifiedAsFinanceLease" xlink:label="ContingentRentsRecognisedAsIncomeClassifiedAsFinanceLease"/>
    <presentationArc xlink:type="arc" xlink:arcrole="http://www.xbrl.org/2003/arcrole/parent-child" xlink:from="DisclosureOfFinanceLeaseByLessorAbstract" xlink:to="ContingentRentsRecognisedAsIncomeClassifiedAsFinanceLease" priority="0" order="4.0"/>
    <loc xlink:type="locator" xlink:href="../in-gaap-2012-03-31.xsd#in-gaap_DescriptionOfSignificantLeasingArrangementsByLessorClassifiedAsFinanceLease" xlink:label="DescriptionOfSignificantLeasingArrangementsByLessorClassifiedAsFinanceLease"/>
    <presentationArc xlink:type="arc" xlink:arcrole="http://www.xbrl.org/2003/arcrole/parent-child" xlink:from="DisclosureOfFinanceLeaseByLessorAbstract" xlink:to="DescriptionOfSignificantLeasingArrangementsByLessorClassifiedAsFinanceLease" priority="0" order="5.0"/>
    <loc xlink:type="locator" xlink:href="../in-gaap-2012-03-31.xsd#in-gaap_DescriptionOfAccountingPolicyAdoptedInRespectOfInitialDirectCostByLessorClassifiedAsFinanceLease" xlink:label="DescriptionOfAccountingPolicyAdoptedInRespectOfInitialDirectCostByLessorClassifiedAsFinanceLease"/>
    <presentationArc xlink:type="arc" xlink:arcrole="http://www.xbrl.org/2003/arcrole/parent-child" xlink:from="DisclosureOfFinanceLeaseByLessorAbstract" xlink:to="DescriptionOfAccountingPolicyAdoptedInRespectOfInitialDirectCostByLessorClassifiedAsFinanceLease" priority="0" order="6.0"/>
    <loc xlink:type="locator" xlink:href="../in-gaap-2012-03-31.xsd#in-gaap_DisclosureOfOperatingLeaseByLessorAbstract" xlink:label="DisclosureOfOperatingLeaseByLessorAbstract"/>
    <presentationArc xlink:type="arc" xlink:arcrole="http://www.xbrl.org/2003/arcrole/parent-child" xlink:from="DisclosureOfFinanceLeaseAndOperatingLeaseByLessorAbstract" xlink:to="DisclosureOfOperatingLeaseByLessorAbstract" priority="0" order="2.0"/>
    <loc xlink:type="locator" xlink:href="../in-gaap-2012-03-31.xsd#in-gaap_DisclosureOfFutureMinimumLeasePaymentsReceivableUnderNonCancellableOperatingLeasesByLessorAbstract" xlink:label="DisclosureOfFutureMinimumLeasePaymentsReceivableUnderNonCancellableOperatingLeasesByLessorAbstract"/>
    <presentationArc xlink:type="arc" xlink:arcrole="http://www.xbrl.org/2003/arcrole/parent-child" xlink:from="DisclosureOfOperatingLeaseByLessorAbstract" xlink:to="DisclosureOfFutureMinimumLeasePaymentsReceivableUnderNonCancellableOperatingLeasesByLessorAbstract" priority="0" order="1.0"/>
    <loc xlink:type="locator" xlink:href="../in-gaap-2012-03-31.xsd#in-gaap_DisclosureOfFutureMinimumLeasePaymentsReceivableUnderNonCancellableOperatingLeasesByLessorTable" xlink:label="DisclosureOfFutureMinimumLeasePaymentsReceivableUnderNonCancellableOperatingLeasesByLessorTable"/>
    <presentationArc xlink:type="arc" xlink:arcrole="http://www.xbrl.org/2003/arcrole/parent-child" xlink:from="DisclosureOfFutureMinimumLeasePaymentsReceivableUnderNonCancellableOperatingLeasesByLessorAbstract" xlink:to="DisclosureOfFutureMinimumLeasePaymentsReceivableUnderNonCancellableOperatingLeasesByLessorTable" priority="0" order="1.0"/>
    <loc xlink:type="locator" xlink:href="../in-gaap-2012-03-31.xsd#in-gaap_MaturityAxis" xlink:label="MaturityAxis_4"/>
    <presentationArc xlink:type="arc" xlink:arcrole="http://www.xbrl.org/2003/arcrole/parent-child" xlink:from="DisclosureOfFutureMinimumLeasePaymentsReceivableUnderNonCancellableOperatingLeasesByLessorTable" xlink:to="MaturityAxis_4" priority="0" order="1.0"/>
    <loc xlink:type="locator" xlink:href="../in-gaap-2012-03-31.xsd#in-gaap_DisclosureOfFutureMinimumLeasePaymentsReceivableUnderNonCancellableOperatingLeasesByLessorLineItems" xlink:label="DisclosureOfFutureMinimumLeasePaymentsReceivableUnderNonCancellableOperatingLeasesByLessorLineItems"/>
    <presentationArc xlink:type="arc" xlink:arcrole="http://www.xbrl.org/2003/arcrole/parent-child" xlink:from="DisclosureOfFutureMinimumLeasePaymentsReceivableUnderNonCancellableOperatingLeasesByLessorAbstract" xlink:to="DisclosureOfFutureMinimumLeasePaymentsReceivableUnderNonCancellableOperatingLeasesByLessorLineItems" priority="0" order="2.0"/>
    <loc xlink:type="locator" xlink:href="../in-gaap-2012-03-31.xsd#in-gaap_MinimumOperatingLeasePaymentsReceivable" xlink:label="MinimumOperatingLeasePaymentsReceivable"/>
    <presentationArc xlink:type="arc" xlink:arcrole="http://www.xbrl.org/2003/arcrole/parent-child" xlink:from="DisclosureOfFutureMinimumLeasePaymentsReceivableUnderNonCancellableOperatingLeasesByLessorLineItems" xlink:to="MinimumOperatingLeasePaymentsReceivable" priority="0" order="1.0"/>
    <loc xlink:type="locator" xlink:href="../in-gaap-2012-03-31.xsd#in-gaap_ContingentRentsRecognisedAsIncomeClassifiedAsOperatingLease" xlink:label="ContingentRentsRecognisedAsIncomeClassifiedAsOperatingLease"/>
    <presentationArc xlink:type="arc" xlink:arcrole="http://www.xbrl.org/2003/arcrole/parent-child" xlink:from="DisclosureOfOperatingLeaseByLessorAbstract" xlink:to="ContingentRentsRecognisedAsIncomeClassifiedAsOperatingLease" priority="0" order="2.0"/>
    <loc xlink:type="locator" xlink:href="../in-gaap-2012-03-31.xsd#in-gaap_DescriptionOfSignificantLeasingArrangementsByLessorClassifiedAsOperatingLease" xlink:label="DescriptionOfSignificantLeasingArrangementsByLessorClassifiedAsOperatingLease"/>
    <presentationArc xlink:type="arc" xlink:arcrole="http://www.xbrl.org/2003/arcrole/parent-child" xlink:from="DisclosureOfOperatingLeaseByLessorAbstract" xlink:to="DescriptionOfSignificantLeasingArrangementsByLessorClassifiedAsOperatingLease" priority="0" order="3.0"/>
    <loc xlink:type="locator" xlink:href="../in-gaap-2012-03-31.xsd#in-gaap_DescriptionOfAccountingPolicyAdoptedInRespectOfInitialDirectCostByLessorClassifiedAsOperatingLease" xlink:label="DescriptionOfAccountingPolicyAdoptedInRespectOfInitialDirectCostByLessorClassifiedAsOperatingLease"/>
    <presentationArc xlink:type="arc" xlink:arcrole="http://www.xbrl.org/2003/arcrole/parent-child" xlink:from="DisclosureOfOperatingLeaseByLessorAbstract" xlink:to="DescriptionOfAccountingPolicyAdoptedInRespectOfInitialDirectCostByLessorClassifiedAsOperatingLease" priority="0" order="4.0"/>
    <loc xlink:type="locator" xlink:href="../../IN-CA/in-ca-2012-03-31.xsd#in-ca_DisclosureOfNameOfLessorLesseeAbstract" xlink:label="DisclosureOfNameOfLessorLesseeAbstract"/>
    <presentationArc xlink:type="arc" xlink:arcrole="http://www.xbrl.org/2003/arcrole/parent-child" xlink:from="DisclosureOfLeasesExplanatoryTextBlock" xlink:to="DisclosureOfNameOfLessorLesseeAbstract" priority="0" order="3.0"/>
    <loc xlink:type="locator" xlink:href="../../IN-CA/in-ca-2012-03-31.xsd#in-ca_DisclosureOfNameOfLessorInCaseOfFinancialLeaseExplanatoryTextBlock" xlink:label="DisclosureOfNameOfLessorInCaseOfFinancialLeaseExplanatoryTextBlock"/>
    <presentationArc xlink:type="arc" xlink:arcrole="http://www.xbrl.org/2003/arcrole/parent-child" xlink:from="DisclosureOfNameOfLessorLesseeAbstract" xlink:to="DisclosureOfNameOfLessorInCaseOfFinancialLeaseExplanatoryTextBlock" priority="0" order="1.0"/>
    <loc xlink:type="locator" xlink:href="../../IN-CA/in-ca-2012-03-31.xsd#in-ca_DisclosureOfNameOfLesseeInCaseOfOperatingLeaseExplanatoryTextBlock" xlink:label="DisclosureOfNameOfLesseeInCaseOfOperatingLeaseExplanatoryTextBlock"/>
    <presentationArc xlink:type="arc" xlink:arcrole="http://www.xbrl.org/2003/arcrole/parent-child" xlink:from="DisclosureOfNameOfLessorLesseeAbstract" xlink:to="DisclosureOfNameOfLesseeInCaseOfOperatingLeaseExplanatoryTextBlock" priority="0" order="2.0"/>
  </presentationLink>
</linkbase>
